{"filename": "03f46a37-f159-4b35-b7d5-cb31ae50b50c", "time": "2022-10-27T17:34:44Z", "device_manufacturer": "samsung", "device_model": "SM-T870", "device_callsign": "Galaxy Tab S7 - Wagner", "mac_address": "02:00:00:00:00:00", "extension": "wav", "data_type": "audio", "sample_rate": 44100, "events": [{"classifications": ["likely_laughing"], "confidences": [0.6847449541091919], "location": {"start": 0, "end": 15}, "labels": ["laughing"]}, {"classifications": ["laughing"], "confidences": [0.938406765460968], "location": {"start": 0, "end": 8}, "labels": ["laughing"]}], "labels": ["likely_laughing", "laughing"], "confidences": [0.6847449541091919, 0.938406765460968], "s3_bucket": "pi-zero-audio-data", "audio": "https://pi-zero-audio-data.s3.us-east-2.amazonaws.com/Galaxy_Tab_S7_-_Wagner/2022-12-01/laughing/03f46a37-f159-4b35-b7d5-cb31ae50b50c.wav", "object_key": "Galaxy_Tab_S7_-_Wagner/2022-12-01/laughing/03f46a37-f159-4b35-b7d5-cb31ae50b50c.wav", "json_key": "Galaxy_Tab_S7_-_Wagner/2022-12-01/laughing/03f46a37-f159-4b35-b7d5-cb31ae50b50c.json", "autolabels": {"YAMNet_aggregate": [{"location": {"start": 0.0, "end": 2.0}, "classifications": ["Speech", "Laughter", "Snort", "Chuckle, chortle"], "labels": ["Speech", "Laughter", "Snort", "Chuckle, chortle"], "confidences": [0.4278830885887146, 0.11311578005552292, 0.07369206845760345, 0.05168922618031502], "model": "TF-YAMNet-V1", "inf_time": 0.062104}], "YAMNet": [{"location": {"start": 0.0, "end": 0.96}, "classifications": ["Speech", "Breathing", "Laughter"], "labels": ["Speech", "Breathing", "Laughter"], "confidences": [0.47449833154678345, 0.07688093930482864, 0.05003680661320686], "model": "TF-YAMNet-V1", "inf_time": 0.015526}, {"location": {"start": 0.48, "end": 1.44}, "classifications": ["Speech", "Laughter", "Chuckle, chortle"], "labels": ["Speech", "Laughter", "Chuckle, chortle"], "confidences": [0.5527698397636414, 0.3846668004989624, 0.15587280690670013], "model": "TF-YAMNet-V1", "inf_time": 0.015526}, {"location": {"start": 0.96, "end": 1.92}, "classifications": ["Speech", "Inside, small room"], "labels": ["Speech", "Inside, small room"], "confidences": [0.6595404148101807, 0.05446081981062889], "model": "TF-YAMNet-V1", "inf_time": 0.015526}, {"location": {"start": 1.44, "end": 2.4}, "classifications": ["Snort", "Gasp", "Breathing"], "labels": ["Snort", "Gasp", "Breathing"], "confidences": [0.2599731385707855, 0.1497592031955719, 0.08331730961799622], "model": "TF-YAMNet-V1", "inf_time": 0.015526}]}}