{"filename": "d9f1d351-733f-4c3f-93ff-4158b5914aa2", "time": "2022-10-20T18:24:54Z", "device_manufacturer": "samsung", "device_model": "SM-T870", "device_callsign": "Galaxy Tab S7 - Wagner", "mac_address": "02:00:00:00:00:00", "extension": "wav", "data_type": "audio", "sample_rate": 44100, "events": [{"classifications": ["laughing"], "confidences": [0.9286587834358215], "location": {"start": 0, "end": 16}, "labels": ["laughing"]}], "labels": ["laughing"], "confidences": [0.9286587834358215], "s3_bucket": "pi-zero-audio-data", "audio": "https://pi-zero-audio-data.s3.us-east-2.amazonaws.com/Galaxy_Tab_S7_-_Wagner/2022-12-01/laughing/d9f1d351-733f-4c3f-93ff-4158b5914aa2.wav", "object_key": "Galaxy_Tab_S7_-_Wagner/2022-12-01/laughing/d9f1d351-733f-4c3f-93ff-4158b5914aa2.wav", "json_key": "Galaxy_Tab_S7_-_Wagner/2022-12-01/laughing/d9f1d351-733f-4c3f-93ff-4158b5914aa2.json", "autolabels": {"YAMNet_aggregate": [{"location": {"start": 0.0, "end": 0.0}, "classifications": ["Silence"], "labels": ["Silence"], "confidences": [1.0], "model": "TF-YAMNet-V1", "inf_time": 0.041417}], "YAMNet": [{"location": {"start": 0.0, "end": 0.96}, "classifications": ["Silence"], "labels": ["Silence"], "confidences": [1.0], "model": "TF-YAMNet-V1", "inf_time": 0.041417}]}}