{"filename": "053fcc5e-fc5f-44cc-90e7-69018126d9de", "time": "2022-10-27T16:41:43Z", "device_manufacturer": "samsung", "device_model": "SM-T870", "device_callsign": "Galaxy Tab S7 - Wagner", "mac_address": "02:00:00:00:00:00", "extension": "wav", "data_type": "audio", "sample_rate": 44100, "events": [{"classifications": ["likely_cough"], "confidences": [0.7553844451904297], "location": {"start": 0, "end": 8}, "labels": ["cough"]}], "labels": ["likely_cough"], "confidences": [0.7553844451904297], "s3_bucket": "pi-zero-audio-data", "audio": "https://pi-zero-audio-data.s3.us-east-2.amazonaws.com/Galaxy_Tab_S7_-_Wagner/2022-12-01/likely_cough/053fcc5e-fc5f-44cc-90e7-69018126d9de.wav", "object_key": "Galaxy_Tab_S7_-_Wagner/2022-12-01/likely_cough/053fcc5e-fc5f-44cc-90e7-69018126d9de.wav", "json_key": "Galaxy_Tab_S7_-_Wagner/2022-12-01/likely_cough/053fcc5e-fc5f-44cc-90e7-69018126d9de.json", "autolabels": {"YAMNet_aggregate": [{"location": {"start": 0.0, "end": 0.0}, "classifications": ["Silence"], "labels": ["Silence"], "confidences": [1.0], "model": "TF-YAMNet-V1", "inf_time": 0.056638}], "YAMNet": [{"location": {"start": 0.0, "end": 0.96}, "classifications": ["Silence"], "labels": ["Silence"], "confidences": [1.0], "model": "TF-YAMNet-V1", "inf_time": 0.056638}]}}