{"filename": "5e22f14c-bd08-4aae-84d4-22ce98b88f44", "time": "2022-10-27T21:58:10Z", "device_manufacturer": "samsung", "device_model": "SM-T870", "device_callsign": "Galaxy Tab S7 - Wagner", "mac_address": "02:00:00:00:00:00", "extension": "wav", "data_type": "audio", "sample_rate": 44100, "events": [{"classifications": ["likely_cough"], "confidences": [0.7316899299621582], "location": {"start": 0, "end": 9}, "labels": ["cough"]}], "labels": ["likely_cough"], "confidences": [0.7316899299621582], "s3_bucket": "pi-zero-audio-data", "audio": "https://pi-zero-audio-data.s3.us-east-2.amazonaws.com/Galaxy_Tab_S7_-_Wagner/2022-12-01/likely_cough/5e22f14c-bd08-4aae-84d4-22ce98b88f44.wav", "object_key": "Galaxy_Tab_S7_-_Wagner/2022-12-01/likely_cough/5e22f14c-bd08-4aae-84d4-22ce98b88f44.wav", "json_key": "Galaxy_Tab_S7_-_Wagner/2022-12-01/likely_cough/5e22f14c-bd08-4aae-84d4-22ce98b88f44.json", "autolabels": {"YAMNet_aggregate": [{"location": {"start": 0.0, "end": 0.0}, "classifications": ["Silence"], "labels": ["Silence"], "confidences": [1.0], "model": "TF-YAMNet-V1", "inf_time": 0.040655}], "YAMNet": [{"location": {"start": 0.0, "end": 0.96}, "classifications": ["Silence"], "labels": ["Silence"], "confidences": [1.0], "model": "TF-YAMNet-V1", "inf_time": 0.040655}]}}