{"filename": "61c1e52c-2278-48db-baba-1db84b5220f1", "time": "2022-10-27T19:25:51Z", "device_manufacturer": "samsung", "device_model": "SM-T870", "device_callsign": "Galaxy Tab S7 - Wagner", "mac_address": "02:00:00:00:00:00", "extension": "wav", "data_type": "audio", "sample_rate": 44100, "events": [{"classifications": ["likely_cough"], "confidences": [0.7153074741363525], "location": {"start": 0, "end": 9}, "labels": ["cough"]}], "labels": ["likely_cough"], "confidences": [0.7153074741363525], "s3_bucket": "pi-zero-audio-data", "audio": "https://pi-zero-audio-data.s3.us-east-2.amazonaws.com/Galaxy_Tab_S7_-_Wagner/2022-12-01/likely_cough/61c1e52c-2278-48db-baba-1db84b5220f1.wav", "object_key": "Galaxy_Tab_S7_-_Wagner/2022-12-01/likely_cough/61c1e52c-2278-48db-baba-1db84b5220f1.wav", "json_key": "Galaxy_Tab_S7_-_Wagner/2022-12-01/likely_cough/61c1e52c-2278-48db-baba-1db84b5220f1.json", "autolabels": {"YAMNet_aggregate": [{"location": {"start": 0.0, "end": 0.0}, "classifications": ["Silence"], "labels": ["Silence"], "confidences": [1.0], "model": "TF-YAMNet-V1", "inf_time": 0.029402}], "YAMNet": [{"location": {"start": 0.0, "end": 0.96}, "classifications": ["Silence"], "labels": ["Silence"], "confidences": [1.0], "model": "TF-YAMNet-V1", "inf_time": 0.029402}]}}