{"filename": "6a1a530f-1f64-492f-a3ca-a3c949f4823f", "time": "2022-10-27T17:44:28Z", "device_manufacturer": "samsung", "device_model": "SM-T870", "device_callsign": "Galaxy Tab S7 - Wagner", "mac_address": "02:00:00:00:00:00", "extension": "wav", "data_type": "audio", "sample_rate": 44100, "events": [{"classifications": ["likely_cough"], "confidences": [0.7222364544868469], "location": {"start": 0, "end": 9}, "labels": ["cough"]}], "labels": ["likely_cough"], "confidences": [0.7222364544868469], "s3_bucket": "pi-zero-audio-data", "audio": "https://pi-zero-audio-data.s3.us-east-2.amazonaws.com/Galaxy_Tab_S7_-_Wagner/2022-12-01/likely_cough/6a1a530f-1f64-492f-a3ca-a3c949f4823f.wav", "object_key": "Galaxy_Tab_S7_-_Wagner/2022-12-01/likely_cough/6a1a530f-1f64-492f-a3ca-a3c949f4823f.wav", "json_key": "Galaxy_Tab_S7_-_Wagner/2022-12-01/likely_cough/6a1a530f-1f64-492f-a3ca-a3c949f4823f.json", "autolabels": {"YAMNet_aggregate": [{"location": {"start": 0.0, "end": 0.0}, "classifications": ["Silence"], "labels": ["Silence"], "confidences": [1.0], "model": "TF-YAMNet-V1", "inf_time": 0.05187}], "YAMNet": [{"location": {"start": 0.0, "end": 0.96}, "classifications": ["Silence"], "labels": ["Silence"], "confidences": [1.0], "model": "TF-YAMNet-V1", "inf_time": 0.05187}]}}