{"filename": "94983e14-8101-48eb-83ee-b30337baaa4a", "time": "2022-10-26T19:54:59Z", "device_manufacturer": "samsung", "device_model": "SM-T870", "device_callsign": "Galaxy Tab S7 - Wagner", "mac_address": "02:00:00:00:00:00", "extension": "wav", "data_type": "audio", "sample_rate": 44100, "events": [{"classifications": ["likely_cough"], "confidences": [0.8053070902824402], "location": {"start": 0, "end": 15}, "labels": ["cough"]}], "labels": ["likely_cough"], "confidences": [0.8053070902824402], "s3_bucket": "pi-zero-audio-data", "audio": "https://pi-zero-audio-data.s3.us-east-2.amazonaws.com/Galaxy_Tab_S7_-_Wagner/2022-12-01/likely_cough/94983e14-8101-48eb-83ee-b30337baaa4a.wav", "object_key": "Galaxy_Tab_S7_-_Wagner/2022-12-01/likely_cough/94983e14-8101-48eb-83ee-b30337baaa4a.wav", "json_key": "Galaxy_Tab_S7_-_Wagner/2022-12-01/likely_cough/94983e14-8101-48eb-83ee-b30337baaa4a.json", "autolabels": {"YAMNet_aggregate": [{"location": {"start": 0.0, "end": 0.0}, "classifications": ["Silence"], "labels": ["Silence"], "confidences": [1.0], "model": "TF-YAMNet-V1", "inf_time": 0.056584}], "YAMNet": [{"location": {"start": 0.0, "end": 0.96}, "classifications": ["Silence"], "labels": ["Silence"], "confidences": [1.0], "model": "TF-YAMNet-V1", "inf_time": 0.056584}]}}