{"filename": "94b4ec00-9a0c-46d7-bf31-4d19c23f2b88", "time": "2022-10-27T17:47:19Z", "device_manufacturer": "samsung", "device_model": "SM-T870", "device_callsign": "Galaxy Tab S7 - Wagner", "mac_address": "02:00:00:00:00:00", "extension": "wav", "data_type": "audio", "sample_rate": 44100, "events": [{"classifications": ["likely_cough"], "confidences": [0.8360459804534912], "location": {"start": 0, "end": 11}, "labels": ["cough"]}, {"classifications": ["likely_voices"], "confidences": [0.7844144701957703], "location": {"start": 0, "end": 9}, "labels": ["voices"]}, {"classifications": ["likely_voices"], "confidences": [0.5090211033821106], "location": {"start": 0, "end": 14}, "labels": ["voices"]}], "labels": ["likely_cough", "likely_voices"], "confidences": [0.8360459804534912, 0.7844144701957703], "s3_bucket": "pi-zero-audio-data", "audio": "https://pi-zero-audio-data.s3.us-east-2.amazonaws.com/Galaxy_Tab_S7_-_Wagner/2022-12-01/likely_cough/94b4ec00-9a0c-46d7-bf31-4d19c23f2b88.wav", "object_key": "Galaxy_Tab_S7_-_Wagner/2022-12-01/likely_cough/94b4ec00-9a0c-46d7-bf31-4d19c23f2b88.wav", "json_key": "Galaxy_Tab_S7_-_Wagner/2022-12-01/likely_cough/94b4ec00-9a0c-46d7-bf31-4d19c23f2b88.json", "autolabels": {"YAMNet_aggregate": [{"location": {"start": 0.0, "end": 4.0}, "classifications": ["Inside, small room", "Speech"], "labels": ["Inside, small room", "Speech"], "confidences": [0.34384915232658386, 0.18769069015979767], "model": "TF-YAMNet-V1", "inf_time": 0.086347}], "YAMNet": [{"location": {"start": 0.0, "end": 0.96}, "classifications": ["Inside, small room", "Speech"], "labels": ["Inside, small room", "Speech"], "confidences": [0.1378704458475113, 0.10519659519195557], "model": "TF-YAMNet-V1", "inf_time": 0.010793}, {"location": {"start": 0.48, "end": 1.44}, "classifications": ["Speech", "Inside, small room"], "labels": ["Speech", "Inside, small room"], "confidences": [0.6326698064804077, 0.0575394481420517], "model": "TF-YAMNet-V1", "inf_time": 0.010793}, {"location": {"start": 0.96, "end": 1.92}, "classifications": ["Speech", "Inside, small room"], "labels": ["Speech", "Inside, small room"], "confidences": [0.647602915763855, 0.24495448172092438], "model": "TF-YAMNet-V1", "inf_time": 0.010793}, {"location": {"start": 1.44, "end": 2.4}, "classifications": ["Inside, small room", "Typing"], "labels": ["Inside, small room", "Typing"], "confidences": [0.499205619096756, 0.07298871874809265], "model": "TF-YAMNet-V1", "inf_time": 0.010793}, {"location": {"start": 1.92, "end": 2.88}, "classifications": ["Inside, small room", "Typing", "Speech"], "labels": ["Inside, small room", "Typing", "Speech"], "confidences": [0.5286091566085815, 0.06237146630883217, 0.051350198686122894], "model": "TF-YAMNet-V1", "inf_time": 0.010793}, {"location": {"start": 2.4, "end": 3.36}, "classifications": ["Inside, small room"], "labels": ["Inside, small room"], "confidences": [0.6878029108047485], "model": "TF-YAMNet-V1", "inf_time": 0.010793}, {"location": {"start": 2.88, "end": 3.84}, "classifications": ["Inside, small room", "Silence"], "labels": ["Inside, small room", "Silence"], "confidences": [0.4954415261745453, 0.08257821947336197], "model": "TF-YAMNet-V1", "inf_time": 0.010793}, {"location": {"start": 3.36, "end": 4.32}, "classifications": ["Rattle", "Engine", "Clatter"], "labels": ["Rattle", "Engine", "Clatter"], "confidences": [0.14822037518024445, 0.13608838617801666, 0.11774566024541855], "model": "TF-YAMNet-V1", "inf_time": 0.010793}]}}