{"filename": "9817289d-7119-45fb-aa8c-4dd3ef85c423", "time": "2022-10-27T01:40:44Z", "device_manufacturer": "samsung", "device_model": "SM-T870", "device_callsign": "Galaxy Tab S7 - Wagner", "mac_address": "02:00:00:00:00:00", "extension": "wav", "data_type": "audio", "sample_rate": 44100, "events": [{"classifications": ["likely_cough"], "confidences": [0.8134975433349609], "location": {"start": 0, "end": 16}, "labels": ["cough"]}], "labels": ["likely_cough"], "confidences": [0.8134975433349609], "s3_bucket": "pi-zero-audio-data", "audio": "https://pi-zero-audio-data.s3.us-east-2.amazonaws.com/Galaxy_Tab_S7_-_Wagner/2022-12-01/likely_cough/9817289d-7119-45fb-aa8c-4dd3ef85c423.wav", "object_key": "Galaxy_Tab_S7_-_Wagner/2022-12-01/likely_cough/9817289d-7119-45fb-aa8c-4dd3ef85c423.wav", "json_key": "Galaxy_Tab_S7_-_Wagner/2022-12-01/likely_cough/9817289d-7119-45fb-aa8c-4dd3ef85c423.json", "autolabels": {"YAMNet_aggregate": [{"location": {"start": 0.0, "end": 0.0}, "classifications": ["Silence"], "labels": ["Silence"], "confidences": [1.0], "model": "TF-YAMNet-V1", "inf_time": 0.039432}], "YAMNet": [{"location": {"start": 0.0, "end": 0.96}, "classifications": ["Silence"], "labels": ["Silence"], "confidences": [1.0], "model": "TF-YAMNet-V1", "inf_time": 0.039432}]}}