{"filename": "eb0b1759-95af-4955-a472-bc83c23d1243", "time": "2022-10-20T17:55:28Z", "device_manufacturer": "samsung", "device_model": "SM-T870", "device_callsign": "Galaxy Tab S7 - Wagner", "mac_address": "02:00:00:00:00:00", "extension": "wav", "data_type": "audio", "sample_rate": 44100, "events": [{"classifications": ["likely_cough"], "confidences": [0.8446952104568481], "location": {"start": 0, "end": 7}, "labels": ["cough"]}], "labels": ["likely_cough"], "confidences": [0.8446952104568481], "s3_bucket": "pi-zero-audio-data", "audio": "https://pi-zero-audio-data.s3.us-east-2.amazonaws.com/Galaxy_Tab_S7_-_Wagner/2022-12-01/likely_cough/eb0b1759-95af-4955-a472-bc83c23d1243.wav", "object_key": "Galaxy_Tab_S7_-_Wagner/2022-12-01/likely_cough/eb0b1759-95af-4955-a472-bc83c23d1243.wav", "json_key": "Galaxy_Tab_S7_-_Wagner/2022-12-01/likely_cough/eb0b1759-95af-4955-a472-bc83c23d1243.json", "autolabels": {"YAMNet_aggregate": [{"location": {"start": 0.0, "end": 0.0}, "classifications": ["Silence"], "labels": ["Silence"], "confidences": [1.0], "model": "TF-YAMNet-V1", "inf_time": 0.040744}], "YAMNet": [{"location": {"start": 0.0, "end": 0.96}, "classifications": ["Silence"], "labels": ["Silence"], "confidences": [1.0], "model": "TF-YAMNet-V1", "inf_time": 0.040744}]}}