{"filename": "ffcd3ad8-0a4c-4ff2-b46e-4c57cab1d9ff", "time": "2022-10-27T16:48:46Z", "device_manufacturer": "samsung", "device_model": "SM-T870", "device_callsign": "Galaxy Tab S7 - Wagner", "mac_address": "02:00:00:00:00:00", "extension": "wav", "data_type": "audio", "sample_rate": 44100, "events": [{"classifications": ["likely_cough"], "confidences": [0.571690559387207], "location": {"start": 0, "end": 9}, "labels": ["cough"]}], "labels": ["likely_cough"], "confidences": [0.571690559387207], "s3_bucket": "pi-zero-audio-data", "audio": "https://pi-zero-audio-data.s3.us-east-2.amazonaws.com/Galaxy_Tab_S7_-_Wagner/2022-12-01/likely_cough/ffcd3ad8-0a4c-4ff2-b46e-4c57cab1d9ff.wav", "object_key": "Galaxy_Tab_S7_-_Wagner/2022-12-01/likely_cough/ffcd3ad8-0a4c-4ff2-b46e-4c57cab1d9ff.wav", "json_key": "Galaxy_Tab_S7_-_Wagner/2022-12-01/likely_cough/ffcd3ad8-0a4c-4ff2-b46e-4c57cab1d9ff.json", "autolabels": {"YAMNet_aggregate": [{"location": {"start": 0.0, "end": 0.0}, "classifications": ["Silence"], "labels": ["Silence"], "confidences": [1.0], "model": "TF-YAMNet-V1", "inf_time": 0.051301}], "YAMNet": [{"location": {"start": 0.0, "end": 0.96}, "classifications": ["Silence"], "labels": ["Silence"], "confidences": [1.0], "model": "TF-YAMNet-V1", "inf_time": 0.051301}]}}