{"filename": "0053c035-2f0a-45f0-bd90-1b7b244f7d81", "time": "2022-10-27T17:35:32Z", "device_manufacturer": "samsung", "device_model": "SM-T870", "device_callsign": "Galaxy Tab S7 - Wagner", "mac_address": "02:00:00:00:00:00", "extension": "wav", "data_type": "audio", "sample_rate": 44100, "events": [{"classifications": ["likely_door"], "confidences": [0.6221960186958313], "location": {"start": 0, "end": 17}, "labels": ["door"]}, {"classifications": ["unknown"], "confidences": [0.47513675689697266], "location": {"start": 0, "end": 10}, "labels": ["door"]}], "labels": ["likely_door", "unknown"], "confidences": [0.6221960186958313, 0.47513675689697266], "s3_bucket": "pi-zero-audio-data", "audio": "https://pi-zero-audio-data.s3.us-east-2.amazonaws.com/Galaxy_Tab_S7_-_Wagner/2022-12-01/likely_door/0053c035-2f0a-45f0-bd90-1b7b244f7d81.wav", "object_key": "Galaxy_Tab_S7_-_Wagner/2022-12-01/likely_door/0053c035-2f0a-45f0-bd90-1b7b244f7d81.wav", "json_key": "Galaxy_Tab_S7_-_Wagner/2022-12-01/likely_door/0053c035-2f0a-45f0-bd90-1b7b244f7d81.json", "autolabels": {"YAMNet_aggregate": [{"location": {"start": 0.0, "end": 2.0}, "classifications": ["Inside, small room"], "labels": ["Inside, small room"], "confidences": [0.38626036047935486], "model": "TF-YAMNet-V1", "inf_time": 0.065105}], "YAMNet": [{"location": {"start": 0.0, "end": 0.96}, "classifications": ["Inside, small room", "Dishes, pots, and pans", "Squish"], "labels": ["Inside, small room", "Dishes, pots, and pans", "Squish"], "confidences": [0.5761598348617554, 0.115537129342556, 0.07063738256692886], "model": "TF-YAMNet-V1", "inf_time": 0.016276}, {"location": {"start": 0.48, "end": 1.44}, "classifications": ["Inside, small room", "Mechanical fan", "Silence"], "labels": ["Inside, small room", "Mechanical fan", "Silence"], "confidences": [0.45798391103744507, 0.06660237908363342, 0.05582673102617264], "model": "TF-YAMNet-V1", "inf_time": 0.016276}, {"location": {"start": 0.96, "end": 1.92}, "classifications": ["Inside, small room", "Speech"], "labels": ["Inside, small room", "Speech"], "confidences": [0.44540998339653015, 0.0524335578083992], "model": "TF-YAMNet-V1", "inf_time": 0.016276}, {"location": {"start": 1.44, "end": 2.4}, "classifications": ["Tick", "Clock", "Speech"], "labels": ["Tick", "Clock", "Speech"], "confidences": [0.1052374467253685, 0.09853125363588333, 0.09729350358247757], "model": "TF-YAMNet-V1", "inf_time": 0.016276}]}}