{"filename": "0b953afc-f0fa-43fd-b1a4-64e421a6c408", "time": "2022-10-20T17:38:50Z", "device_manufacturer": "samsung", "device_model": "SM-T870", "device_callsign": "Galaxy Tab S7 - Wagner", "mac_address": "02:00:00:00:00:00", "extension": "wav", "data_type": "audio", "sample_rate": 44100, "events": [{"classifications": ["unknown"], "confidences": [0.46828508377075195], "location": {"start": 0, "end": 10}, "labels": ["door"]}, {"classifications": ["likely_door"], "confidences": [0.527045488357544], "location": {"start": 0, "end": 20}, "labels": ["door"]}], "labels": ["unknown", "likely_door"], "confidences": [0.46828508377075195, 0.527045488357544], "s3_bucket": "pi-zero-audio-data", "audio": "https://pi-zero-audio-data.s3.us-east-2.amazonaws.com/Galaxy_Tab_S7_-_Wagner/2022-12-01/likely_door/0b953afc-f0fa-43fd-b1a4-64e421a6c408.wav", "object_key": "Galaxy_Tab_S7_-_Wagner/2022-12-01/likely_door/0b953afc-f0fa-43fd-b1a4-64e421a6c408.wav", "json_key": "Galaxy_Tab_S7_-_Wagner/2022-12-01/likely_door/0b953afc-f0fa-43fd-b1a4-64e421a6c408.json", "autolabels": {"YAMNet_aggregate": [{"location": {"start": 0.0, "end": 2.0}, "classifications": ["Inside, small room"], "labels": ["Inside, small room"], "confidences": [0.27890321612358093], "model": "TF-YAMNet-V1", "inf_time": 0.050927}], "YAMNet": [{"location": {"start": 0.0, "end": 0.96}, "classifications": ["Inside, small room", "Dishes, pots, and pans"], "labels": ["Inside, small room", "Dishes, pots, and pans"], "confidences": [0.5202485918998718, 0.09221798181533813], "model": "TF-YAMNet-V1", "inf_time": 0.012732}, {"location": {"start": 0.48, "end": 1.44}, "classifications": ["Inside, small room", "Cat", "Domestic animals, pets"], "labels": ["Inside, small room", "Cat", "Domestic animals, pets"], "confidences": [0.34253910183906555, 0.08799368888139725, 0.07097601145505905], "model": "TF-YAMNet-V1", "inf_time": 0.012732}, {"location": {"start": 0.96, "end": 1.92}, "classifications": ["Inside, small room", "Inside, large room or hall"], "labels": ["Inside, small room", "Inside, large room or hall"], "confidences": [0.1945866197347641, 0.05718586593866348], "model": "TF-YAMNet-V1", "inf_time": 0.012732}, {"location": {"start": 1.44, "end": 2.4}, "classifications": ["Rustle", "Vehicle", "Sound effect"], "labels": ["Rustle", "Vehicle", "Sound effect"], "confidences": [0.08749733120203018, 0.07426747679710388, 0.0655958354473114], "model": "TF-YAMNet-V1", "inf_time": 0.012732}]}}