{"filename": "0f67a69c-374c-4f3f-8add-57c8e6d54324", "time": "2022-10-27T17:48:58Z", "device_manufacturer": "samsung", "device_model": "SM-T870", "device_callsign": "Galaxy Tab S7 - Wagner", "mac_address": "02:00:00:00:00:00", "extension": "wav", "data_type": "audio", "sample_rate": 44100, "events": [{"classifications": ["likely_door"], "confidences": [0.8301182389259338], "location": {"start": 0, "end": 9}, "labels": ["door"]}, {"classifications": ["likely_door"], "confidences": [0.58035808801651], "location": {"start": 0, "end": 9}, "labels": ["door"]}], "labels": ["likely_door"], "confidences": [0.8301182389259338], "s3_bucket": "pi-zero-audio-data", "audio": "https://pi-zero-audio-data.s3.us-east-2.amazonaws.com/Galaxy_Tab_S7_-_Wagner/2022-12-01/likely_door/0f67a69c-374c-4f3f-8add-57c8e6d54324.wav", "object_key": "Galaxy_Tab_S7_-_Wagner/2022-12-01/likely_door/0f67a69c-374c-4f3f-8add-57c8e6d54324.wav", "json_key": "Galaxy_Tab_S7_-_Wagner/2022-12-01/likely_door/0f67a69c-374c-4f3f-8add-57c8e6d54324.json", "autolabels": {"YAMNet_aggregate": [{"location": {"start": 0.0, "end": 0.0}, "classifications": ["Silence"], "labels": ["Silence"], "confidences": [1.0], "model": "TF-YAMNet-V1", "inf_time": 0.039108}], "YAMNet": [{"location": {"start": 0.0, "end": 0.96}, "classifications": ["Silence"], "labels": ["Silence"], "confidences": [1.0], "model": "TF-YAMNet-V1", "inf_time": 0.039108}]}}