{"filename": "14740636-47f0-43f6-8ff5-bdab1b638ae5", "time": "2022-10-26T19:43:51Z", "device_manufacturer": "samsung", "device_model": "SM-T870", "device_callsign": "Galaxy Tab S7 - Wagner", "mac_address": "02:00:00:00:00:00", "extension": "wav", "data_type": "audio", "sample_rate": 44100, "events": [{"classifications": ["likely_door"], "confidences": [0.6750181913375854], "location": {"start": 0, "end": 7}, "labels": ["door"]}, {"classifications": ["unknown"], "confidences": [0.46036481857299805], "location": {"start": 0, "end": 14}, "labels": ["door"]}], "labels": ["likely_door", "unknown"], "confidences": [0.6750181913375854, 0.46036481857299805], "s3_bucket": "pi-zero-audio-data", "audio": "https://pi-zero-audio-data.s3.us-east-2.amazonaws.com/Galaxy_Tab_S7_-_Wagner/2022-12-01/likely_door/14740636-47f0-43f6-8ff5-bdab1b638ae5.wav", "object_key": "Galaxy_Tab_S7_-_Wagner/2022-12-01/likely_door/14740636-47f0-43f6-8ff5-bdab1b638ae5.wav", "json_key": "Galaxy_Tab_S7_-_Wagner/2022-12-01/likely_door/14740636-47f0-43f6-8ff5-bdab1b638ae5.json", "autolabels": {"YAMNet_aggregate": [{"location": {"start": 0.0, "end": 2.0}, "classifications": ["Inside, small room", "Animal", "Sliding door", "Domestic animals, pets", "Pigeon, dove"], "labels": ["Inside, small room", "Animal", "Sliding door", "Domestic animals, pets", "Pigeon, dove"], "confidences": [0.22876565158367157, 0.08659358322620392, 0.07279901951551437, 0.07197645306587219, 0.05388522148132324], "model": "TF-YAMNet-V1", "inf_time": 0.073656}], "YAMNet": [{"location": {"start": 0.0, "end": 0.96}, "classifications": ["Sliding door", "Inside, small room", "Door"], "labels": ["Sliding door", "Inside, small room", "Door"], "confidences": [0.2873806655406952, 0.26139503717422485, 0.11007050424814224], "model": "TF-YAMNet-V1", "inf_time": 0.018414}, {"location": {"start": 0.48, "end": 1.44}, "classifications": ["Inside, small room", "Domestic animals, pets", "Animal"], "labels": ["Inside, small room", "Domestic animals, pets", "Animal"], "confidences": [0.45997920632362366, 0.211561918258667, 0.146465003490448], "model": "TF-YAMNet-V1", "inf_time": 0.018414}, {"location": {"start": 0.96, "end": 1.92}, "classifications": ["Inside, small room", "Beatboxing", "Writing"], "labels": ["Inside, small room", "Beatboxing", "Writing"], "confidences": [0.16312873363494873, 0.11346372216939926, 0.09562601149082184], "model": "TF-YAMNet-V1", "inf_time": 0.018414}, {"location": {"start": 1.44, "end": 2.4}, "classifications": ["Pigeon, dove", "Wild animals", "Bird"], "labels": ["Pigeon, dove", "Wild animals", "Bird"], "confidences": [0.20398275554180145, 0.16852235794067383, 0.16320446133613586], "model": "TF-YAMNet-V1", "inf_time": 0.018414}]}}