{"filename": "1e4b239f-96e4-4f2b-9c9d-921fe3001f15", "time": "2022-10-27T21:55:14Z", "device_manufacturer": "samsung", "device_model": "SM-T870", "device_callsign": "Galaxy Tab S7 - Wagner", "mac_address": "02:00:00:00:00:00", "extension": "wav", "data_type": "audio", "sample_rate": 44100, "events": [{"classifications": ["likely_door"], "confidences": [0.6272748112678528], "location": {"start": 0, "end": 8}, "labels": ["door"]}], "labels": ["likely_door"], "confidences": [0.6272748112678528], "s3_bucket": "pi-zero-audio-data", "audio": "https://pi-zero-audio-data.s3.us-east-2.amazonaws.com/Galaxy_Tab_S7_-_Wagner/2022-12-01/likely_door/1e4b239f-96e4-4f2b-9c9d-921fe3001f15.wav", "object_key": "Galaxy_Tab_S7_-_Wagner/2022-12-01/likely_door/1e4b239f-96e4-4f2b-9c9d-921fe3001f15.wav", "json_key": "Galaxy_Tab_S7_-_Wagner/2022-12-01/likely_door/1e4b239f-96e4-4f2b-9c9d-921fe3001f15.json", "autolabels": {"YAMNet_aggregate": [{"location": {"start": 0.0, "end": 0.0}, "classifications": ["Silence"], "labels": ["Silence"], "confidences": [1.0], "model": "TF-YAMNet-V1", "inf_time": 0.036513}], "YAMNet": [{"location": {"start": 0.0, "end": 0.96}, "classifications": ["Silence"], "labels": ["Silence"], "confidences": [1.0], "model": "TF-YAMNet-V1", "inf_time": 0.036513}]}}