{"filename": "2916d0c1-c6e3-4d02-b88b-91e1e3320b3d", "time": "2022-10-20T18:00:48Z", "device_manufacturer": "samsung", "device_model": "SM-T870", "device_callsign": "Galaxy Tab S7 - Wagner", "mac_address": "02:00:00:00:00:00", "extension": "wav", "data_type": "audio", "sample_rate": 44100, "events": [{"classifications": ["likely_door"], "confidences": [0.5771523714065552], "location": {"start": 0, "end": 16}, "labels": ["door"]}], "labels": ["likely_door"], "confidences": [0.5771523714065552], "s3_bucket": "pi-zero-audio-data", "audio": "https://pi-zero-audio-data.s3.us-east-2.amazonaws.com/Galaxy_Tab_S7_-_Wagner/2022-12-01/likely_door/2916d0c1-c6e3-4d02-b88b-91e1e3320b3d.wav", "object_key": "Galaxy_Tab_S7_-_Wagner/2022-12-01/likely_door/2916d0c1-c6e3-4d02-b88b-91e1e3320b3d.wav", "json_key": "Galaxy_Tab_S7_-_Wagner/2022-12-01/likely_door/2916d0c1-c6e3-4d02-b88b-91e1e3320b3d.json", "autolabels": {"YAMNet_aggregate": [{"location": {"start": 0.0, "end": 0.0}, "classifications": ["Silence"], "labels": ["Silence"], "confidences": [1.0], "model": "TF-YAMNet-V1", "inf_time": 0.043491}], "YAMNet": [{"location": {"start": 0.0, "end": 0.96}, "classifications": ["Silence"], "labels": ["Silence"], "confidences": [1.0], "model": "TF-YAMNet-V1", "inf_time": 0.043491}]}}