{"filename": "2b287e75-cffc-434a-b299-bd9d27129ec8", "time": "2022-10-27T16:38:23Z", "device_manufacturer": "samsung", "device_model": "SM-T870", "device_callsign": "Galaxy Tab S7 - Wagner", "mac_address": "02:00:00:00:00:00", "extension": "wav", "data_type": "audio", "sample_rate": 44100, "events": [{"classifications": ["likely_door"], "confidences": [0.5741003751754761], "location": {"start": 0, "end": 17}, "labels": ["door"]}, {"classifications": ["likely_door"], "confidences": [0.5063158869743347], "location": {"start": 0, "end": 18}, "labels": ["door"]}], "labels": ["likely_door"], "confidences": [0.5741003751754761], "s3_bucket": "pi-zero-audio-data", "audio": "https://pi-zero-audio-data.s3.us-east-2.amazonaws.com/Galaxy_Tab_S7_-_Wagner/2022-12-01/likely_door/2b287e75-cffc-434a-b299-bd9d27129ec8.wav", "object_key": "Galaxy_Tab_S7_-_Wagner/2022-12-01/likely_door/2b287e75-cffc-434a-b299-bd9d27129ec8.wav", "json_key": "Galaxy_Tab_S7_-_Wagner/2022-12-01/likely_door/2b287e75-cffc-434a-b299-bd9d27129ec8.json", "autolabels": {"YAMNet_aggregate": [{"location": {"start": 0.0, "end": 2.0}, "classifications": ["Typing", "Computer keyboard", "Keys jangling", "Typewriter", "Coin (dropping)"], "labels": ["Typing", "Computer keyboard", "Keys jangling", "Typewriter", "Coin (dropping)"], "confidences": [0.7077750563621521, 0.6304834485054016, 0.15436722338199615, 0.09497509896755219, 0.06119340658187866], "model": "TF-YAMNet-V1", "inf_time": 0.064426}], "YAMNet": [{"location": {"start": 0.0, "end": 0.96}, "classifications": ["Typing", "Computer keyboard"], "labels": ["Typing", "Computer keyboard"], "confidences": [0.9974330067634583, 0.9209886789321899], "model": "TF-YAMNet-V1", "inf_time": 0.016106}, {"location": {"start": 0.48, "end": 1.44}, "classifications": ["Typing", "Computer keyboard", "Inside, small room"], "labels": ["Typing", "Computer keyboard", "Inside, small room"], "confidences": [0.9598898887634277, 0.8204811811447144, 0.05667881667613983], "model": "TF-YAMNet-V1", "inf_time": 0.016106}, {"location": {"start": 0.96, "end": 1.92}, "classifications": ["Typing", "Computer keyboard", "Typewriter"], "labels": ["Typing", "Computer keyboard", "Typewriter"], "confidences": [0.8401821851730347, 0.7508903741836548, 0.36922720074653625], "model": "TF-YAMNet-V1", "inf_time": 0.016106}, {"location": {"start": 1.44, "end": 2.4}, "classifications": ["Keys jangling", "Coin (dropping)", "Glass"], "labels": ["Keys jangling", "Coin (dropping)", "Glass"], "confidences": [0.5744186639785767, 0.18431290984153748, 0.10222247242927551], "model": "TF-YAMNet-V1", "inf_time": 0.016106}]}}