{"filename": "336c558e-f04f-4c73-815b-68adb565f4c7", "time": "2022-10-20T18:36:39Z", "device_manufacturer": "samsung", "device_model": "SM-T870", "device_callsign": "Galaxy Tab S7 - Wagner", "mac_address": "02:00:00:00:00:00", "extension": "wav", "data_type": "audio", "sample_rate": 44100, "events": [{"classifications": ["likely_door"], "confidences": [0.8349024653434753], "location": {"start": 0, "end": 15}, "labels": ["door"]}, {"classifications": ["likely_voices"], "confidences": [0.7753654718399048], "location": {"start": 0, "end": 17}, "labels": ["voices"]}], "labels": ["likely_door", "likely_voices"], "confidences": [0.8349024653434753, 0.7753654718399048], "s3_bucket": "pi-zero-audio-data", "audio": "https://pi-zero-audio-data.s3.us-east-2.amazonaws.com/Galaxy_Tab_S7_-_Wagner/2022-12-01/likely_door/336c558e-f04f-4c73-815b-68adb565f4c7.wav", "object_key": "Galaxy_Tab_S7_-_Wagner/2022-12-01/likely_door/336c558e-f04f-4c73-815b-68adb565f4c7.wav", "json_key": "Galaxy_Tab_S7_-_Wagner/2022-12-01/likely_door/336c558e-f04f-4c73-815b-68adb565f4c7.json", "autolabels": {"YAMNet_aggregate": [{"location": {"start": 0.0, "end": 2.0}, "classifications": ["Inside, small room", "Sliding door", "Door", "Speech", "Inside, large room or hall"], "labels": ["Inside, small room", "Sliding door", "Door", "Speech", "Inside, large room or hall"], "confidences": [0.16969774663448334, 0.1531270146369934, 0.07724404335021973, 0.0681920200586319, 0.0643065869808197], "model": "TF-YAMNet-V1", "inf_time": 0.068989}], "YAMNet": [{"location": {"start": 0.0, "end": 0.96}, "classifications": ["Sliding door", "Door", "Inside, small room"], "labels": ["Sliding door", "Door", "Inside, small room"], "confidences": [0.49664050340652466, 0.22069257497787476, 0.12384745478630066], "model": "TF-YAMNet-V1", "inf_time": 0.017247}, {"location": {"start": 0.48, "end": 1.44}, "classifications": ["Inside, small room", "Inside, large room or hall", "Door"], "labels": ["Inside, small room", "Inside, large room or hall", "Door"], "confidences": [0.35452932119369507, 0.12309414148330688, 0.052243445068597794], "model": "TF-YAMNet-V1", "inf_time": 0.017247}, {"location": {"start": 0.96, "end": 1.92}, "classifications": ["Inside, small room", "Speech"], "labels": ["Inside, small room", "Speech"], "confidences": [0.13695716857910156, 0.05844215676188469], "model": "TF-YAMNet-V1", "inf_time": 0.017247}, {"location": {"start": 1.44, "end": 2.4}, "classifications": ["Sliding door", "Speech", "Inside, small room"], "labels": ["Sliding door", "Speech", "Inside, small room"], "confidences": [0.08359356224536896, 0.081977978348732, 0.06345708668231964], "model": "TF-YAMNet-V1", "inf_time": 0.017247}]}}