{"filename": "42afde13-e0d1-433e-a0c7-f7de47253c28", "time": "2022-10-27T16:41:39Z", "device_manufacturer": "samsung", "device_model": "SM-T870", "device_callsign": "Galaxy Tab S7 - Wagner", "mac_address": "02:00:00:00:00:00", "extension": "wav", "data_type": "audio", "sample_rate": 44100, "events": [{"classifications": ["likely_door"], "confidences": [0.7457708120346069], "location": {"start": 0, "end": 8}, "labels": ["door"]}, {"classifications": ["unknown"], "confidences": [0.352728933095932], "location": {"start": 0, "end": 9}, "labels": ["door"]}], "labels": ["likely_door", "unknown"], "confidences": [0.7457708120346069, 0.352728933095932], "s3_bucket": "pi-zero-audio-data", "audio": "https://pi-zero-audio-data.s3.us-east-2.amazonaws.com/Galaxy_Tab_S7_-_Wagner/2022-12-01/likely_door/42afde13-e0d1-433e-a0c7-f7de47253c28.wav", "object_key": "Galaxy_Tab_S7_-_Wagner/2022-12-01/likely_door/42afde13-e0d1-433e-a0c7-f7de47253c28.wav", "json_key": "Galaxy_Tab_S7_-_Wagner/2022-12-01/likely_door/42afde13-e0d1-433e-a0c7-f7de47253c28.json", "autolabels": {"YAMNet_aggregate": [{"location": {"start": 0.0, "end": 0.0}, "classifications": ["Silence"], "labels": ["Silence"], "confidences": [1.0], "model": "TF-YAMNet-V1", "inf_time": 0.046954}], "YAMNet": [{"location": {"start": 0.0, "end": 0.96}, "classifications": ["Silence"], "labels": ["Silence"], "confidences": [1.0], "model": "TF-YAMNet-V1", "inf_time": 0.046954}]}}