{"filename": "46ff6437-5eba-49e2-9a4f-8c14ddd906c4", "time": "2022-10-27T21:34:36Z", "device_manufacturer": "samsung", "device_model": "SM-T870", "device_callsign": "Galaxy Tab S7 - Wagner", "mac_address": "02:00:00:00:00:00", "extension": "wav", "data_type": "audio", "sample_rate": 44100, "events": [{"classifications": ["likely_door"], "confidences": [0.8145997524261475], "location": {"start": 0, "end": 12}, "labels": ["door"]}, {"classifications": ["likely_door"], "confidences": [0.6434768438339233], "location": {"start": 0, "end": 8}, "labels": ["door"]}], "labels": ["likely_door"], "confidences": [0.8145997524261475], "s3_bucket": "pi-zero-audio-data", "audio": "https://pi-zero-audio-data.s3.us-east-2.amazonaws.com/Galaxy_Tab_S7_-_Wagner/2022-12-01/likely_door/46ff6437-5eba-49e2-9a4f-8c14ddd906c4.wav", "object_key": "Galaxy_Tab_S7_-_Wagner/2022-12-01/likely_door/46ff6437-5eba-49e2-9a4f-8c14ddd906c4.wav", "json_key": "Galaxy_Tab_S7_-_Wagner/2022-12-01/likely_door/46ff6437-5eba-49e2-9a4f-8c14ddd906c4.json", "autolabels": {"YAMNet_aggregate": [{"location": {"start": 0.0, "end": 2.0}, "classifications": ["Typing", "Computer keyboard", "Inside, small room"], "labels": ["Typing", "Computer keyboard", "Inside, small room"], "confidences": [0.538917064666748, 0.4743710458278656, 0.13967089354991913], "model": "TF-YAMNet-V1", "inf_time": 0.06585}], "YAMNet": [{"location": {"start": 0.0, "end": 0.96}, "classifications": ["Inside, small room", "Typing", "Computer keyboard"], "labels": ["Inside, small room", "Typing", "Computer keyboard"], "confidences": [0.34049922227859497, 0.32253313064575195, 0.27541473507881165], "model": "TF-YAMNet-V1", "inf_time": 0.016462}, {"location": {"start": 0.48, "end": 1.44}, "classifications": ["Typing", "Computer keyboard", "Inside, small room"], "labels": ["Typing", "Computer keyboard", "Inside, small room"], "confidences": [0.8825492262840271, 0.7528315186500549, 0.11203596740961075], "model": "TF-YAMNet-V1", "inf_time": 0.016462}, {"location": {"start": 0.96, "end": 1.92}, "classifications": ["Typing", "Computer keyboard", "Typewriter"], "labels": ["Typing", "Computer keyboard", "Typewriter"], "confidences": [0.9254978895187378, 0.8455175161361694, 0.10101836174726486], "model": "TF-YAMNet-V1", "inf_time": 0.016462}, {"location": {"start": 1.44, "end": 2.4}, "classifications": ["Vehicle", "Car", "Motor vehicle (road)"], "labels": ["Vehicle", "Car", "Motor vehicle (road)"], "confidences": [0.15846846997737885, 0.11830418556928635, 0.11452312767505646], "model": "TF-YAMNet-V1", "inf_time": 0.016462}]}}