{"filename": "4dcad3d4-0cb2-45f4-8961-2169ecac9d98", "time": "2022-10-26T19:39:22Z", "device_manufacturer": "samsung", "device_model": "SM-T870", "device_callsign": "Galaxy Tab S7 - Wagner", "mac_address": "02:00:00:00:00:00", "extension": "wav", "data_type": "audio", "sample_rate": 44100, "events": [{"classifications": ["likely_door"], "confidences": [0.6524197459220886], "location": {"start": 0, "end": 33}, "labels": ["door"]}, {"classifications": ["unknown"], "confidences": [0.41360142827033997], "location": {"start": 0, "end": 17}, "labels": ["door"]}, {"classifications": ["likely_door"], "confidences": [0.7174638509750366], "location": {"start": 0, "end": 6}, "labels": ["door"]}], "labels": ["likely_door", "unknown"], "confidences": [0.7174638509750366, 0.41360142827033997], "s3_bucket": "pi-zero-audio-data", "audio": "https://pi-zero-audio-data.s3.us-east-2.amazonaws.com/Galaxy_Tab_S7_-_Wagner/2022-12-01/likely_door/4dcad3d4-0cb2-45f4-8961-2169ecac9d98.wav", "object_key": "Galaxy_Tab_S7_-_Wagner/2022-12-01/likely_door/4dcad3d4-0cb2-45f4-8961-2169ecac9d98.wav", "json_key": "Galaxy_Tab_S7_-_Wagner/2022-12-01/likely_door/4dcad3d4-0cb2-45f4-8961-2169ecac9d98.json", "autolabels": {"YAMNet_aggregate": [{"location": {"start": 0.0, "end": 4.0}, "classifications": ["Inside, small room", "Door", "Sliding door", "Cupboard open or close", "Drawer open or close"], "labels": ["Inside, small room", "Door", "Sliding door", "Cupboard open or close", "Drawer open or close"], "confidences": [0.3920719027519226, 0.14184826612472534, 0.13569803535938263, 0.09988857060670853, 0.07522641122341156], "model": "TF-YAMNet-V1", "inf_time": 0.083591}], "YAMNet": [{"location": {"start": 0.0, "end": 0.96}, "classifications": ["Inside, small room", "Inside, large room or hall", "Spray"], "labels": ["Inside, small room", "Inside, large room or hall", "Spray"], "confidences": [0.44897744059562683, 0.111381396651268, 0.10338185727596283], "model": "TF-YAMNet-V1", "inf_time": 0.010449}, {"location": {"start": 0.48, "end": 1.44}, "classifications": ["Inside, small room"], "labels": ["Inside, small room"], "confidences": [0.7471703290939331], "model": "TF-YAMNet-V1", "inf_time": 0.010449}, {"location": {"start": 0.96, "end": 1.92}, "classifications": ["Inside, small room", "Door", "Sliding door"], "labels": ["Inside, small room", "Door", "Sliding door"], "confidences": [0.43693262338638306, 0.08403074741363525, 0.06364081799983978], "model": "TF-YAMNet-V1", "inf_time": 0.010449}, {"location": {"start": 1.44, "end": 2.4}, "classifications": ["Door", "Slam", "Bouncing"], "labels": ["Door", "Slam", "Bouncing"], "confidences": [0.5072931051254272, 0.319659560918808, 0.26945361495018005], "model": "TF-YAMNet-V1", "inf_time": 0.010449}, {"location": {"start": 1.92, "end": 2.88}, "classifications": ["Inside, small room", "Inside, large room or hall"], "labels": ["Inside, small room", "Inside, large room or hall"], "confidences": [0.44899606704711914, 0.06561461091041565], "model": "TF-YAMNet-V1", "inf_time": 0.010449}, {"location": {"start": 2.4, "end": 3.36}, "classifications": ["Inside, small room", "Mechanisms", "Typewriter"], "labels": ["Inside, small room", "Mechanisms", "Typewriter"], "confidences": [0.3655492067337036, 0.11408258229494095, 0.06766057759523392], "model": "TF-YAMNet-V1", "inf_time": 0.010449}, {"location": {"start": 2.88, "end": 3.84}, "classifications": ["Inside, small room", "Sliding door", "Inside, large room or hall"], "labels": ["Inside, small room", "Sliding door", "Inside, large room or hall"], "confidences": [0.2558170258998871, 0.09245189279317856, 0.07847022265195847], "model": "TF-YAMNet-V1", "inf_time": 0.010449}, {"location": {"start": 3.36, "end": 4.32}, "classifications": ["Cupboard open or close", "Sliding door", "Door"], "labels": ["Cupboard open or close", "Sliding door", "Door"], "confidences": [0.671415388584137, 0.6570789217948914, 0.38440245389938354], "model": "TF-YAMNet-V1", "inf_time": 0.010449}]}}