{"filename": "4e589cbe-707d-4ccd-a8be-1989bdb5ef71", "time": "2022-10-20T18:03:09Z", "device_manufacturer": "samsung", "device_model": "SM-T870", "device_callsign": "Galaxy Tab S7 - Wagner", "mac_address": "02:00:00:00:00:00", "extension": "wav", "data_type": "audio", "sample_rate": 44100, "events": [{"classifications": ["likely_door"], "confidences": [0.5068864226341248], "location": {"start": 0, "end": 15}, "labels": ["door"]}, {"classifications": ["likely_door"], "confidences": [0.6810325980186462], "location": {"start": 0, "end": 8}, "labels": ["door"]}], "labels": ["likely_door"], "confidences": [0.6810325980186462], "s3_bucket": "pi-zero-audio-data", "audio": "https://pi-zero-audio-data.s3.us-east-2.amazonaws.com/Galaxy_Tab_S7_-_Wagner/2022-12-01/likely_door/4e589cbe-707d-4ccd-a8be-1989bdb5ef71.wav", "object_key": "Galaxy_Tab_S7_-_Wagner/2022-12-01/likely_door/4e589cbe-707d-4ccd-a8be-1989bdb5ef71.wav", "json_key": "Galaxy_Tab_S7_-_Wagner/2022-12-01/likely_door/4e589cbe-707d-4ccd-a8be-1989bdb5ef71.json", "autolabels": {"YAMNet_aggregate": [{"location": {"start": 0.0, "end": 2.0}, "classifications": ["Inside, small room", "Whoosh, swoosh, swish", "Vehicle", "Silence", "Rustle"], "labels": ["Inside, small room", "Whoosh, swoosh, swish", "Vehicle", "Silence", "Rustle"], "confidences": [0.13013210892677307, 0.10255736112594604, 0.09133674949407578, 0.07659083604812622, 0.07578033208847046], "model": "TF-YAMNet-V1", "inf_time": 0.041429}], "YAMNet": [{"location": {"start": 0.0, "end": 0.96}, "classifications": ["Inside, small room", "Drawer open or close", "Door"], "labels": ["Inside, small room", "Drawer open or close", "Door"], "confidences": [0.35163137316703796, 0.19619818031787872, 0.09052670747041702], "model": "TF-YAMNet-V1", "inf_time": 0.010357}, {"location": {"start": 0.48, "end": 1.44}, "classifications": ["Silence", "Rumble", "White noise"], "labels": ["Silence", "Rumble", "White noise"], "confidences": [0.1520756483078003, 0.14879870414733887, 0.1454877108335495], "model": "TF-YAMNet-V1", "inf_time": 0.010357}, {"location": {"start": 0.96, "end": 1.92}, "classifications": ["Vehicle", "Rumble", "White noise"], "labels": ["Vehicle", "Rumble", "White noise"], "confidences": [0.24033282697200775, 0.08636525273323059, 0.08617530018091202], "model": "TF-YAMNet-V1", "inf_time": 0.010357}, {"location": {"start": 1.44, "end": 2.4}, "classifications": ["Whoosh, swoosh, swish", "Arrow", "Heart murmur"], "labels": ["Whoosh, swoosh, swish", "Arrow", "Heart murmur"], "confidences": [0.3892503082752228, 0.21662770211696625, 0.19330227375030518], "model": "TF-YAMNet-V1", "inf_time": 0.010357}]}}