{"filename": "5bd32fc5-0122-44d9-adc5-1b30f8eba875", "time": "2022-10-27T01:43:00Z", "device_manufacturer": "samsung", "device_model": "SM-T870", "device_callsign": "Galaxy Tab S7 - Wagner", "mac_address": "02:00:00:00:00:00", "extension": "wav", "data_type": "audio", "sample_rate": 44100, "events": [{"classifications": ["likely_door"], "confidences": [0.7112557888031006], "location": {"start": 0, "end": 10}, "labels": ["door"]}, {"classifications": ["likely_door"], "confidences": [0.8075863122940063], "location": {"start": 0, "end": 8}, "labels": ["door"]}], "labels": ["likely_door"], "confidences": [0.8075863122940063], "s3_bucket": "pi-zero-audio-data", "audio": "https://pi-zero-audio-data.s3.us-east-2.amazonaws.com/Galaxy_Tab_S7_-_Wagner/2022-12-01/likely_door/5bd32fc5-0122-44d9-adc5-1b30f8eba875.wav", "object_key": "Galaxy_Tab_S7_-_Wagner/2022-12-01/likely_door/5bd32fc5-0122-44d9-adc5-1b30f8eba875.wav", "json_key": "Galaxy_Tab_S7_-_Wagner/2022-12-01/likely_door/5bd32fc5-0122-44d9-adc5-1b30f8eba875.json", "autolabels": {"YAMNet_aggregate": [{"location": {"start": 0.0, "end": 2.0}, "classifications": ["Vehicle", "Music", "Car", "Motor vehicle (road)"], "labels": ["Vehicle", "Music", "Car", "Motor vehicle (road)"], "confidences": [0.3135884404182434, 0.2639543414115906, 0.0978502482175827, 0.09752373397350311], "model": "TF-YAMNet-V1", "inf_time": 0.041703}], "YAMNet": [{"location": {"start": 0.0, "end": 0.96}, "classifications": ["Music", "Guitar", "Plucked string instrument"], "labels": ["Music", "Guitar", "Plucked string instrument"], "confidences": [0.8364935517311096, 0.0700957402586937, 0.0686912015080452], "model": "TF-YAMNet-V1", "inf_time": 0.010426}, {"location": {"start": 0.48, "end": 1.44}, "classifications": ["Music", "Musical instrument", "Guitar"], "labels": ["Music", "Musical instrument", "Guitar"], "confidences": [0.2134844809770584, 0.07122859358787537, 0.06218283995985985], "model": "TF-YAMNet-V1", "inf_time": 0.010426}, {"location": {"start": 0.96, "end": 1.92}, "classifications": ["Vehicle", "Car", "Motor vehicle (road)"], "labels": ["Vehicle", "Car", "Motor vehicle (road)"], "confidences": [0.6931399703025818, 0.1863628476858139, 0.1854167878627777], "model": "TF-YAMNet-V1", "inf_time": 0.010426}, {"location": {"start": 1.44, "end": 2.4}, "classifications": ["Vehicle", "Car", "Motor vehicle (road)"], "labels": ["Vehicle", "Car", "Motor vehicle (road)"], "confidences": [0.5331531763076782, 0.18630482256412506, 0.18484461307525635], "model": "TF-YAMNet-V1", "inf_time": 0.010426}]}}