{"filename": "6798a7d2-ab90-4561-ba14-ea3be1565c2f", "time": "2022-10-27T22:46:04Z", "device_manufacturer": "samsung", "device_model": "SM-T870", "device_callsign": "Galaxy Tab S7 - Wagner", "mac_address": "02:00:00:00:00:00", "extension": "wav", "data_type": "audio", "sample_rate": 44100, "events": [{"classifications": ["likely_door"], "confidences": [0.6445127725601196], "location": {"start": 0, "end": 12}, "labels": ["door"]}], "labels": ["likely_door"], "confidences": [0.6445127725601196], "s3_bucket": "pi-zero-audio-data", "audio": "https://pi-zero-audio-data.s3.us-east-2.amazonaws.com/Galaxy_Tab_S7_-_Wagner/2022-12-01/likely_door/6798a7d2-ab90-4561-ba14-ea3be1565c2f.wav", "object_key": "Galaxy_Tab_S7_-_Wagner/2022-12-01/likely_door/6798a7d2-ab90-4561-ba14-ea3be1565c2f.wav", "json_key": "Galaxy_Tab_S7_-_Wagner/2022-12-01/likely_door/6798a7d2-ab90-4561-ba14-ea3be1565c2f.json", "autolabels": {"YAMNet_aggregate": [{"location": {"start": 0.0, "end": 0.0}, "classifications": ["Silence"], "labels": ["Silence"], "confidences": [1.0], "model": "TF-YAMNet-V1", "inf_time": 0.047525}], "YAMNet": [{"location": {"start": 0.0, "end": 0.96}, "classifications": ["Silence"], "labels": ["Silence"], "confidences": [1.0], "model": "TF-YAMNet-V1", "inf_time": 0.047525}]}}