{"filename": "6ed62284-805d-4754-b2d7-3c7bc12ca338", "time": "2022-10-27T01:37:50Z", "device_manufacturer": "samsung", "device_model": "SM-T870", "device_callsign": "Galaxy Tab S7 - Wagner", "mac_address": "02:00:00:00:00:00", "extension": "wav", "data_type": "audio", "sample_rate": 44100, "events": [{"classifications": ["likely_door"], "confidences": [0.6312096118927002], "location": {"start": 0, "end": 11}, "labels": ["door"]}, {"classifications": ["likely_door"], "confidences": [0.7619677782058716], "location": {"start": 0, "end": 13}, "labels": ["door"]}, {"classifications": ["likely_door"], "confidences": [0.8480479717254639], "location": {"start": 0, "end": 10}, "labels": ["door"]}], "labels": ["likely_door"], "confidences": [0.8480479717254639], "s3_bucket": "pi-zero-audio-data", "audio": "https://pi-zero-audio-data.s3.us-east-2.amazonaws.com/Galaxy_Tab_S7_-_Wagner/2022-12-01/likely_door/6ed62284-805d-4754-b2d7-3c7bc12ca338.wav", "object_key": "Galaxy_Tab_S7_-_Wagner/2022-12-01/likely_door/6ed62284-805d-4754-b2d7-3c7bc12ca338.wav", "json_key": "Galaxy_Tab_S7_-_Wagner/2022-12-01/likely_door/6ed62284-805d-4754-b2d7-3c7bc12ca338.json", "autolabels": {"YAMNet_aggregate": [{"location": {"start": 0.0, "end": 4.0}, "classifications": ["Inside, small room", "Sliding door", "Door", "Inside, large room or hall", "Speech"], "labels": ["Inside, small room", "Sliding door", "Door", "Inside, large room or hall", "Speech"], "confidences": [0.28291594982147217, 0.09750273078680038, 0.09523963183164597, 0.08287329971790314, 0.07047294825315475], "model": "TF-YAMNet-V1", "inf_time": 0.035603}], "YAMNet": [{"location": {"start": 0.0, "end": 0.96}, "classifications": ["Inside, small room", "Domestic animals, pets", "Animal"], "labels": ["Inside, small room", "Domestic animals, pets", "Animal"], "confidences": [0.23648367822170258, 0.1654619723558426, 0.15718553960323334], "model": "TF-YAMNet-V1", "inf_time": 0.00445}, {"location": {"start": 0.48, "end": 1.44}, "classifications": ["Sliding door", "Door", "Inside, small room"], "labels": ["Sliding door", "Door", "Inside, small room"], "confidences": [0.2631984353065491, 0.2596973776817322, 0.2474474012851715], "model": "TF-YAMNet-V1", "inf_time": 0.00445}, {"location": {"start": 0.96, "end": 1.92}, "classifications": ["Inside, small room", "Inside, large room or hall", "Door"], "labels": ["Inside, small room", "Inside, large room or hall", "Door"], "confidences": [0.4001582860946655, 0.12139293551445007, 0.11489536613225937], "model": "TF-YAMNet-V1", "inf_time": 0.00445}, {"location": {"start": 1.44, "end": 2.4}, "classifications": ["Shuffling cards", "Crack", "Inside, small room"], "labels": ["Shuffling cards", "Crack", "Inside, small room"], "confidences": [0.3342590034008026, 0.30201324820518494, 0.29456043243408203], "model": "TF-YAMNet-V1", "inf_time": 0.00445}, {"location": {"start": 1.92, "end": 2.88}, "classifications": ["Inside, small room", "Door", "Sliding door"], "labels": ["Inside, small room", "Door", "Sliding door"], "confidences": [0.32693755626678467, 0.11547597497701645, 0.10756406933069229], "model": "TF-YAMNet-V1", "inf_time": 0.00445}, {"location": {"start": 2.4, "end": 3.36}, "classifications": ["Inside, small room", "Cupboard open or close", "Drawer open or close"], "labels": ["Inside, small room", "Cupboard open or close", "Drawer open or close"], "confidences": [0.5356926918029785, 0.19946061074733734, 0.1583462357521057], "model": "TF-YAMNet-V1", "inf_time": 0.00445}, {"location": {"start": 2.88, "end": 3.84}, "classifications": ["Speech", "Inside, small room", "Writing"], "labels": ["Speech", "Inside, small room", "Writing"], "confidences": [0.4723629951477051, 0.11019828170537949, 0.05173107981681824], "model": "TF-YAMNet-V1", "inf_time": 0.00445}, {"location": {"start": 3.36, "end": 4.32}, "classifications": ["Inside, small room", "Bus", "Vehicle"], "labels": ["Inside, small room", "Bus", "Vehicle"], "confidences": [0.11184932291507721, 0.0754408910870552, 0.07441907376050949], "model": "TF-YAMNet-V1", "inf_time": 0.00445}]}}