{"filename": "736c378d-655d-4b29-87d5-3c51fde9cfaa", "time": "2022-10-27T21:35:31Z", "device_manufacturer": "samsung", "device_model": "SM-T870", "device_callsign": "Galaxy Tab S7 - Wagner", "mac_address": "02:00:00:00:00:00", "extension": "wav", "data_type": "audio", "sample_rate": 44100, "events": [{"classifications": ["likely_door"], "confidences": [0.5401392579078674], "location": {"start": 0, "end": 12}, "labels": ["door"]}, {"classifications": ["likely_door"], "confidences": [0.7165755033493042], "location": {"start": 0, "end": 10}, "labels": ["door"]}], "labels": ["likely_door"], "confidences": [0.7165755033493042], "s3_bucket": "pi-zero-audio-data", "audio": "https://pi-zero-audio-data.s3.us-east-2.amazonaws.com/Galaxy_Tab_S7_-_Wagner/2022-12-01/likely_door/736c378d-655d-4b29-87d5-3c51fde9cfaa.wav", "object_key": "Galaxy_Tab_S7_-_Wagner/2022-12-01/likely_door/736c378d-655d-4b29-87d5-3c51fde9cfaa.wav", "json_key": "Galaxy_Tab_S7_-_Wagner/2022-12-01/likely_door/736c378d-655d-4b29-87d5-3c51fde9cfaa.json", "autolabels": {"YAMNet_aggregate": [{"location": {"start": 0.0, "end": 2.0}, "classifications": ["Mechanisms", "Clock", "Tick", "Tick-tock", "Inside, small room"], "labels": ["Mechanisms", "Clock", "Tick", "Tick-tock", "Inside, small room"], "confidences": [0.19674114882946014, 0.14912346005439758, 0.13863086700439453, 0.1386115550994873, 0.11725476384162903], "model": "TF-YAMNet-V1", "inf_time": 0.054177}], "YAMNet": [{"location": {"start": 0.0, "end": 0.96}, "classifications": ["Microwave oven", "Mechanisms", "Printer"], "labels": ["Microwave oven", "Mechanisms", "Printer"], "confidences": [0.39818713068962097, 0.36317509412765503, 0.3241172730922699], "model": "TF-YAMNet-V1", "inf_time": 0.013544}, {"location": {"start": 0.48, "end": 1.44}, "classifications": ["Sliding door", "Inside, small room", "Inside, large room or hall"], "labels": ["Sliding door", "Inside, small room", "Inside, large room or hall"], "confidences": [0.1773807257413864, 0.13342411816120148, 0.11760544776916504], "model": "TF-YAMNet-V1", "inf_time": 0.013544}, {"location": {"start": 0.96, "end": 1.92}, "classifications": ["Clock", "Tick-tock", "Tick"], "labels": ["Clock", "Tick-tock", "Tick"], "confidences": [0.3486497104167938, 0.33014610409736633, 0.3029669225215912], "model": "TF-YAMNet-V1", "inf_time": 0.013544}, {"location": {"start": 1.44, "end": 2.4}, "classifications": ["Tick", "Clock", "Tick-tock"], "labels": ["Tick", "Clock", "Tick-tock"], "confidences": [0.19211173057556152, 0.18506745994091034, 0.17247958481311798], "model": "TF-YAMNet-V1", "inf_time": 0.013544}]}}