{"filename": "73ffb46d-0e9a-47d1-be4b-3f50b4f79195", "time": "2022-10-26T19:41:54Z", "device_manufacturer": "samsung", "device_model": "SM-T870", "device_callsign": "Galaxy Tab S7 - Wagner", "mac_address": "02:00:00:00:00:00", "extension": "wav", "data_type": "audio", "sample_rate": 44100, "events": [{"classifications": ["likely_door"], "confidences": [0.5073128342628479], "location": {"start": 0, "end": 8}, "labels": ["door"]}, {"classifications": ["likely_door"], "confidences": [0.5056725740432739], "location": {"start": 0, "end": 13}, "labels": ["door"]}], "labels": ["likely_door"], "confidences": [0.5073128342628479], "s3_bucket": "pi-zero-audio-data", "audio": "https://pi-zero-audio-data.s3.us-east-2.amazonaws.com/Galaxy_Tab_S7_-_Wagner/2022-12-01/likely_door/73ffb46d-0e9a-47d1-be4b-3f50b4f79195.wav", "object_key": "Galaxy_Tab_S7_-_Wagner/2022-12-01/likely_door/73ffb46d-0e9a-47d1-be4b-3f50b4f79195.wav", "json_key": "Galaxy_Tab_S7_-_Wagner/2022-12-01/likely_door/73ffb46d-0e9a-47d1-be4b-3f50b4f79195.json", "autolabels": {"YAMNet_aggregate": [{"location": {"start": 0.0, "end": 2.0}, "classifications": ["Inside, small room", "Typing", "Computer keyboard", "Scissors"], "labels": ["Inside, small room", "Typing", "Computer keyboard", "Scissors"], "confidences": [0.3177376985549927, 0.2613755762577057, 0.20153309404850006, 0.07108689099550247], "model": "TF-YAMNet-V1", "inf_time": 0.06549}], "YAMNet": [{"location": {"start": 0.0, "end": 0.96}, "classifications": ["Typing", "Computer keyboard", "Inside, small room"], "labels": ["Typing", "Computer keyboard", "Inside, small room"], "confidences": [0.6460812091827393, 0.47872602939605713, 0.3631652593612671], "model": "TF-YAMNet-V1", "inf_time": 0.016373}, {"location": {"start": 0.48, "end": 1.44}, "classifications": ["Typing", "Inside, small room", "Scissors"], "labels": ["Typing", "Inside, small room", "Scissors"], "confidences": [0.31553882360458374, 0.2794017791748047, 0.2750939428806305], "model": "TF-YAMNet-V1", "inf_time": 0.016373}, {"location": {"start": 0.96, "end": 1.92}, "classifications": ["Inside, small room"], "labels": ["Inside, small room"], "confidences": [0.5847947597503662], "model": "TF-YAMNet-V1", "inf_time": 0.016373}, {"location": {"start": 1.44, "end": 2.4}, "classifications": ["Vehicle", "Crackle", "Rattle"], "labels": ["Vehicle", "Crackle", "Rattle"], "confidences": [0.12380152940750122, 0.09939001500606537, 0.09317262470722198], "model": "TF-YAMNet-V1", "inf_time": 0.016373}]}}