{"filename": "89c903f3-b120-46b7-ac9c-d19d183117bc", "time": "2022-10-26T20:23:15Z", "device_manufacturer": "samsung", "device_model": "SM-T870", "device_callsign": "Galaxy Tab S7 - Wagner", "mac_address": "02:00:00:00:00:00", "extension": "wav", "data_type": "audio", "sample_rate": 44100, "events": [{"classifications": ["likely_door"], "confidences": [0.5454920530319214], "location": {"start": 0, "end": 11}, "labels": ["door"]}, {"classifications": ["likely_door"], "confidences": [0.8455125093460083], "location": {"start": 0, "end": 10}, "labels": ["door"]}], "labels": ["likely_door"], "confidences": [0.8455125093460083], "s3_bucket": "pi-zero-audio-data", "audio": "https://pi-zero-audio-data.s3.us-east-2.amazonaws.com/Galaxy_Tab_S7_-_Wagner/2022-12-01/likely_door/89c903f3-b120-46b7-ac9c-d19d183117bc.wav", "object_key": "Galaxy_Tab_S7_-_Wagner/2022-12-01/likely_door/89c903f3-b120-46b7-ac9c-d19d183117bc.wav", "json_key": "Galaxy_Tab_S7_-_Wagner/2022-12-01/likely_door/89c903f3-b120-46b7-ac9c-d19d183117bc.json", "autolabels": {"YAMNet_aggregate": [{"location": {"start": 0.0, "end": 2.0}, "classifications": ["Glass", "Inside, small room", "Chink, clink", "Tick", "Clock"], "labels": ["Glass", "Inside, small room", "Chink, clink", "Tick", "Clock"], "confidences": [0.13908417522907257, 0.11411590129137039, 0.10834110528230667, 0.06579138338565826, 0.05867752805352211], "model": "TF-YAMNet-V1", "inf_time": 0.043085}], "YAMNet": [{"location": {"start": 0.0, "end": 0.96}, "classifications": ["Inside, small room", "Dishes, pots, and pans"], "labels": ["Inside, small room", "Dishes, pots, and pans"], "confidences": [0.13073064386844635, 0.06165119260549545], "model": "TF-YAMNet-V1", "inf_time": 0.010771}, {"location": {"start": 0.48, "end": 1.44}, "classifications": ["Glass", "Chink, clink", "Ping"], "labels": ["Glass", "Chink, clink", "Ping"], "confidences": [0.3127555847167969, 0.2976243793964386, 0.15784454345703125], "model": "TF-YAMNet-V1", "inf_time": 0.010771}, {"location": {"start": 0.96, "end": 1.92}, "classifications": ["Glass", "Inside, small room", "Chink, clink"], "labels": ["Glass", "Inside, small room", "Chink, clink"], "confidences": [0.20093345642089844, 0.18211744725704193, 0.1192573755979538], "model": "TF-YAMNet-V1", "inf_time": 0.010771}, {"location": {"start": 1.44, "end": 2.4}, "classifications": ["Mechanisms", "Tick", "Clock"], "labels": ["Mechanisms", "Tick", "Clock"], "confidences": [0.1219160333275795, 0.10448841005563736, 0.10276952385902405], "model": "TF-YAMNet-V1", "inf_time": 0.010771}]}}