{"filename": "9207253c-86f1-467f-bec1-bd2fce86330c", "time": "2022-10-27T21:38:54Z", "device_manufacturer": "samsung", "device_model": "SM-T870", "device_callsign": "Galaxy Tab S7 - Wagner", "mac_address": "02:00:00:00:00:00", "extension": "wav", "data_type": "audio", "sample_rate": 44100, "events": [{"classifications": ["likely_door"], "confidences": [0.5188480019569397], "location": {"start": 0, "end": 11}, "labels": ["door"]}], "labels": ["likely_door"], "confidences": [0.5188480019569397], "s3_bucket": "pi-zero-audio-data", "audio": "https://pi-zero-audio-data.s3.us-east-2.amazonaws.com/Galaxy_Tab_S7_-_Wagner/2022-12-01/likely_door/9207253c-86f1-467f-bec1-bd2fce86330c.wav", "object_key": "Galaxy_Tab_S7_-_Wagner/2022-12-01/likely_door/9207253c-86f1-467f-bec1-bd2fce86330c.wav", "json_key": "Galaxy_Tab_S7_-_Wagner/2022-12-01/likely_door/9207253c-86f1-467f-bec1-bd2fce86330c.json", "autolabels": {"YAMNet_aggregate": [{"location": {"start": 0.0, "end": 0.0}, "classifications": ["Silence"], "labels": ["Silence"], "confidences": [1.0], "model": "TF-YAMNet-V1", "inf_time": 0.038345}], "YAMNet": [{"location": {"start": 0.0, "end": 0.96}, "classifications": ["Silence"], "labels": ["Silence"], "confidences": [1.0], "model": "TF-YAMNet-V1", "inf_time": 0.038345}]}}