{"filename": "966fb848-5035-4aea-a859-24cd639a8f1b", "time": "2022-10-27T01:53:39Z", "device_manufacturer": "samsung", "device_model": "SM-T870", "device_callsign": "Galaxy Tab S7 - Wagner", "mac_address": "02:00:00:00:00:00", "extension": "wav", "data_type": "audio", "sample_rate": 44100, "events": [{"classifications": ["likely_door"], "confidences": [0.5799517035484314], "location": {"start": 0, "end": 11}, "labels": ["door"]}], "labels": ["likely_door"], "confidences": [0.5799517035484314], "s3_bucket": "pi-zero-audio-data", "audio": "https://pi-zero-audio-data.s3.us-east-2.amazonaws.com/Galaxy_Tab_S7_-_Wagner/2022-12-01/likely_door/966fb848-5035-4aea-a859-24cd639a8f1b.wav", "object_key": "Galaxy_Tab_S7_-_Wagner/2022-12-01/likely_door/966fb848-5035-4aea-a859-24cd639a8f1b.wav", "json_key": "Galaxy_Tab_S7_-_Wagner/2022-12-01/likely_door/966fb848-5035-4aea-a859-24cd639a8f1b.json", "autolabels": {"YAMNet_aggregate": [{"location": {"start": 0.0, "end": 0.0}, "classifications": ["Silence"], "labels": ["Silence"], "confidences": [1.0], "model": "TF-YAMNet-V1", "inf_time": 0.038324}], "YAMNet": [{"location": {"start": 0.0, "end": 0.96}, "classifications": ["Silence"], "labels": ["Silence"], "confidences": [1.0], "model": "TF-YAMNet-V1", "inf_time": 0.038324}]}}