{"filename": "9ba52db7-655c-4501-823f-c618727289cf", "time": "2022-10-27T02:31:40Z", "device_manufacturer": "samsung", "device_model": "SM-T870", "device_callsign": "Galaxy Tab S7 - Wagner", "mac_address": "02:00:00:00:00:00", "extension": "wav", "data_type": "audio", "sample_rate": 44100, "events": [{"classifications": ["likely_door"], "confidences": [0.6878306269645691], "location": {"start": 0, "end": 30}, "labels": ["door"]}, {"classifications": ["unknown"], "confidences": [0.28340333700180054], "location": {"start": 0, "end": 11}, "labels": ["door"]}], "labels": ["likely_door", "unknown"], "confidences": [0.6878306269645691, 0.28340333700180054], "s3_bucket": "pi-zero-audio-data", "audio": "https://pi-zero-audio-data.s3.us-east-2.amazonaws.com/Galaxy_Tab_S7_-_Wagner/2022-12-01/likely_door/9ba52db7-655c-4501-823f-c618727289cf.wav", "object_key": "Galaxy_Tab_S7_-_Wagner/2022-12-01/likely_door/9ba52db7-655c-4501-823f-c618727289cf.wav", "json_key": "Galaxy_Tab_S7_-_Wagner/2022-12-01/likely_door/9ba52db7-655c-4501-823f-c618727289cf.json", "autolabels": {"YAMNet_aggregate": [{"location": {"start": 0.0, "end": 2.0}, "classifications": ["Inside, small room", "Mechanisms", "Tick", "Keys jangling", "Clock"], "labels": ["Inside, small room", "Mechanisms", "Tick", "Keys jangling", "Clock"], "confidences": [0.2793217897415161, 0.07978396117687225, 0.07166372239589691, 0.06655627489089966, 0.0656002014875412], "model": "TF-YAMNet-V1", "inf_time": 0.067459}], "YAMNet": [{"location": {"start": 0.0, "end": 0.96}, "classifications": ["Inside, small room", "Keys jangling", "Patter"], "labels": ["Inside, small room", "Keys jangling", "Patter"], "confidences": [0.5422279238700867, 0.2407916933298111, 0.10330069065093994], "model": "TF-YAMNet-V1", "inf_time": 0.016865}, {"location": {"start": 0.48, "end": 1.44}, "classifications": ["Inside, small room", "Camera", "Crackle"], "labels": ["Inside, small room", "Camera", "Crackle"], "confidences": [0.3119879364967346, 0.07191362977027893, 0.05818180739879608], "model": "TF-YAMNet-V1", "inf_time": 0.016865}, {"location": {"start": 0.96, "end": 1.92}, "classifications": ["Inside, small room", "Squish", "Rustle"], "labels": ["Inside, small room", "Squish", "Rustle"], "confidences": [0.22596263885498047, 0.08099374175071716, 0.06777691096067429], "model": "TF-YAMNet-V1", "inf_time": 0.016865}, {"location": {"start": 1.44, "end": 2.4}, "classifications": ["Tick", "Clock", "Tick-tock"], "labels": ["Tick", "Clock", "Tick-tock"], "confidences": [0.21148797869682312, 0.1997459977865219, 0.1681133508682251], "model": "TF-YAMNet-V1", "inf_time": 0.016865}]}}