{"filename": "a09e0600-3cb7-4827-ae39-0d6ca6713471", "time": "2022-10-27T18:29:21Z", "device_manufacturer": "samsung", "device_model": "SM-T870", "device_callsign": "Galaxy Tab S7 - Wagner", "mac_address": "02:00:00:00:00:00", "extension": "wav", "data_type": "audio", "sample_rate": 44100, "events": [{"classifications": ["likely_door"], "confidences": [0.6931815147399902], "location": {"start": 0, "end": 11}, "labels": ["door"]}, {"classifications": ["likely_door"], "confidences": [0.7026108503341675], "location": {"start": 0, "end": 9}, "labels": ["door"]}], "labels": ["likely_door"], "confidences": [0.7026108503341675], "s3_bucket": "pi-zero-audio-data", "audio": "https://pi-zero-audio-data.s3.us-east-2.amazonaws.com/Galaxy_Tab_S7_-_Wagner/2022-12-01/likely_door/a09e0600-3cb7-4827-ae39-0d6ca6713471.wav", "object_key": "Galaxy_Tab_S7_-_Wagner/2022-12-01/likely_door/a09e0600-3cb7-4827-ae39-0d6ca6713471.wav", "json_key": "Galaxy_Tab_S7_-_Wagner/2022-12-01/likely_door/a09e0600-3cb7-4827-ae39-0d6ca6713471.json", "autolabels": {"YAMNet_aggregate": [{"location": {"start": 0.0, "end": 2.0}, "classifications": ["Inside, small room", "Chewing, mastication", "Drip"], "labels": ["Inside, small room", "Chewing, mastication", "Drip"], "confidences": [0.3623323142528534, 0.10998179763555527, 0.05480605363845825], "model": "TF-YAMNet-V1", "inf_time": 0.05259}], "YAMNet": [{"location": {"start": 0.0, "end": 0.96}, "classifications": ["Inside, small room", "Rustle", "Mechanisms"], "labels": ["Inside, small room", "Rustle", "Mechanisms"], "confidences": [0.19630637764930725, 0.08677982538938522, 0.07634434849023819], "model": "TF-YAMNet-V1", "inf_time": 0.013147}, {"location": {"start": 0.48, "end": 1.44}, "classifications": ["Inside, small room"], "labels": ["Inside, small room"], "confidences": [0.5006645917892456], "model": "TF-YAMNet-V1", "inf_time": 0.013147}, {"location": {"start": 0.96, "end": 1.92}, "classifications": ["Inside, small room", "Chewing, mastication", "Biting"], "labels": ["Inside, small room", "Chewing, mastication", "Biting"], "confidences": [0.6536439657211304, 0.37312403321266174, 0.08934502303600311], "model": "TF-YAMNet-V1", "inf_time": 0.013147}, {"location": {"start": 1.44, "end": 2.4}, "classifications": ["Drip", "Tick", "Clock"], "labels": ["Drip", "Tick", "Clock"], "confidences": [0.19534100592136383, 0.17481641471385956, 0.15333570539951324], "model": "TF-YAMNet-V1", "inf_time": 0.013147}]}}