{"filename": "a4679767-57cd-41c3-bcc5-25c2feb934a7", "time": "2022-10-27T18:34:40Z", "device_manufacturer": "samsung", "device_model": "SM-T870", "device_callsign": "Galaxy Tab S7 - Wagner", "mac_address": "02:00:00:00:00:00", "extension": "wav", "data_type": "audio", "sample_rate": 44100, "events": [{"classifications": ["likely_door"], "confidences": [0.6833949685096741], "location": {"start": 0, "end": 11}, "labels": ["door"]}, {"classifications": ["unknown"], "confidences": [0.3540096879005432], "location": {"start": 0, "end": 16}, "labels": ["door"]}], "labels": ["likely_door", "unknown"], "confidences": [0.6833949685096741, 0.3540096879005432], "s3_bucket": "pi-zero-audio-data", "audio": "https://pi-zero-audio-data.s3.us-east-2.amazonaws.com/Galaxy_Tab_S7_-_Wagner/2022-12-01/likely_door/a4679767-57cd-41c3-bcc5-25c2feb934a7.wav", "object_key": "Galaxy_Tab_S7_-_Wagner/2022-12-01/likely_door/a4679767-57cd-41c3-bcc5-25c2feb934a7.wav", "json_key": "Galaxy_Tab_S7_-_Wagner/2022-12-01/likely_door/a4679767-57cd-41c3-bcc5-25c2feb934a7.json", "autolabels": {"YAMNet_aggregate": [{"location": {"start": 0.0, "end": 2.0}, "classifications": ["Inside, small room", "Dishes, pots, and pans", "Inside, large room or hall"], "labels": ["Inside, small room", "Dishes, pots, and pans", "Inside, large room or hall"], "confidences": [0.33649882674217224, 0.05927174910902977, 0.05829540640115738], "model": "TF-YAMNet-V1", "inf_time": 0.038286}], "YAMNet": [{"location": {"start": 0.0, "end": 0.96}, "classifications": ["Inside, small room", "Drawer open or close", "Dishes, pots, and pans"], "labels": ["Inside, small room", "Drawer open or close", "Dishes, pots, and pans"], "confidences": [0.4463634192943573, 0.14595814049243927, 0.10293623805046082], "model": "TF-YAMNet-V1", "inf_time": 0.009571}, {"location": {"start": 0.48, "end": 1.44}, "classifications": ["Inside, small room", "Dishes, pots, and pans", "Inside, large room or hall"], "labels": ["Inside, small room", "Dishes, pots, and pans", "Inside, large room or hall"], "confidences": [0.5858587026596069, 0.1313418298959732, 0.08352668583393097], "model": "TF-YAMNet-V1", "inf_time": 0.009571}, {"location": {"start": 0.96, "end": 1.92}, "classifications": ["Inside, small room", "Snake"], "labels": ["Inside, small room", "Snake"], "confidences": [0.27509212493896484, 0.06092611327767372], "model": "TF-YAMNet-V1", "inf_time": 0.009571}, {"location": {"start": 1.44, "end": 2.4}, "classifications": ["Vehicle", "Wild animals", "Animal"], "labels": ["Vehicle", "Wild animals", "Animal"], "confidences": [0.10145256668329239, 0.09777332842350006, 0.09552676230669022], "model": "TF-YAMNet-V1", "inf_time": 0.009571}]}}