{"filename": "a6355dc8-83ab-4c53-b35f-f22cfa3d4f0c", "time": "2022-10-27T19:02:54Z", "device_manufacturer": "samsung", "device_model": "SM-T870", "device_callsign": "Galaxy Tab S7 - Wagner", "mac_address": "02:00:00:00:00:00", "extension": "wav", "data_type": "audio", "sample_rate": 44100, "events": [{"classifications": ["likely_door"], "confidences": [0.8050843477249146], "location": {"start": 0, "end": 10}, "labels": ["door"]}, {"classifications": ["unknown"], "confidences": [0.3894546329975128], "location": {"start": 0, "end": 15}, "labels": ["door"]}], "labels": ["likely_door", "unknown"], "confidences": [0.8050843477249146, 0.3894546329975128], "s3_bucket": "pi-zero-audio-data", "audio": "https://pi-zero-audio-data.s3.us-east-2.amazonaws.com/Galaxy_Tab_S7_-_Wagner/2022-12-01/likely_door/a6355dc8-83ab-4c53-b35f-f22cfa3d4f0c.wav", "object_key": "Galaxy_Tab_S7_-_Wagner/2022-12-01/likely_door/a6355dc8-83ab-4c53-b35f-f22cfa3d4f0c.wav", "json_key": "Galaxy_Tab_S7_-_Wagner/2022-12-01/likely_door/a6355dc8-83ab-4c53-b35f-f22cfa3d4f0c.json", "autolabels": {"YAMNet_aggregate": [{"location": {"start": 0.0, "end": 2.0}, "classifications": ["Bird", "Pigeon, dove", "Wild animals", "Animal", "Inside, small room"], "labels": ["Bird", "Pigeon, dove", "Wild animals", "Animal", "Inside, small room"], "confidences": [0.1614983230829239, 0.14011310040950775, 0.13654647767543793, 0.12644214928150177, 0.08567807823419571], "model": "TF-YAMNet-V1", "inf_time": 0.056391}], "YAMNet": [{"location": {"start": 0.0, "end": 0.96}, "classifications": ["Bird", "Pigeon, dove", "Wild animals"], "labels": ["Bird", "Pigeon, dove", "Wild animals"], "confidences": [0.631001353263855, 0.5509250164031982, 0.524567186832428], "model": "TF-YAMNet-V1", "inf_time": 0.014098}, {"location": {"start": 0.48, "end": 1.44}, "classifications": ["Mechanical fan", "Vehicle", "Silence"], "labels": ["Mechanical fan", "Vehicle", "Silence"], "confidences": [0.09520238637924194, 0.09316631406545639, 0.09209870547056198], "model": "TF-YAMNet-V1", "inf_time": 0.014098}, {"location": {"start": 0.96, "end": 1.92}, "classifications": ["Inside, small room", "Silence"], "labels": ["Inside, small room", "Silence"], "confidences": [0.11148625612258911, 0.061436738818883896], "model": "TF-YAMNet-V1", "inf_time": 0.014098}, {"location": {"start": 1.44, "end": 2.4}, "classifications": ["Wind", "Vehicle", "Silence"], "labels": ["Wind", "Vehicle", "Silence"], "confidences": [0.15927088260650635, 0.10932933539152145, 0.09699402004480362], "model": "TF-YAMNet-V1", "inf_time": 0.014098}]}}