{"filename": "ba724804-c859-4641-9b6b-041a0487bf32", "time": "2022-10-27T21:59:41Z", "device_manufacturer": "samsung", "device_model": "SM-T870", "device_callsign": "Galaxy Tab S7 - Wagner", "mac_address": "02:00:00:00:00:00", "extension": "wav", "data_type": "audio", "sample_rate": 44100, "events": [{"classifications": ["likely_door"], "confidences": [0.7586308121681213], "location": {"start": 0, "end": 10}, "labels": ["door"]}, {"classifications": ["likely_door"], "confidences": [0.7729255557060242], "location": {"start": 0, "end": 9}, "labels": ["door"]}], "labels": ["likely_door"], "confidences": [0.7729255557060242], "s3_bucket": "pi-zero-audio-data", "audio": "https://pi-zero-audio-data.s3.us-east-2.amazonaws.com/Galaxy_Tab_S7_-_Wagner/2022-12-01/likely_door/ba724804-c859-4641-9b6b-041a0487bf32.wav", "object_key": "Galaxy_Tab_S7_-_Wagner/2022-12-01/likely_door/ba724804-c859-4641-9b6b-041a0487bf32.wav", "json_key": "Galaxy_Tab_S7_-_Wagner/2022-12-01/likely_door/ba724804-c859-4641-9b6b-041a0487bf32.json", "autolabels": {"YAMNet_aggregate": [{"location": {"start": 0.0, "end": 2.0}, "classifications": ["Inside, small room", "Mechanisms", "Typing", "Computer keyboard", "Tick"], "labels": ["Inside, small room", "Mechanisms", "Typing", "Computer keyboard", "Tick"], "confidences": [0.43270161747932434, 0.08598224818706512, 0.08202436566352844, 0.07182186841964722, 0.054238464683294296], "model": "TF-YAMNet-V1", "inf_time": 0.053758}], "YAMNet": [{"location": {"start": 0.0, "end": 0.96}, "classifications": ["Inside, small room", "Typing", "Computer keyboard"], "labels": ["Inside, small room", "Typing", "Computer keyboard"], "confidences": [0.5948533415794373, 0.22762040793895721, 0.20267297327518463], "model": "TF-YAMNet-V1", "inf_time": 0.013439}, {"location": {"start": 0.48, "end": 1.44}, "classifications": ["Inside, small room", "Mechanisms", "Car"], "labels": ["Inside, small room", "Mechanisms", "Car"], "confidences": [0.4284524917602539, 0.13078497350215912, 0.11638308316469193], "model": "TF-YAMNet-V1", "inf_time": 0.013439}, {"location": {"start": 0.96, "end": 1.92}, "classifications": ["Inside, small room", "Tick", "Mechanisms"], "labels": ["Inside, small room", "Tick", "Mechanisms"], "confidences": [0.6170854568481445, 0.06796274334192276, 0.05686098337173462], "model": "TF-YAMNet-V1", "inf_time": 0.013439}, {"location": {"start": 1.44, "end": 2.4}, "classifications": ["Rattle", "Inside, small room", "Mechanisms"], "labels": ["Rattle", "Inside, small room", "Mechanisms"], "confidences": [0.09101714193820953, 0.09041512757539749, 0.08177639544010162], "model": "TF-YAMNet-V1", "inf_time": 0.013439}]}}