{"filename": "c4c492bf-fc10-47bc-a0a4-6708bb61487f", "time": "2022-10-27T17:49:48Z", "device_manufacturer": "samsung", "device_model": "SM-T870", "device_callsign": "Galaxy Tab S7 - Wagner", "mac_address": "02:00:00:00:00:00", "extension": "wav", "data_type": "audio", "sample_rate": 44100, "events": [{"classifications": ["unknown"], "confidences": [0.47192272543907166], "location": {"start": 0, "end": 11}, "labels": ["door"]}, {"classifications": ["likely_door"], "confidences": [0.6642442345619202], "location": {"start": 0, "end": 19}, "labels": ["door"]}], "labels": ["unknown", "likely_door"], "confidences": [0.47192272543907166, 0.6642442345619202], "s3_bucket": "pi-zero-audio-data", "audio": "https://pi-zero-audio-data.s3.us-east-2.amazonaws.com/Galaxy_Tab_S7_-_Wagner/2022-12-01/likely_door/c4c492bf-fc10-47bc-a0a4-6708bb61487f.wav", "object_key": "Galaxy_Tab_S7_-_Wagner/2022-12-01/likely_door/c4c492bf-fc10-47bc-a0a4-6708bb61487f.wav", "json_key": "Galaxy_Tab_S7_-_Wagner/2022-12-01/likely_door/c4c492bf-fc10-47bc-a0a4-6708bb61487f.json", "autolabels": {"YAMNet_aggregate": [{"location": {"start": 0.0, "end": 2.0}, "classifications": ["Inside, small room", "Squish", "Rustle", "Typing"], "labels": ["Inside, small room", "Squish", "Rustle", "Typing"], "confidences": [0.22366130352020264, 0.08265857398509979, 0.06473442167043686, 0.054498832672834396], "model": "TF-YAMNet-V1", "inf_time": 0.087554}], "YAMNet": [{"location": {"start": 0.0, "end": 0.96}, "classifications": ["Inside, small room", "Typing", "Computer keyboard"], "labels": ["Inside, small room", "Typing", "Computer keyboard"], "confidences": [0.4176675081253052, 0.17382432520389557, 0.12330933660268784], "model": "TF-YAMNet-V1", "inf_time": 0.021889}, {"location": {"start": 0.48, "end": 1.44}, "classifications": ["Inside, small room", "Coin (dropping)", "Squish"], "labels": ["Inside, small room", "Coin (dropping)", "Squish"], "confidences": [0.3791095018386841, 0.12764164805412292, 0.06488300859928131], "model": "TF-YAMNet-V1", "inf_time": 0.021889}, {"location": {"start": 0.96, "end": 1.92}, "classifications": ["Squish", "Rustle", "Sonar"], "labels": ["Squish", "Rustle", "Sonar"], "confidences": [0.21336418390274048, 0.17519153654575348, 0.15220166742801666], "model": "TF-YAMNet-V1", "inf_time": 0.021889}, {"location": {"start": 1.44, "end": 2.4}, "classifications": ["Raindrop", "Thunderstorm", "Music"], "labels": ["Raindrop", "Thunderstorm", "Music"], "confidences": [0.11328599601984024, 0.09123080968856812, 0.08997070044279099], "model": "TF-YAMNet-V1", "inf_time": 0.021889}]}}