{"filename": "ce26b4b8-6f39-43ca-a225-853c053cce59", "time": "2022-10-20T17:57:36Z", "device_manufacturer": "samsung", "device_model": "SM-T870", "device_callsign": "Galaxy Tab S7 - Wagner", "mac_address": "02:00:00:00:00:00", "extension": "wav", "data_type": "audio", "sample_rate": 44100, "events": [{"classifications": ["unknown"], "confidences": [0.4697863757610321], "location": {"start": 0, "end": 6}, "labels": ["door"]}, {"classifications": ["likely_door"], "confidences": [0.7155985236167908], "location": {"start": 0, "end": 11}, "labels": ["door"]}], "labels": ["unknown", "likely_door"], "confidences": [0.4697863757610321, 0.7155985236167908], "s3_bucket": "pi-zero-audio-data", "audio": "https://pi-zero-audio-data.s3.us-east-2.amazonaws.com/Galaxy_Tab_S7_-_Wagner/2022-12-01/likely_door/ce26b4b8-6f39-43ca-a225-853c053cce59.wav", "object_key": "Galaxy_Tab_S7_-_Wagner/2022-12-01/likely_door/ce26b4b8-6f39-43ca-a225-853c053cce59.wav", "json_key": "Galaxy_Tab_S7_-_Wagner/2022-12-01/likely_door/ce26b4b8-6f39-43ca-a225-853c053cce59.json", "autolabels": {"YAMNet_aggregate": [{"location": {"start": 0.0, "end": 2.0}, "classifications": ["Inside, small room", "Thunderstorm", "Tuning fork", "Silence", "Rustle"], "labels": ["Inside, small room", "Thunderstorm", "Tuning fork", "Silence", "Rustle"], "confidences": [0.20253580808639526, 0.08914074301719666, 0.08135391771793365, 0.07865186780691147, 0.07654362916946411], "model": "TF-YAMNet-V1", "inf_time": 0.036321}], "YAMNet": [{"location": {"start": 0.0, "end": 0.96}, "classifications": ["Inside, small room"], "labels": ["Inside, small room"], "confidences": [0.5010489821434021], "model": "TF-YAMNet-V1", "inf_time": 0.00908}, {"location": {"start": 0.48, "end": 1.44}, "classifications": ["Inside, small room", "Silence", "Door"], "labels": ["Inside, small room", "Silence", "Door"], "confidences": [0.1282719522714615, 0.12222560495138168, 0.07865560054779053], "model": "TF-YAMNet-V1", "inf_time": 0.00908}, {"location": {"start": 0.96, "end": 1.92}, "classifications": ["Inside, small room", "Mechanical fan", "Silence"], "labels": ["Inside, small room", "Mechanical fan", "Silence"], "confidences": [0.16228166222572327, 0.15229852497577667, 0.11165683716535568], "model": "TF-YAMNet-V1", "inf_time": 0.00908}, {"location": {"start": 1.44, "end": 2.4}, "classifications": ["Thunderstorm", "Tuning fork", "Thunder"], "labels": ["Thunderstorm", "Tuning fork", "Thunder"], "confidences": [0.3298736810684204, 0.3161192536354065, 0.2712796926498413], "model": "TF-YAMNet-V1", "inf_time": 0.00908}]}}