{"filename": "d5136152-ba07-46b5-8159-bca09a5cc713", "time": "2022-10-27T18:27:48Z", "device_manufacturer": "samsung", "device_model": "SM-T870", "device_callsign": "Galaxy Tab S7 - Wagner", "mac_address": "02:00:00:00:00:00", "extension": "wav", "data_type": "audio", "sample_rate": 44100, "events": [{"classifications": ["likely_door"], "confidences": [0.7255340814590454], "location": {"start": 0, "end": 11}, "labels": ["door"]}, {"classifications": ["likely_door"], "confidences": [0.7171575427055359], "location": {"start": 0, "end": 11}, "labels": ["door"]}], "labels": ["likely_door"], "confidences": [0.7255340814590454], "s3_bucket": "pi-zero-audio-data", "audio": "https://pi-zero-audio-data.s3.us-east-2.amazonaws.com/Galaxy_Tab_S7_-_Wagner/2022-12-01/likely_door/d5136152-ba07-46b5-8159-bca09a5cc713.wav", "object_key": "Galaxy_Tab_S7_-_Wagner/2022-12-01/likely_door/d5136152-ba07-46b5-8159-bca09a5cc713.wav", "json_key": "Galaxy_Tab_S7_-_Wagner/2022-12-01/likely_door/d5136152-ba07-46b5-8159-bca09a5cc713.json", "autolabels": {"YAMNet_aggregate": [{"location": {"start": 0.0, "end": 2.0}, "classifications": ["Inside, small room", "Squish", "Mechanisms", "Tick"], "labels": ["Inside, small room", "Squish", "Mechanisms", "Tick"], "confidences": [0.18984225392341614, 0.08304484188556671, 0.06623980402946472, 0.05888707935810089], "model": "TF-YAMNet-V1", "inf_time": 0.040646}], "YAMNet": [{"location": {"start": 0.0, "end": 0.96}, "classifications": ["Inside, small room", "Dishes, pots, and pans"], "labels": ["Inside, small room", "Dishes, pots, and pans"], "confidences": [0.321504145860672, 0.08608247339725494], "model": "TF-YAMNet-V1", "inf_time": 0.010162}, {"location": {"start": 0.48, "end": 1.44}, "classifications": ["Squish", "Inside, small room", "Sonar"], "labels": ["Squish", "Inside, small room", "Sonar"], "confidences": [0.3083385229110718, 0.17612771689891815, 0.1574169546365738], "model": "TF-YAMNet-V1", "inf_time": 0.010162}, {"location": {"start": 0.96, "end": 1.92}, "classifications": ["Inside, small room", "Silence", "White noise"], "labels": ["Inside, small room", "Silence", "White noise"], "confidences": [0.1969050019979477, 0.0705895721912384, 0.05348163843154907], "model": "TF-YAMNet-V1", "inf_time": 0.010162}, {"location": {"start": 1.44, "end": 2.4}, "classifications": ["Mechanisms", "Tick", "Clock"], "labels": ["Mechanisms", "Tick", "Clock"], "confidences": [0.1611255407333374, 0.10430988669395447, 0.08949588984251022], "model": "TF-YAMNet-V1", "inf_time": 0.010162}]}}