{"filename": "da49c687-d849-40e4-b4aa-87affca971c3", "time": "2022-10-20T18:03:12Z", "device_manufacturer": "samsung", "device_model": "SM-T870", "device_callsign": "Galaxy Tab S7 - Wagner", "mac_address": "02:00:00:00:00:00", "extension": "wav", "data_type": "audio", "sample_rate": 44100, "events": [{"classifications": ["likely_door"], "confidences": [0.7370866537094116], "location": {"start": 0, "end": 9}, "labels": ["door"]}, {"classifications": ["unknown"], "confidences": [0.49533143639564514], "location": {"start": 0, "end": 10}, "labels": ["door"]}], "labels": ["likely_door", "unknown"], "confidences": [0.7370866537094116, 0.49533143639564514], "s3_bucket": "pi-zero-audio-data", "audio": "https://pi-zero-audio-data.s3.us-east-2.amazonaws.com/Galaxy_Tab_S7_-_Wagner/2022-12-01/likely_door/da49c687-d849-40e4-b4aa-87affca971c3.wav", "object_key": "Galaxy_Tab_S7_-_Wagner/2022-12-01/likely_door/da49c687-d849-40e4-b4aa-87affca971c3.wav", "json_key": "Galaxy_Tab_S7_-_Wagner/2022-12-01/likely_door/da49c687-d849-40e4-b4aa-87affca971c3.json", "autolabels": {"YAMNet_aggregate": [{"location": {"start": 0.0, "end": 2.0}, "classifications": ["Inside, small room", "Fire", "Squish", "Crackle", "Speech"], "labels": ["Inside, small room", "Fire", "Squish", "Crackle", "Speech"], "confidences": [0.19720777869224548, 0.06394966691732407, 0.06250082701444626, 0.05676180124282837, 0.052304912358522415], "model": "TF-YAMNet-V1", "inf_time": 0.0418}], "YAMNet": [{"location": {"start": 0.0, "end": 0.96}, "classifications": ["Inside, small room", "Door", "Bouncing"], "labels": ["Inside, small room", "Door", "Bouncing"], "confidences": [0.22027745842933655, 0.12174747884273529, 0.10390246659517288], "model": "TF-YAMNet-V1", "inf_time": 0.01045}, {"location": {"start": 0.48, "end": 1.44}, "classifications": ["Inside, small room", "Squish", "Fire"], "labels": ["Inside, small room", "Squish", "Fire"], "confidences": [0.2681827247142792, 0.21633605659008026, 0.21183553338050842], "model": "TF-YAMNet-V1", "inf_time": 0.01045}, {"location": {"start": 0.96, "end": 1.92}, "classifications": ["Inside, small room", "Microwave oven", "Mechanical fan"], "labels": ["Inside, small room", "Microwave oven", "Mechanical fan"], "confidences": [0.2389998584985733, 0.151265487074852, 0.11463646590709686], "model": "TF-YAMNet-V1", "inf_time": 0.01045}, {"location": {"start": 1.44, "end": 2.4}, "classifications": ["Animal", "Pigeon, dove", "Speech"], "labels": ["Animal", "Pigeon, dove", "Speech"], "confidences": [0.1532747596502304, 0.14358527958393097, 0.13856559991836548], "model": "TF-YAMNet-V1", "inf_time": 0.01045}]}}