{"filename": "de5fd700-8d5a-44d3-b119-bf66340d3a5f", "time": "2022-10-27T17:36:29Z", "device_manufacturer": "samsung", "device_model": "SM-T870", "device_callsign": "Galaxy Tab S7 - Wagner", "mac_address": "02:00:00:00:00:00", "extension": "wav", "data_type": "audio", "sample_rate": 44100, "events": [{"classifications": ["likely_door"], "confidences": [0.5995140075683594], "location": {"start": 0, "end": 11}, "labels": ["door"]}, {"classifications": ["unknown"], "confidences": [0.311729371547699], "location": {"start": 0, "end": 10}, "labels": ["door"]}], "labels": ["likely_door", "unknown"], "confidences": [0.5995140075683594, 0.311729371547699], "s3_bucket": "pi-zero-audio-data", "audio": "https://pi-zero-audio-data.s3.us-east-2.amazonaws.com/Galaxy_Tab_S7_-_Wagner/2022-12-01/likely_door/de5fd700-8d5a-44d3-b119-bf66340d3a5f.wav", "object_key": "Galaxy_Tab_S7_-_Wagner/2022-12-01/likely_door/de5fd700-8d5a-44d3-b119-bf66340d3a5f.wav", "json_key": "Galaxy_Tab_S7_-_Wagner/2022-12-01/likely_door/de5fd700-8d5a-44d3-b119-bf66340d3a5f.json", "autolabels": {"YAMNet_aggregate": [{"location": {"start": 0.0, "end": 2.0}, "classifications": ["Typing", "Inside, small room", "Computer keyboard"], "labels": ["Typing", "Inside, small room", "Computer keyboard"], "confidences": [0.22664198279380798, 0.210789754986763, 0.17890946567058563], "model": "TF-YAMNet-V1", "inf_time": 0.03554}], "YAMNet": [{"location": {"start": 0.0, "end": 0.96}, "classifications": ["Typing", "Computer keyboard", "Inside, small room"], "labels": ["Typing", "Computer keyboard", "Inside, small room"], "confidences": [0.6694967150688171, 0.5643925666809082, 0.1684197187423706], "model": "TF-YAMNet-V1", "inf_time": 0.008885}, {"location": {"start": 0.48, "end": 1.44}, "classifications": ["Inside, small room", "Typing", "Computer keyboard"], "labels": ["Inside, small room", "Typing", "Computer keyboard"], "confidences": [0.20561346411705017, 0.13582757115364075, 0.09902678430080414], "model": "TF-YAMNet-V1", "inf_time": 0.008885}, {"location": {"start": 0.96, "end": 1.92}, "classifications": ["Inside, small room", "Typing"], "labels": ["Inside, small room", "Typing"], "confidences": [0.40157029032707214, 0.09620322287082672], "model": "TF-YAMNet-V1", "inf_time": 0.008885}, {"location": {"start": 1.44, "end": 2.4}, "classifications": ["Snake", "Inside, small room", "Motor vehicle (road)"], "labels": ["Snake", "Inside, small room", "Motor vehicle (road)"], "confidences": [0.07559802383184433, 0.06755553185939789, 0.06558147072792053], "model": "TF-YAMNet-V1", "inf_time": 0.008885}]}}