{"filename": "ea720c98-59bd-4562-bf87-af7ae3fb8153", "time": "2022-10-27T17:31:19Z", "device_manufacturer": "samsung", "device_model": "SM-T870", "device_callsign": "Galaxy Tab S7 - Wagner", "mac_address": "02:00:00:00:00:00", "extension": "wav", "data_type": "audio", "sample_rate": 44100, "events": [{"classifications": ["unknown"], "confidences": [0.36021313071250916], "location": {"start": 0, "end": 15}, "labels": ["door"]}, {"classifications": ["likely_door"], "confidences": [0.528949499130249], "location": {"start": 0, "end": 10}, "labels": ["door"]}], "labels": ["unknown", "likely_door"], "confidences": [0.36021313071250916, 0.528949499130249], "s3_bucket": "pi-zero-audio-data", "audio": "https://pi-zero-audio-data.s3.us-east-2.amazonaws.com/Galaxy_Tab_S7_-_Wagner/2022-12-01/likely_door/ea720c98-59bd-4562-bf87-af7ae3fb8153.wav", "object_key": "Galaxy_Tab_S7_-_Wagner/2022-12-01/likely_door/ea720c98-59bd-4562-bf87-af7ae3fb8153.wav", "json_key": "Galaxy_Tab_S7_-_Wagner/2022-12-01/likely_door/ea720c98-59bd-4562-bf87-af7ae3fb8153.json", "autolabels": {"YAMNet_aggregate": [{"location": {"start": 0.0, "end": 2.0}, "classifications": ["Typing", "Computer keyboard", "Inside, small room", "Scissors", "Rodents, rats, mice"], "labels": ["Typing", "Computer keyboard", "Inside, small room", "Scissors", "Rodents, rats, mice"], "confidences": [0.5491359233856201, 0.5033842325210571, 0.19327466189861298, 0.08389995247125626, 0.059998709708452225], "model": "TF-YAMNet-V1", "inf_time": 0.053454}], "YAMNet": [{"location": {"start": 0.0, "end": 0.96}, "classifications": ["Typing", "Computer keyboard"], "labels": ["Typing", "Computer keyboard"], "confidences": [0.9934524297714233, 0.9489514231681824], "model": "TF-YAMNet-V1", "inf_time": 0.013363}, {"location": {"start": 0.48, "end": 1.44}, "classifications": ["Typing", "Computer keyboard", "Inside, small room"], "labels": ["Typing", "Computer keyboard", "Inside, small room"], "confidences": [0.6876722574234009, 0.6522893905639648, 0.3524942696094513], "model": "TF-YAMNet-V1", "inf_time": 0.013363}, {"location": {"start": 0.96, "end": 1.92}, "classifications": ["Scissors", "Inside, small room", "Typing"], "labels": ["Scissors", "Inside, small room", "Typing"], "confidences": [0.30627167224884033, 0.3040405809879303, 0.2736392021179199], "model": "TF-YAMNet-V1", "inf_time": 0.013363}, {"location": {"start": 1.44, "end": 2.4}, "classifications": ["Typing", "Computer keyboard", "Inside, small room"], "labels": ["Typing", "Computer keyboard", "Inside, small room"], "confidences": [0.24177975952625275, 0.1750013530254364, 0.09515876322984695], "model": "TF-YAMNet-V1", "inf_time": 0.013363}]}}