{"filename": "eba1d915-cb27-4ed3-9f35-d5d0367ebeb9", "time": "2022-10-20T18:32:00Z", "device_manufacturer": "samsung", "device_model": "SM-T870", "device_callsign": "Galaxy Tab S7 - Wagner", "mac_address": "02:00:00:00:00:00", "extension": "wav", "data_type": "audio", "sample_rate": 44100, "events": [{"classifications": ["likely_door"], "confidences": [0.6674157381057739], "location": {"start": 0, "end": 11}, "labels": ["door"]}], "labels": ["likely_door"], "confidences": [0.6674157381057739], "s3_bucket": "pi-zero-audio-data", "audio": "https://pi-zero-audio-data.s3.us-east-2.amazonaws.com/Galaxy_Tab_S7_-_Wagner/2022-12-01/likely_door/eba1d915-cb27-4ed3-9f35-d5d0367ebeb9.wav", "object_key": "Galaxy_Tab_S7_-_Wagner/2022-12-01/likely_door/eba1d915-cb27-4ed3-9f35-d5d0367ebeb9.wav", "json_key": "Galaxy_Tab_S7_-_Wagner/2022-12-01/likely_door/eba1d915-cb27-4ed3-9f35-d5d0367ebeb9.json", "autolabels": {"YAMNet_aggregate": [{"location": {"start": 0.0, "end": 0.0}, "classifications": ["Silence"], "labels": ["Silence"], "confidences": [1.0], "model": "TF-YAMNet-V1", "inf_time": 0.038995}], "YAMNet": [{"location": {"start": 0.0, "end": 0.96}, "classifications": ["Silence"], "labels": ["Silence"], "confidences": [1.0], "model": "TF-YAMNet-V1", "inf_time": 0.038995}]}}