{"filename": "ef3a35e0-2e71-4c05-8766-baecf369176f", "time": "2022-10-27T21:52:54Z", "device_manufacturer": "samsung", "device_model": "SM-T870", "device_callsign": "Galaxy Tab S7 - Wagner", "mac_address": "02:00:00:00:00:00", "extension": "wav", "data_type": "audio", "sample_rate": 44100, "events": [{"classifications": ["likely_door"], "confidences": [0.5302042961120605], "location": {"start": 0, "end": 11}, "labels": ["door"]}, {"classifications": ["unknown"], "confidences": [0.49630701541900635], "location": {"start": 0, "end": 9}, "labels": ["door"]}], "labels": ["likely_door", "unknown"], "confidences": [0.5302042961120605, 0.49630701541900635], "s3_bucket": "pi-zero-audio-data", "audio": "https://pi-zero-audio-data.s3.us-east-2.amazonaws.com/Galaxy_Tab_S7_-_Wagner/2022-12-01/likely_door/ef3a35e0-2e71-4c05-8766-baecf369176f.wav", "object_key": "Galaxy_Tab_S7_-_Wagner/2022-12-01/likely_door/ef3a35e0-2e71-4c05-8766-baecf369176f.wav", "json_key": "Galaxy_Tab_S7_-_Wagner/2022-12-01/likely_door/ef3a35e0-2e71-4c05-8766-baecf369176f.json", "autolabels": {"YAMNet_aggregate": [{"location": {"start": 0.0, "end": 0.0}, "classifications": ["Silence"], "labels": ["Silence"], "confidences": [1.0], "model": "TF-YAMNet-V1", "inf_time": 0.036049}], "YAMNet": [{"location": {"start": 0.0, "end": 0.96}, "classifications": ["Silence"], "labels": ["Silence"], "confidences": [1.0], "model": "TF-YAMNet-V1", "inf_time": 0.036049}]}}