{"filename": "f19b89f0-60be-485c-b9de-27d831a45949", "time": "2022-10-26T19:45:16Z", "device_manufacturer": "samsung", "device_model": "SM-T870", "device_callsign": "Galaxy Tab S7 - Wagner", "mac_address": "02:00:00:00:00:00", "extension": "wav", "data_type": "audio", "sample_rate": 44100, "events": [{"classifications": ["unknown"], "confidences": [0.3164348304271698], "location": {"start": 0, "end": 5}, "labels": ["door"]}, {"classifications": ["likely_door"], "confidences": [0.5765002369880676], "location": {"start": 0, "end": 7}, "labels": ["door"]}], "labels": ["unknown", "likely_door"], "confidences": [0.3164348304271698, 0.5765002369880676], "s3_bucket": "pi-zero-audio-data", "audio": "https://pi-zero-audio-data.s3.us-east-2.amazonaws.com/Galaxy_Tab_S7_-_Wagner/2022-12-01/likely_door/f19b89f0-60be-485c-b9de-27d831a45949.wav", "object_key": "Galaxy_Tab_S7_-_Wagner/2022-12-01/likely_door/f19b89f0-60be-485c-b9de-27d831a45949.wav", "json_key": "Galaxy_Tab_S7_-_Wagner/2022-12-01/likely_door/f19b89f0-60be-485c-b9de-27d831a45949.json", "autolabels": {"YAMNet_aggregate": [{"location": {"start": 0.0, "end": 2.0}, "classifications": ["Inside, small room", "Typing", "Computer keyboard", "Mechanisms", "Tick"], "labels": ["Inside, small room", "Typing", "Computer keyboard", "Mechanisms", "Tick"], "confidences": [0.22398367524147034, 0.15399809181690216, 0.11229616403579712, 0.092941053211689, 0.07181727886199951], "model": "TF-YAMNet-V1", "inf_time": 0.046963}], "YAMNet": [{"location": {"start": 0.0, "end": 0.96}, "classifications": ["Typing", "Computer keyboard", "Inside, small room"], "labels": ["Typing", "Computer keyboard", "Inside, small room"], "confidences": [0.5542594194412231, 0.4000343978404999, 0.29205894470214844], "model": "TF-YAMNet-V1", "inf_time": 0.011741}, {"location": {"start": 0.48, "end": 1.44}, "classifications": ["Inside, small room", "White noise", "Silence"], "labels": ["Inside, small room", "White noise", "Silence"], "confidences": [0.3024854063987732, 0.11991577595472336, 0.059104833751916885], "model": "TF-YAMNet-V1", "inf_time": 0.011741}, {"location": {"start": 0.96, "end": 1.92}, "classifications": ["Marimba, xylophone", "Inside, small room", "Mallet percussion"], "labels": ["Marimba, xylophone", "Inside, small room", "Mallet percussion"], "confidences": [0.22885175049304962, 0.1986839473247528, 0.19792719185352325], "model": "TF-YAMNet-V1", "inf_time": 0.011741}, {"location": {"start": 1.44, "end": 2.4}, "classifications": ["Mechanisms", "Clock", "Tick-tock"], "labels": ["Mechanisms", "Clock", "Tick-tock"], "confidences": [0.2871640622615814, 0.23383285105228424, 0.21130073070526123], "model": "TF-YAMNet-V1", "inf_time": 0.011741}]}}