{"filename": "15414f0c-aae8-4571-afdf-26341136ded6", "time": "2022-10-20T17:38:20Z", "device_manufacturer": "samsung", "device_model": "SM-T870", "device_callsign": "Galaxy Tab S7 - Wagner", "mac_address": "02:00:00:00:00:00", "extension": "wav", "data_type": "audio", "sample_rate": 44100, "events": [{"classifications": ["likely_gunshot"], "confidences": [0.5662381052970886], "location": {"start": 0, "end": 6}, "labels": ["gunshot"]}, {"classifications": ["gunshot"], "confidences": [0.8529496192932129], "location": {"start": 0, "end": 9}, "labels": ["gunshot"]}], "labels": ["likely_gunshot", "gunshot"], "confidences": [0.5662381052970886, 0.8529496192932129], "s3_bucket": "pi-zero-audio-data", "audio": "https://pi-zero-audio-data.s3.us-east-2.amazonaws.com/Galaxy_Tab_S7_-_Wagner/2022-12-01/gunshot/15414f0c-aae8-4571-afdf-26341136ded6.wav", "object_key": "Galaxy_Tab_S7_-_Wagner/2022-12-01/gunshot/15414f0c-aae8-4571-afdf-26341136ded6.wav", "json_key": "Galaxy_Tab_S7_-_Wagner/2022-12-01/gunshot/15414f0c-aae8-4571-afdf-26341136ded6.json", "autolabels": {"YAMNet_aggregate": [{"location": {"start": 0.0, "end": 2.0}, "classifications": ["Inside, small room", "Mechanical fan", "Mechanisms"], "labels": ["Inside, small room", "Mechanical fan", "Mechanisms"], "confidences": [0.3171338438987732, 0.07450399547815323, 0.05952619016170502], "model": "TF-YAMNet-V1", "inf_time": 0.048713}], "YAMNet": [{"location": {"start": 0.0, "end": 0.96}, "classifications": ["Inside, small room", "Printer", "Mechanisms"], "labels": ["Inside, small room", "Printer", "Mechanisms"], "confidences": [0.4683307409286499, 0.0884074866771698, 0.06438422203063965], "model": "TF-YAMNet-V1", "inf_time": 0.012178}, {"location": {"start": 0.48, "end": 1.44}, "classifications": ["Inside, small room", "Inside, large room or hall", "Tools"], "labels": ["Inside, small room", "Inside, large room or hall", "Tools"], "confidences": [0.40137168765068054, 0.06979315727949142, 0.05302610620856285], "model": "TF-YAMNet-V1", "inf_time": 0.012178}, {"location": {"start": 0.96, "end": 1.92}, "classifications": ["Inside, small room", "Squish", "Inside, large room or hall"], "labels": ["Inside, small room", "Squish", "Inside, large room or hall"], "confidences": [0.35833775997161865, 0.11381717771291733, 0.05912671238183975], "model": "TF-YAMNet-V1", "inf_time": 0.012178}, {"location": {"start": 1.44, "end": 2.4}, "classifications": ["Mechanical fan", "Silence", "Sonar"], "labels": ["Mechanical fan", "Silence", "Sonar"], "confidences": [0.24052774906158447, 0.18609397113323212, 0.17623676359653473], "model": "TF-YAMNet-V1", "inf_time": 0.012178}]}}