{"filename": "faffdba1-4706-42e2-ac27-d2b84d42695b", "time": "2022-10-20T19:03:45Z", "device_manufacturer": "samsung", "device_model": "SM-T870", "device_callsign": "Galaxy Tab S7 - Wagner", "mac_address": "02:00:00:00:00:00", "extension": "wav", "data_type": "audio", "sample_rate": 44100, "events": [{"classifications": ["gunshot"], "confidences": [0.9410249590873718], "location": {"start": 0, "end": 15}, "labels": ["gunshot"]}], "labels": ["gunshot"], "confidences": [0.9410249590873718], "s3_bucket": "pi-zero-audio-data", "audio": "https://pi-zero-audio-data.s3.us-east-2.amazonaws.com/Galaxy_Tab_S7_-_Wagner/2022-12-01/gunshot/faffdba1-4706-42e2-ac27-d2b84d42695b.wav", "object_key": "Galaxy_Tab_S7_-_Wagner/2022-12-01/gunshot/faffdba1-4706-42e2-ac27-d2b84d42695b.wav", "json_key": "Galaxy_Tab_S7_-_Wagner/2022-12-01/gunshot/faffdba1-4706-42e2-ac27-d2b84d42695b.json", "autolabels": {"YAMNet_aggregate": [{"location": {"start": 0.0, "end": 0.0}, "classifications": ["Silence"], "labels": ["Silence"], "confidences": [1.0], "model": "TF-YAMNet-V1", "inf_time": 0.053784}], "YAMNet": [{"location": {"start": 0.0, "end": 0.96}, "classifications": ["Silence"], "labels": ["Silence"], "confidences": [1.0], "model": "TF-YAMNet-V1", "inf_time": 0.053784}]}}