{"filename": "371d57eb-9f16-4fa4-82e3-4d51bb19d33b", "time": "2022-10-27T22:38:10Z", "device_manufacturer": "samsung", "device_model": "SM-T870", "device_callsign": "Galaxy Tab S7 - Wagner", "mac_address": "02:00:00:00:00:00", "extension": "wav", "data_type": "audio", "sample_rate": 44100, "events": [{"classifications": ["likely_clapping"], "confidences": [0.7238290905952454], "location": {"start": 0, "end": 9}, "labels": ["clapping"]}], "labels": ["likely_clapping"], "confidences": [0.7238290905952454], "s3_bucket": "pi-zero-audio-data", "audio": "https://pi-zero-audio-data.s3.us-east-2.amazonaws.com/Galaxy_Tab_S7_-_Wagner/2022-12-01/likely_clapping/371d57eb-9f16-4fa4-82e3-4d51bb19d33b.wav", "object_key": "Galaxy_Tab_S7_-_Wagner/2022-12-01/likely_clapping/371d57eb-9f16-4fa4-82e3-4d51bb19d33b.wav", "json_key": "Galaxy_Tab_S7_-_Wagner/2022-12-01/likely_clapping/371d57eb-9f16-4fa4-82e3-4d51bb19d33b.json", "autolabels": {"YAMNet_aggregate": [{"location": {"start": 0.0, "end": 0.0}, "classifications": ["Silence"], "labels": ["Silence"], "confidences": [1.0], "model": "TF-YAMNet-V1", "inf_time": 0.057535}], "YAMNet": [{"location": {"start": 0.0, "end": 0.96}, "classifications": ["Silence"], "labels": ["Silence"], "confidences": [1.0], "model": "TF-YAMNet-V1", "inf_time": 0.057535}]}}