{"filename": "67a0d67b-827f-4867-9e73-acd4e709a9bb", "time": "2022-10-27T18:27:33Z", "device_manufacturer": "samsung", "device_model": "SM-T870", "device_callsign": "Galaxy Tab S7 - Wagner", "mac_address": "02:00:00:00:00:00", "extension": "wav", "data_type": "audio", "sample_rate": 44100, "events": [{"classifications": ["likely_clapping"], "confidences": [0.584271252155304], "location": {"start": 0, "end": 10}, "labels": ["clapping"]}], "labels": ["likely_clapping"], "confidences": [0.584271252155304], "s3_bucket": "pi-zero-audio-data", "audio": "https://pi-zero-audio-data.s3.us-east-2.amazonaws.com/Galaxy_Tab_S7_-_Wagner/2022-12-01/likely_clapping/67a0d67b-827f-4867-9e73-acd4e709a9bb.wav", "object_key": "Galaxy_Tab_S7_-_Wagner/2022-12-01/likely_clapping/67a0d67b-827f-4867-9e73-acd4e709a9bb.wav", "json_key": "Galaxy_Tab_S7_-_Wagner/2022-12-01/likely_clapping/67a0d67b-827f-4867-9e73-acd4e709a9bb.json", "autolabels": {"YAMNet_aggregate": [{"location": {"start": 0.0, "end": 0.0}, "classifications": ["Silence"], "labels": ["Silence"], "confidences": [1.0], "model": "TF-YAMNet-V1", "inf_time": 0.036333}], "YAMNet": [{"location": {"start": 0.0, "end": 0.96}, "classifications": ["Silence"], "labels": ["Silence"], "confidences": [1.0], "model": "TF-YAMNet-V1", "inf_time": 0.036333}]}}