{"filename": "beb67400-0992-4430-8605-0530eb19172d", "time": "2022-10-27T18:27:01Z", "device_manufacturer": "samsung", "device_model": "SM-T870", "device_callsign": "Galaxy Tab S7 - Wagner", "mac_address": "02:00:00:00:00:00", "extension": "wav", "data_type": "audio", "sample_rate": 44100, "events": [{"classifications": ["likely_clapping"], "confidences": [0.8390117287635803], "location": {"start": 0, "end": 14}, "labels": ["clapping"]}], "labels": ["likely_clapping"], "confidences": [0.8390117287635803], "s3_bucket": "pi-zero-audio-data", "audio": "https://pi-zero-audio-data.s3.us-east-2.amazonaws.com/Galaxy_Tab_S7_-_Wagner/2022-12-01/likely_clapping/beb67400-0992-4430-8605-0530eb19172d.wav", "object_key": "Galaxy_Tab_S7_-_Wagner/2022-12-01/likely_clapping/beb67400-0992-4430-8605-0530eb19172d.wav", "json_key": "Galaxy_Tab_S7_-_Wagner/2022-12-01/likely_clapping/beb67400-0992-4430-8605-0530eb19172d.json", "autolabels": {"YAMNet_aggregate": [{"location": {"start": 0.0, "end": 0.0}, "classifications": ["Silence"], "labels": ["Silence"], "confidences": [1.0], "model": "TF-YAMNet-V1", "inf_time": 0.044503}], "YAMNet": [{"location": {"start": 0.0, "end": 0.96}, "classifications": ["Silence"], "labels": ["Silence"], "confidences": [1.0], "model": "TF-YAMNet-V1", "inf_time": 0.044503}]}}