{"filename": "d80ab670-a3ba-4bd5-b29a-1c62225f0c7a", "time": "2022-10-27T18:03:48Z", "device_manufacturer": "samsung", "device_model": "SM-T870", "device_callsign": "Galaxy Tab S7 - Wagner", "mac_address": "02:00:00:00:00:00", "extension": "wav", "data_type": "audio", "sample_rate": 44100, "events": [{"classifications": ["likely_clapping"], "confidences": [0.5716390609741211], "location": {"start": 0, "end": 10}, "labels": ["clapping"]}], "labels": ["likely_clapping"], "confidences": [0.5716390609741211], "s3_bucket": "pi-zero-audio-data", "audio": "https://pi-zero-audio-data.s3.us-east-2.amazonaws.com/Galaxy_Tab_S7_-_Wagner/2022-12-01/likely_clapping/d80ab670-a3ba-4bd5-b29a-1c62225f0c7a.wav", "object_key": "Galaxy_Tab_S7_-_Wagner/2022-12-01/likely_clapping/d80ab670-a3ba-4bd5-b29a-1c62225f0c7a.wav", "json_key": "Galaxy_Tab_S7_-_Wagner/2022-12-01/likely_clapping/d80ab670-a3ba-4bd5-b29a-1c62225f0c7a.json", "autolabels": {"YAMNet_aggregate": [{"location": {"start": 0.0, "end": 0.0}, "classifications": ["Silence"], "labels": ["Silence"], "confidences": [1.0], "model": "TF-YAMNet-V1", "inf_time": 0.044129}], "YAMNet": [{"location": {"start": 0.0, "end": 0.96}, "classifications": ["Silence"], "labels": ["Silence"], "confidences": [1.0], "model": "TF-YAMNet-V1", "inf_time": 0.044129}]}}