{"filename": "f578551c-dbd5-4ee7-ac5c-ef90083030e3", "time": "2022-10-27T22:26:40Z", "device_manufacturer": "samsung", "device_model": "SM-T870", "device_callsign": "Galaxy Tab S7 - Wagner", "mac_address": "02:00:00:00:00:00", "extension": "wav", "data_type": "audio", "sample_rate": 44100, "events": [{"classifications": ["likely_clapping"], "confidences": [0.7283768057823181], "location": {"start": 0, "end": 8}, "labels": ["clapping"]}, {"classifications": ["unknown"], "confidences": [0.4715430736541748], "location": {"start": 0, "end": 46}, "labels": ["clapping"]}], "labels": ["likely_clapping", "unknown"], "confidences": [0.7283768057823181, 0.4715430736541748], "s3_bucket": "pi-zero-audio-data", "audio": "https://pi-zero-audio-data.s3.us-east-2.amazonaws.com/Galaxy_Tab_S7_-_Wagner/2022-12-01/likely_clapping/f578551c-dbd5-4ee7-ac5c-ef90083030e3.wav", "object_key": "Galaxy_Tab_S7_-_Wagner/2022-12-01/likely_clapping/f578551c-dbd5-4ee7-ac5c-ef90083030e3.wav", "json_key": "Galaxy_Tab_S7_-_Wagner/2022-12-01/likely_clapping/f578551c-dbd5-4ee7-ac5c-ef90083030e3.json", "autolabels": {"YAMNet_aggregate": [{"location": {"start": 0.0, "end": 2.0}, "classifications": ["Typing", "Computer keyboard", "Wild animals", "Animal", "Bird"], "labels": ["Typing", "Computer keyboard", "Wild animals", "Animal", "Bird"], "confidences": [0.7511114478111267, 0.6209045052528381, 0.07715156674385071, 0.059743545949459076, 0.05303604155778885], "model": "TF-YAMNet-V1", "inf_time": 0.058607}], "YAMNet": [{"location": {"start": 0.0, "end": 0.96}, "classifications": ["Typing", "Computer keyboard", "Clatter"], "labels": ["Typing", "Computer keyboard", "Clatter"], "confidences": [0.7592673301696777, 0.6320599317550659, 0.053314533084630966], "model": "TF-YAMNet-V1", "inf_time": 0.014652}, {"location": {"start": 0.48, "end": 1.44}, "classifications": ["Typing", "Computer keyboard", "Clicking"], "labels": ["Typing", "Computer keyboard", "Clicking"], "confidences": [0.8123142123222351, 0.6902698278427124, 0.050972916185855865], "model": "TF-YAMNet-V1", "inf_time": 0.014652}, {"location": {"start": 0.96, "end": 1.92}, "classifications": ["Typing", "Computer keyboard", "Inside, small room"], "labels": ["Typing", "Computer keyboard", "Inside, small room"], "confidences": [0.9455032348632812, 0.8512772917747498, 0.07782845944166183], "model": "TF-YAMNet-V1", "inf_time": 0.014652}, {"location": {"start": 1.44, "end": 2.4}, "classifications": ["Typing", "Computer keyboard", "Wild animals"], "labels": ["Typing", "Computer keyboard", "Wild animals"], "confidences": [0.48736104369163513, 0.3100109100341797, 0.22114157676696777], "model": "TF-YAMNet-V1", "inf_time": 0.014652}]}}