{"filename": "767930f5-84bc-4cbb-9e60-64070b16b557", "time": "2022-10-27T16:41:51Z", "device_manufacturer": "samsung", "device_model": "SM-T870", "device_callsign": "Galaxy Tab S7 - Wagner", "mac_address": "02:00:00:00:00:00", "extension": "wav", "data_type": "audio", "sample_rate": 44100, "events": [{"classifications": ["cough"], "confidences": [0.9328978657722473], "location": {"start": 0, "end": 12}, "labels": ["cough"]}], "labels": ["cough"], "confidences": [0.9328978657722473], "s3_bucket": "pi-zero-audio-data", "audio": "https://pi-zero-audio-data.s3.us-east-2.amazonaws.com/Galaxy_Tab_S7_-_Wagner/2022-12-01/cough/767930f5-84bc-4cbb-9e60-64070b16b557.wav", "object_key": "Galaxy_Tab_S7_-_Wagner/2022-12-01/cough/767930f5-84bc-4cbb-9e60-64070b16b557.wav", "json_key": "Galaxy_Tab_S7_-_Wagner/2022-12-01/cough/767930f5-84bc-4cbb-9e60-64070b16b557.json", "autolabels": {"YAMNet_aggregate": [{"location": {"start": 0.0, "end": 0.0}, "classifications": ["Silence"], "labels": ["Silence"], "confidences": [1.0], "model": "TF-YAMNet-V1", "inf_time": 0.06213}], "YAMNet": [{"location": {"start": 0.0, "end": 0.96}, "classifications": ["Silence"], "labels": ["Silence"], "confidences": [1.0], "model": "TF-YAMNet-V1", "inf_time": 0.06213}]}}