{"filename": "8bcebcd4-c8f3-4902-bec9-5bfb01d99e90", "time": "2022-10-27T01:37:59Z", "device_manufacturer": "samsung", "device_model": "SM-T870", "device_callsign": "Galaxy Tab S7 - Wagner", "mac_address": "02:00:00:00:00:00", "extension": "wav", "data_type": "audio", "sample_rate": 44100, "events": [{"classifications": ["cough"], "confidences": [0.9046456217765808], "location": {"start": 0, "end": 9}, "labels": ["cough"]}], "labels": ["cough"], "confidences": [0.9046456217765808], "s3_bucket": "pi-zero-audio-data", "audio": "https://pi-zero-audio-data.s3.us-east-2.amazonaws.com/Galaxy_Tab_S7_-_Wagner/2022-12-01/cough/8bcebcd4-c8f3-4902-bec9-5bfb01d99e90.wav", "object_key": "Galaxy_Tab_S7_-_Wagner/2022-12-01/cough/8bcebcd4-c8f3-4902-bec9-5bfb01d99e90.wav", "json_key": "Galaxy_Tab_S7_-_Wagner/2022-12-01/cough/8bcebcd4-c8f3-4902-bec9-5bfb01d99e90.json", "autolabels": {"YAMNet_aggregate": [{"location": {"start": 0.0, "end": 0.0}, "classifications": ["Silence"], "labels": ["Silence"], "confidences": [1.0], "model": "TF-YAMNet-V1", "inf_time": 0.034166}], "YAMNet": [{"location": {"start": 0.0, "end": 0.96}, "classifications": ["Silence"], "labels": ["Silence"], "confidences": [1.0], "model": "TF-YAMNet-V1", "inf_time": 0.034166}]}}