{"filename": "9bdad2fc-cf3c-44f6-bcc8-62b545427479", "time": "2022-10-27T16:30:52Z", "device_manufacturer": "samsung", "device_model": "SM-T870", "device_callsign": "Galaxy Tab S7 - Wagner", "mac_address": "02:00:00:00:00:00", "extension": "wav", "data_type": "audio", "sample_rate": 44100, "events": [{"classifications": ["cough"], "confidences": [0.9599207639694214], "location": {"start": 0, "end": 8}, "labels": ["cough"]}], "labels": ["cough"], "confidences": [0.9599207639694214], "s3_bucket": "pi-zero-audio-data", "audio": "https://pi-zero-audio-data.s3.us-east-2.amazonaws.com/Galaxy_Tab_S7_-_Wagner/2022-12-01/cough/9bdad2fc-cf3c-44f6-bcc8-62b545427479.wav", "object_key": "Galaxy_Tab_S7_-_Wagner/2022-12-01/cough/9bdad2fc-cf3c-44f6-bcc8-62b545427479.wav", "json_key": "Galaxy_Tab_S7_-_Wagner/2022-12-01/cough/9bdad2fc-cf3c-44f6-bcc8-62b545427479.json", "autolabels": {"YAMNet_aggregate": [{"location": {"start": 0.0, "end": 0.0}, "classifications": ["Silence"], "labels": ["Silence"], "confidences": [1.0], "model": "TF-YAMNet-V1", "inf_time": 0.045915}], "YAMNet": [{"location": {"start": 0.0, "end": 0.96}, "classifications": ["Silence"], "labels": ["Silence"], "confidences": [1.0], "model": "TF-YAMNet-V1", "inf_time": 0.045915}]}}