{"filename": "addbb0bf-a31e-476b-89ec-7aabef897f1a", "time": "2022-10-27T16:42:10Z", "device_manufacturer": "samsung", "device_model": "SM-T870", "device_callsign": "Galaxy Tab S7 - Wagner", "mac_address": "02:00:00:00:00:00", "extension": "wav", "data_type": "audio", "sample_rate": 44100, "events": [{"classifications": ["cough"], "confidences": [0.9900592565536499], "location": {"start": 0, "end": 10}, "labels": ["cough"]}], "labels": ["cough"], "confidences": [0.9900592565536499], "s3_bucket": "pi-zero-audio-data", "audio": "https://pi-zero-audio-data.s3.us-east-2.amazonaws.com/Galaxy_Tab_S7_-_Wagner/2022-12-01/cough/addbb0bf-a31e-476b-89ec-7aabef897f1a.wav", "object_key": "Galaxy_Tab_S7_-_Wagner/2022-12-01/cough/addbb0bf-a31e-476b-89ec-7aabef897f1a.wav", "json_key": "Galaxy_Tab_S7_-_Wagner/2022-12-01/cough/addbb0bf-a31e-476b-89ec-7aabef897f1a.json", "autolabels": {"YAMNet_aggregate": [{"location": {"start": 0.0, "end": 0.0}, "classifications": ["Silence"], "labels": ["Silence"], "confidences": [1.0], "model": "TF-YAMNet-V1", "inf_time": 0.06203}], "YAMNet": [{"location": {"start": 0.0, "end": 0.96}, "classifications": ["Silence"], "labels": ["Silence"], "confidences": [1.0], "model": "TF-YAMNet-V1", "inf_time": 0.06203}]}}