{"filename": "007f983e-eb6c-4ca2-93f5-df42598bfa6e", "time": "2022-10-27T01:53:07Z", "device_manufacturer": "samsung", "device_model": "SM-T870", "device_callsign": "Galaxy Tab S7 - Wagner", "mac_address": "02:00:00:00:00:00", "extension": "wav", "data_type": "audio", "sample_rate": 44100, "events": [{"classifications": ["door"], "confidences": [0.9966278076171875], "location": {"start": 0, "end": 16}, "labels": ["door"]}], "labels": ["door"], "confidences": [0.9966278076171875], "s3_bucket": "pi-zero-audio-data", "audio": "https://pi-zero-audio-data.s3.us-east-2.amazonaws.com/Galaxy_Tab_S7_-_Wagner/2022-12-01/door/007f983e-eb6c-4ca2-93f5-df42598bfa6e.wav", "object_key": "Galaxy_Tab_S7_-_Wagner/2022-12-01/door/007f983e-eb6c-4ca2-93f5-df42598bfa6e.wav", "json_key": "Galaxy_Tab_S7_-_Wagner/2022-12-01/door/007f983e-eb6c-4ca2-93f5-df42598bfa6e.json", "autolabels": {"YAMNet_aggregate": [{"location": {"start": 0.0, "end": 0.0}, "classifications": ["Silence"], "labels": ["Silence"], "confidences": [1.0], "model": "TF-YAMNet-V1", "inf_time": 0.052125}], "YAMNet": [{"location": {"start": 0.0, "end": 0.96}, "classifications": ["Silence"], "labels": ["Silence"], "confidences": [1.0], "model": "TF-YAMNet-V1", "inf_time": 0.052125}]}}