{"filename": "04841af2-a80c-44ce-90f3-45b320d86258", "time": "2022-10-27T17:59:19Z", "device_manufacturer": "samsung", "device_model": "SM-T870", "device_callsign": "Galaxy Tab S7 - Wagner", "mac_address": "02:00:00:00:00:00", "extension": "wav", "data_type": "audio", "sample_rate": 44100, "events": [{"classifications": ["door"], "confidences": [0.8585411310195923], "location": {"start": 0, "end": 10}, "labels": ["door"]}, {"classifications": ["unknown"], "confidences": [0.403288334608078], "location": {"start": 0, "end": 10}, "labels": ["door"]}], "labels": ["door", "unknown"], "confidences": [0.8585411310195923, 0.403288334608078], "s3_bucket": "pi-zero-audio-data", "audio": "https://pi-zero-audio-data.s3.us-east-2.amazonaws.com/Galaxy_Tab_S7_-_Wagner/2022-12-01/door/04841af2-a80c-44ce-90f3-45b320d86258.wav", "object_key": "Galaxy_Tab_S7_-_Wagner/2022-12-01/door/04841af2-a80c-44ce-90f3-45b320d86258.wav", "json_key": "Galaxy_Tab_S7_-_Wagner/2022-12-01/door/04841af2-a80c-44ce-90f3-45b320d86258.json", "autolabels": {"YAMNet_aggregate": [{"location": {"start": 0.0, "end": 2.0}, "classifications": ["Inside, small room"], "labels": ["Inside, small room"], "confidences": [0.19444073736667633], "model": "TF-YAMNet-V1", "inf_time": 0.024159}], "YAMNet": [{"location": {"start": 0.0, "end": 0.96}, "classifications": ["Inside, small room", "Squish", "Crack"], "labels": ["Inside, small room", "Squish", "Crack"], "confidences": [0.2512051463127136, 0.10548693686723709, 0.09077644348144531], "model": "TF-YAMNet-V1", "inf_time": 0.00604}, {"location": {"start": 0.48, "end": 1.44}, "classifications": ["Inside, small room"], "labels": ["Inside, small room"], "confidences": [0.23688043653964996], "model": "TF-YAMNet-V1", "inf_time": 0.00604}, {"location": {"start": 0.96, "end": 1.92}, "classifications": ["Inside, small room", "Inside, large room or hall", "Television"], "labels": ["Inside, small room", "Inside, large room or hall", "Television"], "confidences": [0.2656422257423401, 0.05503549799323082, 0.05066004768013954], "model": "TF-YAMNet-V1", "inf_time": 0.00604}, {"location": {"start": 1.44, "end": 2.4}, "classifications": ["Vehicle"], "labels": ["Vehicle"], "confidences": [0.07077908515930176], "model": "TF-YAMNet-V1", "inf_time": 0.00604}]}}