{"filename": "0651d552-f808-47f8-ae9b-f428799f0258", "time": "2022-10-27T21:23:46Z", "device_manufacturer": "samsung", "device_model": "SM-T870", "device_callsign": "Galaxy Tab S7 - Wagner", "mac_address": "02:00:00:00:00:00", "extension": "wav", "data_type": "audio", "sample_rate": 44100, "events": [{"classifications": ["door"], "confidences": [0.9979698061943054], "location": {"start": 0, "end": 8}, "labels": ["door"]}, {"classifications": ["door"], "confidences": [0.9053458571434021], "location": {"start": 0, "end": 10}, "labels": ["door"]}, {"classifications": ["door"], "confidences": [0.9904336929321289], "location": {"start": 0, "end": 13}, "labels": ["door"]}], "labels": ["door"], "confidences": [0.9979698061943054], "s3_bucket": "pi-zero-audio-data", "audio": "https://pi-zero-audio-data.s3.us-east-2.amazonaws.com/Galaxy_Tab_S7_-_Wagner/2022-12-01/door/0651d552-f808-47f8-ae9b-f428799f0258.wav", "object_key": "Galaxy_Tab_S7_-_Wagner/2022-12-01/door/0651d552-f808-47f8-ae9b-f428799f0258.wav", "json_key": "Galaxy_Tab_S7_-_Wagner/2022-12-01/door/0651d552-f808-47f8-ae9b-f428799f0258.json", "autolabels": {"YAMNet_aggregate": [{"location": {"start": 0.0, "end": 4.0}, "classifications": ["Inside, small room", "Printer", "Mechanisms", "Inside, large room or hall"], "labels": ["Inside, small room", "Printer", "Mechanisms", "Inside, large room or hall"], "confidences": [0.39487224817276, 0.1936601996421814, 0.13149377703666687, 0.05329963564872742], "model": "TF-YAMNet-V1", "inf_time": 0.054282}], "YAMNet": [{"location": {"start": 0.0, "end": 0.96}, "classifications": ["Inside, small room", "Drawer open or close", "Dishes, pots, and pans"], "labels": ["Inside, small room", "Drawer open or close", "Dishes, pots, and pans"], "confidences": [0.4492235481739044, 0.11645867675542831, 0.09420216083526611], "model": "TF-YAMNet-V1", "inf_time": 0.006785}, {"location": {"start": 0.48, "end": 1.44}, "classifications": ["Printer", "Inside, small room", "Mechanisms"], "labels": ["Printer", "Inside, small room", "Mechanisms"], "confidences": [0.49175897240638733, 0.36144256591796875, 0.32491573691368103], "model": "TF-YAMNet-V1", "inf_time": 0.006785}, {"location": {"start": 0.96, "end": 1.92}, "classifications": ["Inside, small room", "Printer", "Mechanisms"], "labels": ["Inside, small room", "Printer", "Mechanisms"], "confidences": [0.45321959257125854, 0.16482087969779968, 0.13644438982009888], "model": "TF-YAMNet-V1", "inf_time": 0.006785}, {"location": {"start": 1.44, "end": 2.4}, "classifications": ["Printer", "Inside, small room", "Mechanisms"], "labels": ["Printer", "Inside, small room", "Mechanisms"], "confidences": [0.4011889696121216, 0.2913382053375244, 0.22978469729423523], "model": "TF-YAMNet-V1", "inf_time": 0.006785}, {"location": {"start": 1.92, "end": 2.88}, "classifications": ["Inside, small room", "Inside, large room or hall", "Drawer open or close"], "labels": ["Inside, small room", "Inside, large room or hall", "Drawer open or close"], "confidences": [0.6981874108314514, 0.07780760526657104, 0.05240890756249428], "model": "TF-YAMNet-V1", "inf_time": 0.006785}, {"location": {"start": 2.4, "end": 3.36}, "classifications": ["Inside, small room", "Drawer open or close", "Printer"], "labels": ["Inside, small room", "Drawer open or close", "Printer"], "confidences": [0.5756077766418457, 0.08306918293237686, 0.07437466830015182], "model": "TF-YAMNet-V1", "inf_time": 0.006785}, {"location": {"start": 2.88, "end": 3.84}, "classifications": ["Inside, small room", "Printer", "Mechanisms"], "labels": ["Inside, small room", "Printer", "Mechanisms"], "confidences": [0.27330124378204346, 0.27008992433547974, 0.1395343393087387], "model": "TF-YAMNet-V1", "inf_time": 0.006785}, {"location": {"start": 3.36, "end": 4.32}, "classifications": ["Sliding door", "Mechanisms", "Tick"], "labels": ["Sliding door", "Mechanisms", "Tick"], "confidences": [0.19947189092636108, 0.13358722627162933, 0.10026959329843521], "model": "TF-YAMNet-V1", "inf_time": 0.006785}]}}