{"filename": "0c0ffc96-6ad3-474b-bb9c-214cada48975", "time": "2022-10-20T18:08:44Z", "device_manufacturer": "samsung", "device_model": "SM-T870", "device_callsign": "Galaxy Tab S7 - Wagner", "mac_address": "02:00:00:00:00:00", "extension": "wav", "data_type": "audio", "sample_rate": 44100, "events": [{"classifications": ["door"], "confidences": [0.984962522983551], "location": {"start": 0, "end": 14}, "labels": ["door"]}, {"classifications": ["door"], "confidences": [0.9363448023796082], "location": {"start": 0, "end": 9}, "labels": ["door"]}, {"classifications": ["door"], "confidences": [0.8960043787956238], "location": {"start": 0, "end": 16}, "labels": ["door"]}], "labels": ["door"], "confidences": [0.984962522983551], "s3_bucket": "pi-zero-audio-data", "audio": "https://pi-zero-audio-data.s3.us-east-2.amazonaws.com/Galaxy_Tab_S7_-_Wagner/2022-12-01/door/0c0ffc96-6ad3-474b-bb9c-214cada48975.wav", "object_key": "Galaxy_Tab_S7_-_Wagner/2022-12-01/door/0c0ffc96-6ad3-474b-bb9c-214cada48975.wav", "json_key": "Galaxy_Tab_S7_-_Wagner/2022-12-01/door/0c0ffc96-6ad3-474b-bb9c-214cada48975.json", "autolabels": {"YAMNet_aggregate": [{"location": {"start": 0.0, "end": 4.0}, "classifications": ["Inside, small room", "Door", "Sliding door", "Dishes, pots, and pans"], "labels": ["Inside, small room", "Door", "Sliding door", "Dishes, pots, and pans"], "confidences": [0.4025883078575134, 0.08639784157276154, 0.07497118413448334, 0.05102856829762459], "model": "TF-YAMNet-V1", "inf_time": 0.055183}], "YAMNet": [{"location": {"start": 0.0, "end": 0.96}, "classifications": ["Slap, smack", "Hands", "Whip"], "labels": ["Slap, smack", "Hands", "Whip"], "confidences": [0.31212693452835083, 0.2605603039264679, 0.21453601121902466], "model": "TF-YAMNet-V1", "inf_time": 0.006898}, {"location": {"start": 0.48, "end": 1.44}, "classifications": ["Inside, small room", "Inside, large room or hall", "Walk, footsteps"], "labels": ["Inside, small room", "Inside, large room or hall", "Walk, footsteps"], "confidences": [0.3826877772808075, 0.08376336842775345, 0.060113951563835144], "model": "TF-YAMNet-V1", "inf_time": 0.006898}, {"location": {"start": 0.96, "end": 1.92}, "classifications": ["Inside, small room", "Door", "Bouncing"], "labels": ["Inside, small room", "Door", "Bouncing"], "confidences": [0.5113193988800049, 0.08719494193792343, 0.07502446323633194], "model": "TF-YAMNet-V1", "inf_time": 0.006898}, {"location": {"start": 1.44, "end": 2.4}, "classifications": ["Inside, small room", "Door", "Typing"], "labels": ["Inside, small room", "Door", "Typing"], "confidences": [0.2881251573562622, 0.13060861825942993, 0.06718069314956665], "model": "TF-YAMNet-V1", "inf_time": 0.006898}, {"location": {"start": 1.92, "end": 2.88}, "classifications": ["Inside, small room", "Speech"], "labels": ["Inside, small room", "Speech"], "confidences": [0.20233318209648132, 0.051313020288944244], "model": "TF-YAMNet-V1", "inf_time": 0.006898}, {"location": {"start": 2.4, "end": 3.36}, "classifications": ["Inside, small room", "Dishes, pots, and pans", "Cutlery, silverware"], "labels": ["Inside, small room", "Dishes, pots, and pans", "Cutlery, silverware"], "confidences": [0.6972135305404663, 0.31554481387138367, 0.12251725047826767], "model": "TF-YAMNet-V1", "inf_time": 0.006898}, {"location": {"start": 2.88, "end": 3.84}, "classifications": ["Inside, small room"], "labels": ["Inside, small room"], "confidences": [0.7588384747505188], "model": "TF-YAMNet-V1", "inf_time": 0.006898}, {"location": {"start": 3.36, "end": 4.32}, "classifications": ["Sliding door", "Door", "Inside, small room"], "labels": ["Sliding door", "Door", "Inside, small room"], "confidences": [0.4128856658935547, 0.32517942786216736, 0.172875314950943], "model": "TF-YAMNet-V1", "inf_time": 0.006898}]}}