{"filename": "0e081496-ca54-47e4-9097-db845b91dba6", "time": "2022-10-27T20:55:17Z", "device_manufacturer": "samsung", "device_model": "SM-T870", "device_callsign": "Galaxy Tab S7 - Wagner", "mac_address": "02:00:00:00:00:00", "extension": "wav", "data_type": "audio", "sample_rate": 44100, "events": [{"classifications": ["unknown"], "confidences": [0.39860066771507263], "location": {"start": 0, "end": 9}, "labels": ["door"]}, {"classifications": ["door"], "confidences": [0.9995443820953369], "location": {"start": 0, "end": 9}, "labels": ["door"]}], "labels": ["unknown", "door"], "confidences": [0.39860066771507263, 0.9995443820953369], "s3_bucket": "pi-zero-audio-data", "audio": "https://pi-zero-audio-data.s3.us-east-2.amazonaws.com/Galaxy_Tab_S7_-_Wagner/2022-12-01/door/0e081496-ca54-47e4-9097-db845b91dba6.wav", "object_key": "Galaxy_Tab_S7_-_Wagner/2022-12-01/door/0e081496-ca54-47e4-9097-db845b91dba6.wav", "json_key": "Galaxy_Tab_S7_-_Wagner/2022-12-01/door/0e081496-ca54-47e4-9097-db845b91dba6.json", "autolabels": {"YAMNet_aggregate": [{"location": {"start": 0.0, "end": 2.0}, "classifications": ["Sliding door", "Inside, small room", "Drawer open or close", "Door", "Cupboard open or close"], "labels": ["Sliding door", "Inside, small room", "Drawer open or close", "Door", "Cupboard open or close"], "confidences": [0.16815628111362457, 0.10333535820245743, 0.10234926640987396, 0.08671150356531143, 0.0825607031583786], "model": "TF-YAMNet-V1", "inf_time": 0.072315}], "YAMNet": [{"location": {"start": 0.0, "end": 0.96}, "classifications": ["Sliding door", "Cutlery, silverware", "Dishes, pots, and pans"], "labels": ["Sliding door", "Cutlery, silverware", "Dishes, pots, and pans"], "confidences": [0.373971164226532, 0.26165124773979187, 0.25143587589263916], "model": "TF-YAMNet-V1", "inf_time": 0.018079}, {"location": {"start": 0.48, "end": 1.44}, "classifications": ["Sliding door", "Microwave oven", "Drawer open or close"], "labels": ["Sliding door", "Microwave oven", "Drawer open or close"], "confidences": [0.2966095507144928, 0.17915205657482147, 0.16667881608009338], "model": "TF-YAMNet-V1", "inf_time": 0.018079}, {"location": {"start": 0.96, "end": 1.92}, "classifications": ["Vehicle", "Rustle", "White noise"], "labels": ["Vehicle", "Rustle", "White noise"], "confidences": [0.15306314826011658, 0.13995009660720825, 0.13055598735809326], "model": "TF-YAMNet-V1", "inf_time": 0.018079}, {"location": {"start": 1.44, "end": 2.4}, "classifications": ["Explosion", "Eruption", "Wind"], "labels": ["Explosion", "Eruption", "Wind"], "confidences": [0.20287837088108063, 0.19595499336719513, 0.184867262840271], "model": "TF-YAMNet-V1", "inf_time": 0.018079}]}}