{"filename": "0f2cac6a-3da3-4dd6-8948-5fd76596355b", "time": "2022-10-27T16:36:45Z", "device_manufacturer": "samsung", "device_model": "SM-T870", "device_callsign": "Galaxy Tab S7 - Wagner", "mac_address": "02:00:00:00:00:00", "extension": "wav", "data_type": "audio", "sample_rate": 44100, "events": [{"classifications": ["door"], "confidences": [0.9369238018989563], "location": {"start": 0, "end": 11}, "labels": ["door"]}, {"classifications": ["door"], "confidences": [0.9841549396514893], "location": {"start": 0, "end": 24}, "labels": ["door"]}, {"classifications": ["likely_door"], "confidences": [0.604587197303772], "location": {"start": 0, "end": 9}, "labels": ["door"]}, {"classifications": ["likely_door"], "confidences": [0.7873073220252991], "location": {"start": 0, "end": 10}, "labels": ["door"]}, {"classifications": ["unknown"], "confidences": [0.45909687876701355], "location": {"start": 0, "end": 24}, "labels": ["voices"]}], "labels": ["door", "likely_door", "unknown"], "confidences": [0.9841549396514893, 0.7873073220252991, 0.45909687876701355], "s3_bucket": "pi-zero-audio-data", "audio": "https://pi-zero-audio-data.s3.us-east-2.amazonaws.com/Galaxy_Tab_S7_-_Wagner/2022-12-01/door/0f2cac6a-3da3-4dd6-8948-5fd76596355b.wav", "object_key": "Galaxy_Tab_S7_-_Wagner/2022-12-01/door/0f2cac6a-3da3-4dd6-8948-5fd76596355b.wav", "json_key": "Galaxy_Tab_S7_-_Wagner/2022-12-01/door/0f2cac6a-3da3-4dd6-8948-5fd76596355b.json", "autolabels": {"YAMNet_aggregate": [{"location": {"start": 0.0, "end": 2.0}, "classifications": ["Wild animals", "Bird", "Animal", "Pigeon, dove", "Inside, small room"], "labels": ["Wild animals", "Bird", "Animal", "Pigeon, dove", "Inside, small room"], "confidences": [0.2042432725429535, 0.19242370128631592, 0.1882895976305008, 0.17505258321762085, 0.1355864554643631], "model": "TF-YAMNet-V1", "inf_time": 0.029985}], "YAMNet": [{"location": {"start": 0.0, "end": 0.96}, "classifications": ["Speech", "Inside, small room"], "labels": ["Speech", "Inside, small room"], "confidences": [0.2584092915058136, 0.13586266338825226], "model": "TF-YAMNet-V1", "inf_time": 0.007496}, {"location": {"start": 0.48, "end": 1.44}, "classifications": ["Speech", "Inside, small room", "Inside, large room or hall"], "labels": ["Speech", "Inside, small room", "Inside, large room or hall"], "confidences": [0.08691409230232239, 0.07557888329029083, 0.05110381916165352], "model": "TF-YAMNet-V1", "inf_time": 0.007496}, {"location": {"start": 0.96, "end": 1.92}, "classifications": ["Mouse", "Rodents, rats, mice", "Patter"], "labels": ["Mouse", "Rodents, rats, mice", "Patter"], "confidences": [0.45264333486557007, 0.4457423686981201, 0.2943111062049866], "model": "TF-YAMNet-V1", "inf_time": 0.007496}, {"location": {"start": 1.44, "end": 2.4}, "classifications": ["Bird", "Wild animals", "Pigeon, dove"], "labels": ["Bird", "Wild animals", "Pigeon, dove"], "confidences": [0.6805702447891235, 0.6792467832565308, 0.6143538355827332], "model": "TF-YAMNet-V1", "inf_time": 0.007496}]}}