{"filename": "10c02c62-3af9-454d-812d-38b371b899f5", "time": "2022-10-27T20:58:06Z", "device_manufacturer": "samsung", "device_model": "SM-T870", "device_callsign": "Galaxy Tab S7 - Wagner", "mac_address": "02:00:00:00:00:00", "extension": "wav", "data_type": "audio", "sample_rate": 44100, "events": [{"classifications": ["door"], "confidences": [0.9982165098190308], "location": {"start": 0, "end": 17}, "labels": ["door"]}, {"classifications": ["likely_door"], "confidences": [0.508736252784729], "location": {"start": 0, "end": 9}, "labels": ["door"]}], "labels": ["door", "likely_door"], "confidences": [0.9982165098190308, 0.508736252784729], "s3_bucket": "pi-zero-audio-data", "audio": "https://pi-zero-audio-data.s3.us-east-2.amazonaws.com/Galaxy_Tab_S7_-_Wagner/2022-12-01/door/10c02c62-3af9-454d-812d-38b371b899f5.wav", "object_key": "Galaxy_Tab_S7_-_Wagner/2022-12-01/door/10c02c62-3af9-454d-812d-38b371b899f5.wav", "json_key": "Galaxy_Tab_S7_-_Wagner/2022-12-01/door/10c02c62-3af9-454d-812d-38b371b899f5.json", "autolabels": {"YAMNet_aggregate": [{"location": {"start": 0.0, "end": 2.0}, "classifications": ["Inside, small room", "Keys jangling", "Glass", "Music"], "labels": ["Inside, small room", "Keys jangling", "Glass", "Music"], "confidences": [0.08855027705430984, 0.06600567698478699, 0.06436737626791, 0.05428917706012726], "model": "TF-YAMNet-V1", "inf_time": 0.055113}], "YAMNet": [{"location": {"start": 0.0, "end": 0.96}, "classifications": ["Keys jangling", "Glass", "Chink, clink"], "labels": ["Keys jangling", "Glass", "Chink, clink"], "confidences": [0.2636583745479584, 0.2530670166015625, 0.09464108198881149], "model": "TF-YAMNet-V1", "inf_time": 0.013778}, {"location": {"start": 0.48, "end": 1.44}, "classifications": ["Music"], "labels": ["Music"], "confidences": [0.06940287351608276], "model": "TF-YAMNet-V1", "inf_time": 0.013778}, {"location": {"start": 0.96, "end": 1.92}, "classifications": ["Inside, small room", "Printer", "Bus"], "labels": ["Inside, small room", "Printer", "Bus"], "confidences": [0.2291770726442337, 0.09670332819223404, 0.07374683767557144], "model": "TF-YAMNet-V1", "inf_time": 0.013778}, {"location": {"start": 1.44, "end": 2.4}, "classifications": ["Music", "Mechanisms", "Clock"], "labels": ["Music", "Mechanisms", "Clock"], "confidences": [0.08851141482591629, 0.07772550731897354, 0.06866855919361115], "model": "TF-YAMNet-V1", "inf_time": 0.013778}]}}