{"filename": "10fbc9af-0c79-4da9-8318-62fda6392aec", "time": "2022-10-20T18:45:15Z", "device_manufacturer": "samsung", "device_model": "SM-T870", "device_callsign": "Galaxy Tab S7 - Wagner", "mac_address": "02:00:00:00:00:00", "extension": "wav", "data_type": "audio", "sample_rate": 44100, "events": [{"classifications": ["door"], "confidences": [0.986655056476593], "location": {"start": 0, "end": 12}, "labels": ["door"]}, {"classifications": ["likely_voices"], "confidences": [0.7305787205696106], "location": {"start": 0, "end": 12}, "labels": ["voices"]}, {"classifications": ["voices"], "confidences": [0.9763157963752747], "location": {"start": 0, "end": 13}, "labels": ["voices"]}, {"classifications": ["unknown"], "confidences": [0.4939192831516266], "location": {"start": 0, "end": 8}, "labels": ["voices"]}], "labels": ["door", "likely_voices", "voices", "unknown"], "confidences": [0.986655056476593, 0.7305787205696106, 0.9763157963752747, 0.4939192831516266], "s3_bucket": "pi-zero-audio-data", "audio": "https://pi-zero-audio-data.s3.us-east-2.amazonaws.com/Galaxy_Tab_S7_-_Wagner/2022-12-01/door/10fbc9af-0c79-4da9-8318-62fda6392aec.wav", "object_key": "Galaxy_Tab_S7_-_Wagner/2022-12-01/door/10fbc9af-0c79-4da9-8318-62fda6392aec.wav", "json_key": "Galaxy_Tab_S7_-_Wagner/2022-12-01/door/10fbc9af-0c79-4da9-8318-62fda6392aec.json", "autolabels": {"YAMNet_aggregate": [{"location": {"start": 0.0, "end": 6.0}, "classifications": ["Inside, small room", "Sliding door", "Door", "Domestic animals, pets", "Inside, large room or hall"], "labels": ["Inside, small room", "Sliding door", "Door", "Domestic animals, pets", "Inside, large room or hall"], "confidences": [0.1793912649154663, 0.14386087656021118, 0.07936324179172516, 0.07800056785345078, 0.07006988674402237], "model": "TF-YAMNet-V1", "inf_time": 0.060965}], "YAMNet": [{"location": {"start": 0.0, "end": 0.96}, "classifications": ["Inside, small room", "Zipper (clothing)", "Walk, footsteps"], "labels": ["Inside, small room", "Zipper (clothing)", "Walk, footsteps"], "confidences": [0.15341439843177795, 0.122323177754879, 0.1110285148024559], "model": "TF-YAMNet-V1", "inf_time": 0.00508}, {"location": {"start": 0.48, "end": 1.44}, "classifications": ["Domestic animals, pets", "Dog", "Animal"], "labels": ["Domestic animals, pets", "Dog", "Animal"], "confidences": [0.4435209035873413, 0.3722809851169586, 0.335170716047287], "model": "TF-YAMNet-V1", "inf_time": 0.00508}, {"location": {"start": 0.96, "end": 1.92}, "classifications": ["Inside, large room or hall", "Speech", "Clip-clop"], "labels": ["Inside, large room or hall", "Speech", "Clip-clop"], "confidences": [0.09947969019412994, 0.08262353390455246, 0.08060889691114426], "model": "TF-YAMNet-V1", "inf_time": 0.00508}, {"location": {"start": 1.44, "end": 2.4}, "classifications": ["Sniff", "Inside, small room", "Biting"], "labels": ["Sniff", "Inside, small room", "Biting"], "confidences": [0.2579098045825958, 0.2291450798511505, 0.19104743003845215], "model": "TF-YAMNet-V1", "inf_time": 0.00508}, {"location": {"start": 1.92, "end": 2.88}, "classifications": ["Walk, footsteps", "Animal", "Inside, small room"], "labels": ["Walk, footsteps", "Animal", "Inside, small room"], "confidences": [0.16011004149913788, 0.14057937264442444, 0.1151384487748146], "model": "TF-YAMNet-V1", "inf_time": 0.00508}, {"location": {"start": 2.4, "end": 3.36}, "classifications": ["Speech", "Inside, large room or hall"], "labels": ["Speech", "Inside, large room or hall"], "confidences": [0.17805027961730957, 0.09446564316749573], "model": "TF-YAMNet-V1", "inf_time": 0.00508}, {"location": {"start": 2.88, "end": 3.84}, "classifications": ["Sliding door", "Inside, small room", "Cupboard open or close"], "labels": ["Sliding door", "Inside, small room", "Cupboard open or close"], "confidences": [0.3352002203464508, 0.25458887219429016, 0.22535109519958496], "model": "TF-YAMNet-V1", "inf_time": 0.00508}, {"location": {"start": 3.36, "end": 4.32}, "classifications": ["Sliding door", "Inside, large room or hall", "Inside, small room"], "labels": ["Sliding door", "Inside, large room or hall", "Inside, small room"], "confidences": [0.15719632804393768, 0.12163598090410233, 0.10503008216619492], "model": "TF-YAMNet-V1", "inf_time": 0.00508}, {"location": {"start": 3.84, "end": 4.8}, "classifications": ["Inside, small room", "Sliding door", "Inside, large room or hall"], "labels": ["Inside, small room", "Sliding door", "Inside, large room or hall"], "confidences": [0.21817626059055328, 0.12005976587533951, 0.08995349705219269], "model": "TF-YAMNet-V1", "inf_time": 0.00508}, {"location": {"start": 4.32, "end": 5.28}, "classifications": ["Inside, small room", "Mechanical fan", "Inside, large room or hall"], "labels": ["Inside, small room", "Mechanical fan", "Inside, large room or hall"], "confidences": [0.4819668233394623, 0.06316421180963516, 0.056917451322078705], "model": "TF-YAMNet-V1", "inf_time": 0.00508}, {"location": {"start": 4.8, "end": 5.76}, "classifications": ["Drawer open or close", "Sliding door", "Cupboard open or close"], "labels": ["Drawer open or close", "Sliding door", "Cupboard open or close"], "confidences": [0.5122085213661194, 0.4420711100101471, 0.40287384390830994], "model": "TF-YAMNet-V1", "inf_time": 0.00508}, {"location": {"start": 5.28, "end": 6.24}, "classifications": ["Sliding door", "Door", "Mechanical fan"], "labels": ["Sliding door", "Door", "Mechanical fan"], "confidences": [0.4757165014743805, 0.2160601019859314, 0.15681037306785583], "model": "TF-YAMNet-V1", "inf_time": 0.00508}]}}