{"filename": "11496106-01ac-4dc3-914f-9891f5953901", "time": "2022-10-27T17:43:02Z", "device_manufacturer": "samsung", "device_model": "SM-T870", "device_callsign": "Galaxy Tab S7 - Wagner", "mac_address": "02:00:00:00:00:00", "extension": "wav", "data_type": "audio", "sample_rate": 44100, "events": [{"classifications": ["unknown"], "confidences": [0.48769521713256836], "location": {"start": 0, "end": 18}, "labels": ["door"]}, {"classifications": ["door"], "confidences": [0.9817813038825989], "location": {"start": 0, "end": 9}, "labels": ["door"]}, {"classifications": ["likely_door"], "confidences": [0.7720657587051392], "location": {"start": 0, "end": 11}, "labels": ["door"]}], "labels": ["unknown", "door", "likely_door"], "confidences": [0.48769521713256836, 0.9817813038825989, 0.7720657587051392], "s3_bucket": "pi-zero-audio-data", "audio": "https://pi-zero-audio-data.s3.us-east-2.amazonaws.com/Galaxy_Tab_S7_-_Wagner/2022-12-01/door/11496106-01ac-4dc3-914f-9891f5953901.wav", "object_key": "Galaxy_Tab_S7_-_Wagner/2022-12-01/door/11496106-01ac-4dc3-914f-9891f5953901.wav", "json_key": "Galaxy_Tab_S7_-_Wagner/2022-12-01/door/11496106-01ac-4dc3-914f-9891f5953901.json", "autolabels": {"YAMNet_aggregate": [{"location": {"start": 0.0, "end": 4.0}, "classifications": ["Inside, small room"], "labels": ["Inside, small room"], "confidences": [0.46721890568733215], "model": "TF-YAMNet-V1", "inf_time": 0.044258}], "YAMNet": [{"location": {"start": 0.0, "end": 0.96}, "classifications": ["Inside, small room", "Dishes, pots, and pans"], "labels": ["Inside, small room", "Dishes, pots, and pans"], "confidences": [0.5154024958610535, 0.08843633532524109], "model": "TF-YAMNet-V1", "inf_time": 0.005532}, {"location": {"start": 0.48, "end": 1.44}, "classifications": ["Inside, small room", "Coin (dropping)"], "labels": ["Inside, small room", "Coin (dropping)"], "confidences": [0.22039316594600677, 0.1131717786192894], "model": "TF-YAMNet-V1", "inf_time": 0.005532}, {"location": {"start": 0.96, "end": 1.92}, "classifications": ["Inside, small room"], "labels": ["Inside, small room"], "confidences": [0.37560054659843445], "model": "TF-YAMNet-V1", "inf_time": 0.005532}, {"location": {"start": 1.44, "end": 2.4}, "classifications": ["Inside, small room", "Dishes, pots, and pans", "Cutlery, silverware"], "labels": ["Inside, small room", "Dishes, pots, and pans", "Cutlery, silverware"], "confidences": [0.6158447265625, 0.17613264918327332, 0.11355974525213242], "model": "TF-YAMNet-V1", "inf_time": 0.005532}, {"location": {"start": 1.92, "end": 2.88}, "classifications": ["Inside, small room", "Camera", "Mechanisms"], "labels": ["Inside, small room", "Camera", "Mechanisms"], "confidences": [0.6110672354698181, 0.05882536619901657, 0.05178314819931984], "model": "TF-YAMNet-V1", "inf_time": 0.005532}, {"location": {"start": 2.4, "end": 3.36}, "classifications": ["Inside, small room", "Drawer open or close"], "labels": ["Inside, small room", "Drawer open or close"], "confidences": [0.6100854873657227, 0.051226451992988586], "model": "TF-YAMNet-V1", "inf_time": 0.005532}, {"location": {"start": 2.88, "end": 3.84}, "classifications": ["Inside, small room"], "labels": ["Inside, small room"], "confidences": [0.6026108264923096], "model": "TF-YAMNet-V1", "inf_time": 0.005532}, {"location": {"start": 3.36, "end": 4.32}, "classifications": ["Inside, small room", "Speech"], "labels": ["Inside, small room", "Speech"], "confidences": [0.186746746301651, 0.057098399847745895], "model": "TF-YAMNet-V1", "inf_time": 0.005532}]}}