{"filename": "12658608-4f56-4fdb-8ecd-e061a395ec00", "time": "2022-10-20T17:57:40Z", "device_manufacturer": "samsung", "device_model": "SM-T870", "device_callsign": "Galaxy Tab S7 - Wagner", "mac_address": "02:00:00:00:00:00", "extension": "wav", "data_type": "audio", "sample_rate": 44100, "events": [{"classifications": ["door"], "confidences": [0.9195325970649719], "location": {"start": 0, "end": 17}, "labels": ["door"]}, {"classifications": ["door"], "confidences": [0.9906880259513855], "location": {"start": 0, "end": 17}, "labels": ["door"]}], "labels": ["door"], "confidences": [0.9906880259513855], "s3_bucket": "pi-zero-audio-data", "audio": "https://pi-zero-audio-data.s3.us-east-2.amazonaws.com/Galaxy_Tab_S7_-_Wagner/2022-12-01/door/12658608-4f56-4fdb-8ecd-e061a395ec00.wav", "object_key": "Galaxy_Tab_S7_-_Wagner/2022-12-01/door/12658608-4f56-4fdb-8ecd-e061a395ec00.wav", "json_key": "Galaxy_Tab_S7_-_Wagner/2022-12-01/door/12658608-4f56-4fdb-8ecd-e061a395ec00.json", "autolabels": {"YAMNet_aggregate": [{"location": {"start": 0.0, "end": 2.0}, "classifications": ["Inside, small room", "Mechanical fan", "Rustle", "White noise", "Squish"], "labels": ["Inside, small room", "Mechanical fan", "Rustle", "White noise", "Squish"], "confidences": [0.22998109459877014, 0.1502763032913208, 0.11652188003063202, 0.09892992675304413, 0.09146732091903687], "model": "TF-YAMNet-V1", "inf_time": 0.049257}], "YAMNet": [{"location": {"start": 0.0, "end": 0.96}, "classifications": ["Inside, small room"], "labels": ["Inside, small room"], "confidences": [0.5573633909225464], "model": "TF-YAMNet-V1", "inf_time": 0.012314}, {"location": {"start": 0.48, "end": 1.44}, "classifications": ["Mechanical fan", "Inside, small room", "White noise"], "labels": ["Mechanical fan", "Inside, small room", "White noise"], "confidences": [0.2769488990306854, 0.20637062191963196, 0.15885154902935028], "model": "TF-YAMNet-V1", "inf_time": 0.012314}, {"location": {"start": 0.96, "end": 1.92}, "classifications": ["White noise", "Mechanical fan", "Rustle"], "labels": ["White noise", "Mechanical fan", "Rustle"], "confidences": [0.1805167943239212, 0.15494288504123688, 0.13736949861049652], "model": "TF-YAMNet-V1", "inf_time": 0.012314}, {"location": {"start": 1.44, "end": 2.4}, "classifications": ["Rustle", "Squish", "Glass"], "labels": ["Rustle", "Squish", "Glass"], "confidences": [0.23187191784381866, 0.22969475388526917, 0.1658540517091751], "model": "TF-YAMNet-V1", "inf_time": 0.012314}]}}