{"filename": "1969372c-c7d1-4312-bd72-23544a456e80", "time": "2022-10-20T18:20:53Z", "device_manufacturer": "samsung", "device_model": "SM-T870", "device_callsign": "Galaxy Tab S7 - Wagner", "mac_address": "02:00:00:00:00:00", "extension": "wav", "data_type": "audio", "sample_rate": 44100, "events": [{"classifications": ["door"], "confidences": [0.9799361824989319], "location": {"start": 0, "end": 8}, "labels": ["door"]}, {"classifications": ["door"], "confidences": [0.9940842986106873], "location": {"start": 0, "end": 8}, "labels": ["door"]}, {"classifications": ["door"], "confidences": [0.9465736746788025], "location": {"start": 0, "end": 12}, "labels": ["door"]}], "labels": ["door"], "confidences": [0.9940842986106873], "s3_bucket": "pi-zero-audio-data", "audio": "https://pi-zero-audio-data.s3.us-east-2.amazonaws.com/Galaxy_Tab_S7_-_Wagner/2022-12-01/door/1969372c-c7d1-4312-bd72-23544a456e80.wav", "object_key": "Galaxy_Tab_S7_-_Wagner/2022-12-01/door/1969372c-c7d1-4312-bd72-23544a456e80.wav", "json_key": "Galaxy_Tab_S7_-_Wagner/2022-12-01/door/1969372c-c7d1-4312-bd72-23544a456e80.json", "autolabels": {"YAMNet_aggregate": [{"location": {"start": 0.0, "end": 4.0}, "classifications": ["Sliding door", "Printer", "Inside, small room", "Mechanisms", "Door"], "labels": ["Sliding door", "Printer", "Inside, small room", "Mechanisms", "Door"], "confidences": [0.21431709825992584, 0.15426866710186005, 0.12703457474708557, 0.12470848113298416, 0.11974048614501953], "model": "TF-YAMNet-V1", "inf_time": 0.037958}], "YAMNet": [{"location": {"start": 0.0, "end": 0.96}, "classifications": ["Printer", "Inside, small room", "Mechanisms"], "labels": ["Printer", "Inside, small room", "Mechanisms"], "confidences": [0.2895132899284363, 0.2851096987724304, 0.16371390223503113], "model": "TF-YAMNet-V1", "inf_time": 0.004745}, {"location": {"start": 0.48, "end": 1.44}, "classifications": ["Sliding door", "Inside, small room", "Door"], "labels": ["Sliding door", "Inside, small room", "Door"], "confidences": [0.18266268074512482, 0.14789201319217682, 0.1369420737028122], "model": "TF-YAMNet-V1", "inf_time": 0.004745}, {"location": {"start": 0.96, "end": 1.92}, "classifications": ["Sliding door", "Printer", "Door"], "labels": ["Sliding door", "Printer", "Door"], "confidences": [0.517215371131897, 0.3727244436740875, 0.2955667972564697], "model": "TF-YAMNet-V1", "inf_time": 0.004745}, {"location": {"start": 1.44, "end": 2.4}, "classifications": ["Glass", "Chink, clink", "Ping"], "labels": ["Glass", "Chink, clink", "Ping"], "confidences": [0.42689910531044006, 0.3080749213695526, 0.18214066326618195], "model": "TF-YAMNet-V1", "inf_time": 0.004745}, {"location": {"start": 1.92, "end": 2.88}, "classifications": ["Sliding door", "Inside, small room", "Door"], "labels": ["Sliding door", "Inside, small room", "Door"], "confidences": [0.3641107678413391, 0.23805488646030426, 0.21547439694404602], "model": "TF-YAMNet-V1", "inf_time": 0.004745}, {"location": {"start": 2.4, "end": 3.36}, "classifications": ["Sliding door", "Printer", "Door"], "labels": ["Sliding door", "Printer", "Door"], "confidences": [0.5060076713562012, 0.2867382764816284, 0.20765414834022522], "model": "TF-YAMNet-V1", "inf_time": 0.004745}, {"location": {"start": 2.88, "end": 3.84}, "classifications": ["Music", "Inside, small room", "Ping"], "labels": ["Music", "Inside, small room", "Ping"], "confidences": [0.11537539213895798, 0.061172544956207275, 0.059493426233530045], "model": "TF-YAMNet-V1", "inf_time": 0.004745}, {"location": {"start": 3.36, "end": 4.32}, "classifications": ["Tick", "Mechanisms", "Clock"], "labels": ["Tick", "Mechanisms", "Clock"], "confidences": [0.24500896036624908, 0.23271507024765015, 0.20722727477550507], "model": "TF-YAMNet-V1", "inf_time": 0.004745}]}}