{"filename": "1aee7b1b-b1d3-4093-94f2-dcf85e0d8c0e", "time": "2022-10-20T17:45:20Z", "device_manufacturer": "samsung", "device_model": "SM-T870", "device_callsign": "Galaxy Tab S7 - Wagner", "mac_address": "02:00:00:00:00:00", "extension": "wav", "data_type": "audio", "sample_rate": 44100, "events": [{"classifications": ["likely_door"], "confidences": [0.5232125520706177], "location": {"start": 0, "end": 14}, "labels": ["door"]}, {"classifications": ["door"], "confidences": [0.9229827523231506], "location": {"start": 0, "end": 8}, "labels": ["door"]}, {"classifications": ["likely_door"], "confidences": [0.7782605886459351], "location": {"start": 0, "end": 19}, "labels": ["door"]}], "labels": ["likely_door", "door"], "confidences": [0.7782605886459351, 0.9229827523231506], "s3_bucket": "pi-zero-audio-data", "audio": "https://pi-zero-audio-data.s3.us-east-2.amazonaws.com/Galaxy_Tab_S7_-_Wagner/2022-12-01/door/1aee7b1b-b1d3-4093-94f2-dcf85e0d8c0e.wav", "object_key": "Galaxy_Tab_S7_-_Wagner/2022-12-01/door/1aee7b1b-b1d3-4093-94f2-dcf85e0d8c0e.wav", "json_key": "Galaxy_Tab_S7_-_Wagner/2022-12-01/door/1aee7b1b-b1d3-4093-94f2-dcf85e0d8c0e.json", "autolabels": {"YAMNet_aggregate": [{"location": {"start": 0.0, "end": 4.0}, "classifications": ["Inside, small room", "Printer", "Animal", "Sliding door", "Mechanisms"], "labels": ["Inside, small room", "Printer", "Animal", "Sliding door", "Mechanisms"], "confidences": [0.20305632054805756, 0.10471387952566147, 0.07723598182201385, 0.07092957198619843, 0.0698370411992073], "model": "TF-YAMNet-V1", "inf_time": 0.065457}], "YAMNet": [{"location": {"start": 0.0, "end": 0.96}, "classifications": ["Inside, small room", "Rodents, rats, mice", "Animal"], "labels": ["Inside, small room", "Rodents, rats, mice", "Animal"], "confidences": [0.25503429770469666, 0.20207564532756805, 0.18217061460018158], "model": "TF-YAMNet-V1", "inf_time": 0.008182}, {"location": {"start": 0.48, "end": 1.44}, "classifications": ["Inside, small room", "Squish", "Fire"], "labels": ["Inside, small room", "Squish", "Fire"], "confidences": [0.2819318175315857, 0.12833581864833832, 0.0812351331114769], "model": "TF-YAMNet-V1", "inf_time": 0.008182}, {"location": {"start": 0.96, "end": 1.92}, "classifications": ["Inside, small room", "Drawer open or close", "Sliding door"], "labels": ["Inside, small room", "Drawer open or close", "Sliding door"], "confidences": [0.3412196934223175, 0.17412835359573364, 0.16053692996501923], "model": "TF-YAMNet-V1", "inf_time": 0.008182}, {"location": {"start": 1.44, "end": 2.4}, "classifications": ["Inside, small room", "Vehicle", "Inside, large room or hall"], "labels": ["Inside, small room", "Vehicle", "Inside, large room or hall"], "confidences": [0.20538349449634552, 0.10424969345331192, 0.09726782888174057], "model": "TF-YAMNet-V1", "inf_time": 0.008182}, {"location": {"start": 1.92, "end": 2.88}, "classifications": ["Inside, small room", "Walk, footsteps", "Fire"], "labels": ["Inside, small room", "Walk, footsteps", "Fire"], "confidences": [0.18701568245887756, 0.1254137009382248, 0.11315220594406128], "model": "TF-YAMNet-V1", "inf_time": 0.008182}, {"location": {"start": 2.4, "end": 3.36}, "classifications": ["Printer", "Mechanisms", "Inside, small room"], "labels": ["Printer", "Mechanisms", "Inside, small room"], "confidences": [0.27263855934143066, 0.16343238949775696, 0.11144597828388214], "model": "TF-YAMNet-V1", "inf_time": 0.008182}, {"location": {"start": 2.88, "end": 3.84}, "classifications": ["Printer", "Mechanisms", "Inside, small room"], "labels": ["Printer", "Mechanisms", "Inside, small room"], "confidences": [0.5004523992538452, 0.2926986515522003, 0.18130998313426971], "model": "TF-YAMNet-V1", "inf_time": 0.008182}, {"location": {"start": 3.36, "end": 4.32}, "classifications": ["Wild animals", "Bird", "Animal"], "labels": ["Wild animals", "Bird", "Animal"], "confidences": [0.401454359292984, 0.35263675451278687, 0.3424498736858368], "model": "TF-YAMNet-V1", "inf_time": 0.008182}]}}