{"filename": "1c7a8629-bff2-44e1-8fa0-f433fc0cab99", "time": "2022-10-27T16:34:00Z", "device_manufacturer": "samsung", "device_model": "SM-T870", "device_callsign": "Galaxy Tab S7 - Wagner", "mac_address": "02:00:00:00:00:00", "extension": "wav", "data_type": "audio", "sample_rate": 44100, "events": [{"classifications": ["door"], "confidences": [0.992572009563446], "location": {"start": 0, "end": 14}, "labels": ["door"]}, {"classifications": ["door"], "confidences": [0.9828103184700012], "location": {"start": 0, "end": 10}, "labels": ["door"]}, {"classifications": ["likely_door"], "confidences": [0.6503536105155945], "location": {"start": 0, "end": 13}, "labels": ["door"]}, {"classifications": ["door"], "confidences": [0.998733639717102], "location": {"start": 0, "end": 9}, "labels": ["door"]}, {"classifications": ["door"], "confidences": [0.9821012020111084], "location": {"start": 0, "end": 9}, "labels": ["door"]}, {"classifications": ["likely_door"], "confidences": [0.7841496467590332], "location": {"start": 0, "end": 31}, "labels": ["door"]}, {"classifications": ["unknown"], "confidences": [0.3873230218887329], "location": {"start": 0, "end": 19}, "labels": ["door"]}], "labels": ["door", "likely_door", "unknown"], "confidences": [0.998733639717102, 0.7841496467590332, 0.3873230218887329], "s3_bucket": "pi-zero-audio-data", "audio": "https://pi-zero-audio-data.s3.us-east-2.amazonaws.com/Galaxy_Tab_S7_-_Wagner/2022-12-01/door/1c7a8629-bff2-44e1-8fa0-f433fc0cab99.wav", "object_key": "Galaxy_Tab_S7_-_Wagner/2022-12-01/door/1c7a8629-bff2-44e1-8fa0-f433fc0cab99.wav", "json_key": "Galaxy_Tab_S7_-_Wagner/2022-12-01/door/1c7a8629-bff2-44e1-8fa0-f433fc0cab99.json", "autolabels": {"YAMNet_aggregate": [{"location": {"start": 0.0, "end": 12.0}, "classifications": ["Inside, small room", "Animal", "Speech", "Wild animals", "Dishes, pots, and pans"], "labels": ["Inside, small room", "Animal", "Speech", "Wild animals", "Dishes, pots, and pans"], "confidences": [0.3196237087249756, 0.06913705170154572, 0.05725778266787529, 0.055248409509658813, 0.05492587015032768], "model": "TF-YAMNet-V1", "inf_time": 0.06282}], "YAMNet": [{"location": {"start": 0.0, "end": 0.96}, "classifications": ["Inside, small room", "Keys jangling", "Mechanisms"], "labels": ["Inside, small room", "Keys jangling", "Mechanisms"], "confidences": [0.4198535680770874, 0.3180714547634125, 0.11337830871343613], "model": "TF-YAMNet-V1", "inf_time": 0.002617}, {"location": {"start": 0.48, "end": 1.44}, "classifications": ["Inside, small room", "Keys jangling", "Coin (dropping)"], "labels": ["Inside, small room", "Keys jangling", "Coin (dropping)"], "confidences": [0.34070098400115967, 0.13228707015514374, 0.10705646872520447], "model": "TF-YAMNet-V1", "inf_time": 0.002617}, {"location": {"start": 0.96, "end": 1.92}, "classifications": ["Inside, small room", "Animal", "Domestic animals, pets"], "labels": ["Inside, small room", "Animal", "Domestic animals, pets"], "confidences": [0.20377835631370544, 0.1287761777639389, 0.10784900188446045], "model": "TF-YAMNet-V1", "inf_time": 0.002617}, {"location": {"start": 1.44, "end": 2.4}, "classifications": ["Biting", "Chewing, mastication", "Crunch"], "labels": ["Biting", "Chewing, mastication", "Crunch"], "confidences": [0.7907713651657104, 0.6215364933013916, 0.4361376464366913], "model": "TF-YAMNet-V1", "inf_time": 0.002617}, {"location": {"start": 1.92, "end": 2.88}, "classifications": ["Speech", "Inside, small room"], "labels": ["Speech", "Inside, small room"], "confidences": [0.14503158628940582, 0.11673726886510849], "model": "TF-YAMNet-V1", "inf_time": 0.002617}, {"location": {"start": 2.4, "end": 3.36}, "classifications": ["Inside, small room", "Scissors", "Shuffling cards"], "labels": ["Inside, small room", "Scissors", "Shuffling cards"], "confidences": [0.6314159631729126, 0.38685086369514465, 0.11303482204675674], "model": "TF-YAMNet-V1", "inf_time": 0.002617}, {"location": {"start": 2.88, "end": 3.84}, "classifications": ["Inside, small room", "Dishes, pots, and pans", "Cutlery, silverware"], "labels": ["Inside, small room", "Dishes, pots, and pans", "Cutlery, silverware"], "confidences": [0.39111289381980896, 0.22568461298942566, 0.20047594606876373], "model": "TF-YAMNet-V1", "inf_time": 0.002617}, {"location": {"start": 3.36, "end": 4.32}, "classifications": ["Inside, small room", "Dishes, pots, and pans", "Cutlery, silverware"], "labels": ["Inside, small room", "Dishes, pots, and pans", "Cutlery, silverware"], "confidences": [0.6266873478889465, 0.16570793092250824, 0.09284479171037674], "model": "TF-YAMNet-V1", "inf_time": 0.002617}, {"location": {"start": 3.84, "end": 4.8}, "classifications": ["Inside, small room", "Dishes, pots, and pans", "Cutlery, silverware"], "labels": ["Inside, small room", "Dishes, pots, and pans", "Cutlery, silverware"], "confidences": [0.36479905247688293, 0.17705653607845306, 0.12126931548118591], "model": "TF-YAMNet-V1", "inf_time": 0.002617}, {"location": {"start": 4.32, "end": 5.28}, "classifications": ["Inside, small room", "Dishes, pots, and pans", "Cutlery, silverware"], "labels": ["Inside, small room", "Dishes, pots, and pans", "Cutlery, silverware"], "confidences": [0.4306231141090393, 0.12235308438539505, 0.07598701864480972], "model": "TF-YAMNet-V1", "inf_time": 0.002617}, {"location": {"start": 4.8, "end": 5.76}, "classifications": ["Inside, small room", "Squish", "Mechanical fan"], "labels": ["Inside, small room", "Squish", "Mechanical fan"], "confidences": [0.5168886184692383, 0.12335901707410812, 0.10982858389616013], "model": "TF-YAMNet-V1", "inf_time": 0.002617}, {"location": {"start": 5.28, "end": 6.24}, "classifications": ["Inside, small room", "Dishes, pots, and pans", "Domestic animals, pets"], "labels": ["Inside, small room", "Dishes, pots, and pans", "Domestic animals, pets"], "confidences": [0.43050697445869446, 0.0873304083943367, 0.0643238052725792], "model": "TF-YAMNet-V1", "inf_time": 0.002617}, {"location": {"start": 5.76, "end": 6.72}, "classifications": ["Inside, small room", "Dishes, pots, and pans", "Cutlery, silverware"], "labels": ["Inside, small room", "Dishes, pots, and pans", "Cutlery, silverware"], "confidences": [0.5264731645584106, 0.21515196561813354, 0.10178399085998535], "model": "TF-YAMNet-V1", "inf_time": 0.002617}, {"location": {"start": 6.24, "end": 7.2}, "classifications": ["Inside, small room", "Dishes, pots, and pans", "Inside, large room or hall"], "labels": ["Inside, small room", "Dishes, pots, and pans", "Inside, large room or hall"], "confidences": [0.4606377184391022, 0.05986880511045456, 0.05815849080681801], "model": "TF-YAMNet-V1", "inf_time": 0.002617}, {"location": {"start": 6.72, "end": 7.68}, "classifications": ["Animal", "Pigeon, dove", "Wild animals"], "labels": ["Animal", "Pigeon, dove", "Wild animals"], "confidences": [0.25130200386047363, 0.24424712359905243, 0.23715150356292725], "model": "TF-YAMNet-V1", "inf_time": 0.002617}, {"location": {"start": 7.2, "end": 8.16}, "classifications": ["Inside, small room", "Shuffle", "Inside, large room or hall"], "labels": ["Inside, small room", "Shuffle", "Inside, large room or hall"], "confidences": [0.23176662623882294, 0.10257457941770554, 0.06667805463075638], "model": "TF-YAMNet-V1", "inf_time": 0.002617}, {"location": {"start": 7.68, "end": 8.64}, "classifications": ["Inside, small room", "Rodents, rats, mice", "Domestic animals, pets"], "labels": ["Inside, small room", "Rodents, rats, mice", "Domestic animals, pets"], "confidences": [0.16348211467266083, 0.1533900648355484, 0.11047576367855072], "model": "TF-YAMNet-V1", "inf_time": 0.002617}, {"location": {"start": 8.16, "end": 9.12}, "classifications": ["Inside, small room", "Inside, large room or hall", "Music"], "labels": ["Inside, small room", "Inside, large room or hall", "Music"], "confidences": [0.2813655734062195, 0.06655675917863846, 0.0530264712870121], "model": "TF-YAMNet-V1", "inf_time": 0.002617}, {"location": {"start": 8.64, "end": 9.6}, "classifications": ["Wild animals", "Bird", "Animal"], "labels": ["Wild animals", "Bird", "Animal"], "confidences": [0.759422242641449, 0.7311674952507019, 0.7242879271507263], "model": "TF-YAMNet-V1", "inf_time": 0.002617}, {"location": {"start": 9.12, "end": 10.08}, "classifications": ["Speech", "Inside, small room"], "labels": ["Speech", "Inside, small room"], "confidences": [0.5022256374359131, 0.11388637870550156], "model": "TF-YAMNet-V1", "inf_time": 0.002617}, {"location": {"start": 9.6, "end": 10.56}, "classifications": ["Inside, small room", "Speech"], "labels": ["Inside, small room", "Speech"], "confidences": [0.22590318322181702, 0.1162647157907486], "model": "TF-YAMNet-V1", "inf_time": 0.002617}, {"location": {"start": 10.08, "end": 11.04}, "classifications": ["Inside, small room", "Animal", "Wild animals"], "labels": ["Inside, small room", "Animal", "Wild animals"], "confidences": [0.21054916083812714, 0.07043061405420303, 0.058329131454229355], "model": "TF-YAMNet-V1", "inf_time": 0.002617}, {"location": {"start": 10.56, "end": 11.52}, "classifications": ["Inside, small room", "Animal", "Writing"], "labels": ["Inside, small room", "Animal", "Writing"], "confidences": [0.2265448421239853, 0.12134404480457306, 0.11887840181589127], "model": "TF-YAMNet-V1", "inf_time": 0.002617}, {"location": {"start": 11.04, "end": 12.0}, "classifications": ["Speech", "Inside, small room"], "labels": ["Speech", "Inside, small room"], "confidences": [0.2336065024137497, 0.20521807670593262], "model": "TF-YAMNet-V1", "inf_time": 0.002617}]}}