{"filename": "1cab12a7-4732-463b-9ae9-e0835d75619a", "time": "2022-10-27T19:35:19Z", "device_manufacturer": "samsung", "device_model": "SM-T870", "device_callsign": "Galaxy Tab S7 - Wagner", "mac_address": "02:00:00:00:00:00", "extension": "wav", "data_type": "audio", "sample_rate": 44100, "events": [{"classifications": ["unknown"], "confidences": [0.482226699590683], "location": {"start": 0, "end": 9}, "labels": ["door"]}, {"classifications": ["door"], "confidences": [0.9994442462921143], "location": {"start": 0, "end": 11}, "labels": ["door"]}, {"classifications": ["door"], "confidences": [0.9996314644813538], "location": {"start": 0, "end": 19}, "labels": ["door"]}], "labels": ["unknown", "door"], "confidences": [0.482226699590683, 0.9996314644813538], "s3_bucket": "pi-zero-audio-data", "audio": "https://pi-zero-audio-data.s3.us-east-2.amazonaws.com/Galaxy_Tab_S7_-_Wagner/2022-12-01/door/1cab12a7-4732-463b-9ae9-e0835d75619a.wav", "object_key": "Galaxy_Tab_S7_-_Wagner/2022-12-01/door/1cab12a7-4732-463b-9ae9-e0835d75619a.wav", "json_key": "Galaxy_Tab_S7_-_Wagner/2022-12-01/door/1cab12a7-4732-463b-9ae9-e0835d75619a.json", "autolabels": {"YAMNet_aggregate": [{"location": {"start": 0.0, "end": 4.0}, "classifications": ["Inside, small room", "Inside, large room or hall", "Sliding door", "Music"], "labels": ["Inside, small room", "Inside, large room or hall", "Sliding door", "Music"], "confidences": [0.11267831921577454, 0.0708906352519989, 0.06113223731517792, 0.05903516709804535], "model": "TF-YAMNet-V1", "inf_time": 0.07814}], "YAMNet": [{"location": {"start": 0.0, "end": 0.96}, "classifications": ["Inside, small room", "Printer", "Door"], "labels": ["Inside, small room", "Printer", "Door"], "confidences": [0.37633901834487915, 0.05281376838684082, 0.05229867994785309], "model": "TF-YAMNet-V1", "inf_time": 0.009768}, {"location": {"start": 0.48, "end": 1.44}, "classifications": ["Inside, large room or hall", "Inside, small room", "Sliding door"], "labels": ["Inside, large room or hall", "Inside, small room", "Sliding door"], "confidences": [0.1827535629272461, 0.16031144559383392, 0.1458575427532196], "model": "TF-YAMNet-V1", "inf_time": 0.009768}, {"location": {"start": 0.96, "end": 1.92}, "classifications": ["Sliding door", "Inside, large room or hall", "Door"], "labels": ["Sliding door", "Inside, large room or hall", "Door"], "confidences": [0.1045571118593216, 0.07943712174892426, 0.06571308523416519], "model": "TF-YAMNet-V1", "inf_time": 0.009768}, {"location": {"start": 1.44, "end": 2.4}, "classifications": ["Music", "Inside, large room or hall", "Thump, thud"], "labels": ["Music", "Inside, large room or hall", "Thump, thud"], "confidences": [0.19665677845478058, 0.10439686477184296, 0.08951683342456818], "model": "TF-YAMNet-V1", "inf_time": 0.009768}, {"location": {"start": 1.92, "end": 2.88}, "classifications": ["Sliding door", "Music", "Mechanisms"], "labels": ["Sliding door", "Music", "Mechanisms"], "confidences": [0.07883903384208679, 0.07406004518270493, 0.061967551708221436], "model": "TF-YAMNet-V1", "inf_time": 0.009768}, {"location": {"start": 2.4, "end": 3.36}, "classifications": ["Inside, small room", "Printer", "Mechanisms"], "labels": ["Inside, small room", "Printer", "Mechanisms"], "confidences": [0.1398184597492218, 0.12470495700836182, 0.09629015624523163], "model": "TF-YAMNet-V1", "inf_time": 0.009768}, {"location": {"start": 2.88, "end": 3.84}, "classifications": ["Fire", "Explosion", "Whoosh, swoosh, swish"], "labels": ["Fire", "Explosion", "Whoosh, swoosh, swish"], "confidences": [0.06912561506032944, 0.06496575474739075, 0.0640164166688919], "model": "TF-YAMNet-V1", "inf_time": 0.009768}, {"location": {"start": 3.36, "end": 4.32}, "classifications": ["Bell", "Silence", "Alarm"], "labels": ["Bell", "Silence", "Alarm"], "confidences": [0.0910525918006897, 0.0887998417019844, 0.08732637017965317], "model": "TF-YAMNet-V1", "inf_time": 0.009768}]}}