{"filename": "1d8dada1-b50f-4cf6-acfb-907b7b191d19", "time": "2022-10-27T21:24:10Z", "device_manufacturer": "samsung", "device_model": "SM-T870", "device_callsign": "Galaxy Tab S7 - Wagner", "mac_address": "02:00:00:00:00:00", "extension": "wav", "data_type": "audio", "sample_rate": 44100, "events": [{"classifications": ["door"], "confidences": [0.9971091151237488], "location": {"start": 0, "end": 10}, "labels": ["door"]}, {"classifications": ["likely_door"], "confidences": [0.7737991809844971], "location": {"start": 0, "end": 9}, "labels": ["door"]}, {"classifications": ["likely_door"], "confidences": [0.7968669533729553], "location": {"start": 0, "end": 17}, "labels": ["door"]}], "labels": ["door", "likely_door"], "confidences": [0.9971091151237488, 0.7968669533729553], "s3_bucket": "pi-zero-audio-data", "audio": "https://pi-zero-audio-data.s3.us-east-2.amazonaws.com/Galaxy_Tab_S7_-_Wagner/2022-12-01/door/1d8dada1-b50f-4cf6-acfb-907b7b191d19.wav", "object_key": "Galaxy_Tab_S7_-_Wagner/2022-12-01/door/1d8dada1-b50f-4cf6-acfb-907b7b191d19.wav", "json_key": "Galaxy_Tab_S7_-_Wagner/2022-12-01/door/1d8dada1-b50f-4cf6-acfb-907b7b191d19.json", "autolabels": {"YAMNet_aggregate": [{"location": {"start": 0.0, "end": 4.0}, "classifications": ["Printer", "Inside, small room", "Mechanisms", "Tuning fork", "Singing bowl"], "labels": ["Printer", "Inside, small room", "Mechanisms", "Tuning fork", "Singing bowl"], "confidences": [0.15712739527225494, 0.14911289513111115, 0.13373307883739471, 0.06474652886390686, 0.05946126580238342], "model": "TF-YAMNet-V1", "inf_time": 0.081671}], "YAMNet": [{"location": {"start": 0.0, "end": 0.96}, "classifications": ["Singing bowl", "Tuning fork", "Sonar"], "labels": ["Singing bowl", "Tuning fork", "Sonar"], "confidences": [0.1943870484828949, 0.12607985734939575, 0.08077072352170944], "model": "TF-YAMNet-V1", "inf_time": 0.010209}, {"location": {"start": 0.48, "end": 1.44}, "classifications": ["Inside, small room", "Beep, bleep", "Sound effect"], "labels": ["Inside, small room", "Beep, bleep", "Sound effect"], "confidences": [0.1649451106786728, 0.13444073498249054, 0.0922250896692276], "model": "TF-YAMNet-V1", "inf_time": 0.010209}, {"location": {"start": 0.96, "end": 1.92}, "classifications": ["Mechanisms", "Inside, small room", "Printer"], "labels": ["Mechanisms", "Inside, small room", "Printer"], "confidences": [0.18995265662670135, 0.14100873470306396, 0.13997095823287964], "model": "TF-YAMNet-V1", "inf_time": 0.010209}, {"location": {"start": 1.44, "end": 2.4}, "classifications": ["Printer", "Mechanisms", "Inside, small room"], "labels": ["Printer", "Mechanisms", "Inside, small room"], "confidences": [0.6002123355865479, 0.3632051944732666, 0.18562570214271545], "model": "TF-YAMNet-V1", "inf_time": 0.010209}, {"location": {"start": 1.92, "end": 2.88}, "classifications": ["Printer", "Inside, small room", "Mechanisms"], "labels": ["Printer", "Inside, small room", "Mechanisms"], "confidences": [0.24953602254390717, 0.20465686917304993, 0.18539950251579285], "model": "TF-YAMNet-V1", "inf_time": 0.010209}, {"location": {"start": 2.4, "end": 3.36}, "classifications": ["Inside, small room", "Printer", "Mechanisms"], "labels": ["Inside, small room", "Printer", "Mechanisms"], "confidences": [0.28891080617904663, 0.18821153044700623, 0.16756267845630646], "model": "TF-YAMNet-V1", "inf_time": 0.010209}, {"location": {"start": 2.88, "end": 3.84}, "classifications": ["Inside, small room", "Music", "Inside, large room or hall"], "labels": ["Inside, small room", "Music", "Inside, large room or hall"], "confidences": [0.12712475657463074, 0.060080669820308685, 0.054205719381570816], "model": "TF-YAMNet-V1", "inf_time": 0.010209}, {"location": {"start": 3.36, "end": 4.32}, "classifications": ["Tuning fork", "Singing bowl", "Chirp tone"], "labels": ["Tuning fork", "Singing bowl", "Chirp tone"], "confidences": [0.37176159024238586, 0.2670149505138397, 0.15939152240753174], "model": "TF-YAMNet-V1", "inf_time": 0.010209}]}}