{"filename": "224bff12-1d0a-420d-925a-261d7cff53ee", "time": "2022-10-20T18:45:31Z", "device_manufacturer": "samsung", "device_model": "SM-T870", "device_callsign": "Galaxy Tab S7 - Wagner", "mac_address": "02:00:00:00:00:00", "extension": "wav", "data_type": "audio", "sample_rate": 44100, "events": [{"classifications": ["unknown"], "confidences": [0.3884153962135315], "location": {"start": 0, "end": 9}, "labels": ["door"]}, {"classifications": ["door"], "confidences": [0.9933560490608215], "location": {"start": 0, "end": 14}, "labels": ["door"]}, {"classifications": ["door"], "confidences": [0.9972074031829834], "location": {"start": 0, "end": 13}, "labels": ["door"]}], "labels": ["unknown", "door"], "confidences": [0.3884153962135315, 0.9972074031829834], "s3_bucket": "pi-zero-audio-data", "audio": "https://pi-zero-audio-data.s3.us-east-2.amazonaws.com/Galaxy_Tab_S7_-_Wagner/2022-12-01/door/224bff12-1d0a-420d-925a-261d7cff53ee.wav", "object_key": "Galaxy_Tab_S7_-_Wagner/2022-12-01/door/224bff12-1d0a-420d-925a-261d7cff53ee.wav", "json_key": "Galaxy_Tab_S7_-_Wagner/2022-12-01/door/224bff12-1d0a-420d-925a-261d7cff53ee.json", "autolabels": {"YAMNet_aggregate": [{"location": {"start": 0.0, "end": 4.0}, "classifications": ["Inside, small room", "Sliding door", "Dishes, pots, and pans", "Drawer open or close", "Cutlery, silverware"], "labels": ["Inside, small room", "Sliding door", "Dishes, pots, and pans", "Drawer open or close", "Cutlery, silverware"], "confidences": [0.19663244485855103, 0.16993817687034607, 0.13290023803710938, 0.11420941352844238, 0.09905330836772919], "model": "TF-YAMNet-V1", "inf_time": 0.034355}], "YAMNet": [{"location": {"start": 0.0, "end": 0.96}, "classifications": ["Inside, small room", "Sliding door", "Door"], "labels": ["Inside, small room", "Sliding door", "Door"], "confidences": [0.25012335181236267, 0.2025958150625229, 0.12100996822118759], "model": "TF-YAMNet-V1", "inf_time": 0.004294}, {"location": {"start": 0.48, "end": 1.44}, "classifications": ["Dishes, pots, and pans", "Cutlery, silverware", "Inside, small room"], "labels": ["Dishes, pots, and pans", "Cutlery, silverware", "Inside, small room"], "confidences": [0.32289087772369385, 0.23743106424808502, 0.1901337206363678], "model": "TF-YAMNet-V1", "inf_time": 0.004294}, {"location": {"start": 0.96, "end": 1.92}, "classifications": ["Inside, small room", "Inside, large room or hall", "Liquid"], "labels": ["Inside, small room", "Inside, large room or hall", "Liquid"], "confidences": [0.17591719329357147, 0.07700131833553314, 0.07161468267440796], "model": "TF-YAMNet-V1", "inf_time": 0.004294}, {"location": {"start": 1.44, "end": 2.4}, "classifications": ["Inside, small room", "Music", "Inside, large room or hall"], "labels": ["Inside, small room", "Music", "Inside, large room or hall"], "confidences": [0.08378345519304276, 0.05485496670007706, 0.051412392407655716], "model": "TF-YAMNet-V1", "inf_time": 0.004294}, {"location": {"start": 1.92, "end": 2.88}, "classifications": ["Dishes, pots, and pans", "Cutlery, silverware", "Inside, small room"], "labels": ["Dishes, pots, and pans", "Cutlery, silverware", "Inside, small room"], "confidences": [0.5985513925552368, 0.5180506706237793, 0.21292747557163239], "model": "TF-YAMNet-V1", "inf_time": 0.004294}, {"location": {"start": 2.4, "end": 3.36}, "classifications": ["Drawer open or close", "Inside, small room", "Sliding door"], "labels": ["Drawer open or close", "Inside, small room", "Sliding door"], "confidences": [0.3296940326690674, 0.30522483587265015, 0.1957671046257019], "model": "TF-YAMNet-V1", "inf_time": 0.004294}, {"location": {"start": 2.88, "end": 3.84}, "classifications": ["Cupboard open or close", "Drawer open or close", "Sliding door"], "labels": ["Cupboard open or close", "Drawer open or close", "Sliding door"], "confidences": [0.5040080547332764, 0.43993303179740906, 0.34090209007263184], "model": "TF-YAMNet-V1", "inf_time": 0.004294}, {"location": {"start": 3.36, "end": 4.32}, "classifications": ["Sliding door", "Door", "Whoosh, swoosh, swish"], "labels": ["Sliding door", "Door", "Whoosh, swoosh, swish"], "confidences": [0.4292580187320709, 0.16471704840660095, 0.10195595026016235], "model": "TF-YAMNet-V1", "inf_time": 0.004294}]}}