{"filename": "27bfa9ad-dfea-4bef-b6ec-ba0a99db3113", "time": "2022-10-27T16:33:45Z", "device_manufacturer": "samsung", "device_model": "SM-T870", "device_callsign": "Galaxy Tab S7 - Wagner", "mac_address": "02:00:00:00:00:00", "extension": "wav", "data_type": "audio", "sample_rate": 44100, "events": [{"classifications": ["likely_door"], "confidences": [0.8413016200065613], "location": {"start": 0, "end": 20}, "labels": ["door"]}, {"classifications": ["door"], "confidences": [0.9554958939552307], "location": {"start": 0, "end": 9}, "labels": ["door"]}], "labels": ["likely_door", "door"], "confidences": [0.8413016200065613, 0.9554958939552307], "s3_bucket": "pi-zero-audio-data", "audio": "https://pi-zero-audio-data.s3.us-east-2.amazonaws.com/Galaxy_Tab_S7_-_Wagner/2022-12-01/door/27bfa9ad-dfea-4bef-b6ec-ba0a99db3113.wav", "object_key": "Galaxy_Tab_S7_-_Wagner/2022-12-01/door/27bfa9ad-dfea-4bef-b6ec-ba0a99db3113.wav", "json_key": "Galaxy_Tab_S7_-_Wagner/2022-12-01/door/27bfa9ad-dfea-4bef-b6ec-ba0a99db3113.json", "autolabels": {"YAMNet_aggregate": [{"location": {"start": 0.0, "end": 2.0}, "classifications": ["Snort", "Writing", "Gasp", "Inside, small room", "Owl"], "labels": ["Snort", "Writing", "Gasp", "Inside, small room", "Owl"], "confidences": [0.2755832374095917, 0.22893588244915009, 0.21796967089176178, 0.21067693829536438, 0.20725339651107788], "model": "TF-YAMNet-V1", "inf_time": 0.070944}], "YAMNet": [{"location": {"start": 0.0, "end": 0.96}, "classifications": ["Writing", "Inside, small room", "Scissors"], "labels": ["Writing", "Inside, small room", "Scissors"], "confidences": [0.4029751718044281, 0.3985203206539154, 0.2318737953901291], "model": "TF-YAMNet-V1", "inf_time": 0.017736}, {"location": {"start": 0.48, "end": 1.44}, "classifications": ["Scissors", "Inside, small room", "Zipper (clothing)"], "labels": ["Scissors", "Inside, small room", "Zipper (clothing)"], "confidences": [0.5355148315429688, 0.25799325108528137, 0.17784659564495087], "model": "TF-YAMNet-V1", "inf_time": 0.017736}, {"location": {"start": 0.96, "end": 1.92}, "classifications": ["Snort", "Writing", "Sneeze"], "labels": ["Snort", "Writing", "Sneeze"], "confidences": [0.3488607704639435, 0.3466651737689972, 0.3132471740245819], "model": "TF-YAMNet-V1", "inf_time": 0.017736}, {"location": {"start": 1.44, "end": 2.4}, "classifications": ["Snort", "Gasp", "Owl"], "labels": ["Snort", "Gasp", "Owl"], "confidences": [0.7421449422836304, 0.7324993014335632, 0.5743261575698853], "model": "TF-YAMNet-V1", "inf_time": 0.017736}]}}