{"filename": "2816043d-2b90-4a6b-96cb-e9a528ffaba6", "time": "2022-10-27T01:38:00Z", "device_manufacturer": "samsung", "device_model": "SM-T870", "device_callsign": "Galaxy Tab S7 - Wagner", "mac_address": "02:00:00:00:00:00", "extension": "wav", "data_type": "audio", "sample_rate": 44100, "events": [{"classifications": ["door"], "confidences": [0.9668034911155701], "location": {"start": 0, "end": 14}, "labels": ["door"]}, {"classifications": ["unknown"], "confidences": [0.49582821130752563], "location": {"start": 0, "end": 12}, "labels": ["door"]}, {"classifications": ["door"], "confidences": [0.9850912094116211], "location": {"start": 0, "end": 10}, "labels": ["door"]}, {"classifications": ["door"], "confidences": [0.9027343392372131], "location": {"start": 0, "end": 10}, "labels": ["door"]}], "labels": ["door", "unknown"], "confidences": [0.9850912094116211, 0.49582821130752563], "s3_bucket": "pi-zero-audio-data", "audio": "https://pi-zero-audio-data.s3.us-east-2.amazonaws.com/Galaxy_Tab_S7_-_Wagner/2022-12-01/door/2816043d-2b90-4a6b-96cb-e9a528ffaba6.wav", "object_key": "Galaxy_Tab_S7_-_Wagner/2022-12-01/door/2816043d-2b90-4a6b-96cb-e9a528ffaba6.wav", "json_key": "Galaxy_Tab_S7_-_Wagner/2022-12-01/door/2816043d-2b90-4a6b-96cb-e9a528ffaba6.json", "autolabels": {"YAMNet_aggregate": [{"location": {"start": 0.0, "end": 6.0}, "classifications": ["Dishes, pots, and pans", "Cutlery, silverware", "Inside, small room", "Animal", "Wild animals"], "labels": ["Dishes, pots, and pans", "Cutlery, silverware", "Inside, small room", "Animal", "Wild animals"], "confidences": [0.43921545147895813, 0.37223020195961, 0.2230282425880432, 0.1270623356103897, 0.12129702419042587], "model": "TF-YAMNet-V1", "inf_time": 0.038938}], "YAMNet": [{"location": {"start": 0.0, "end": 0.96}, "classifications": ["Percussion", "Musical instrument", "Cymbal"], "labels": ["Percussion", "Musical instrument", "Cymbal"], "confidences": [0.28056007623672485, 0.1648748368024826, 0.08040166646242142], "model": "TF-YAMNet-V1", "inf_time": 0.003245}, {"location": {"start": 0.48, "end": 1.44}, "classifications": ["Dishes, pots, and pans", "Cutlery, silverware", "Tools"], "labels": ["Dishes, pots, and pans", "Cutlery, silverware", "Tools"], "confidences": [0.7882301211357117, 0.5719278454780579, 0.10518021881580353], "model": "TF-YAMNet-V1", "inf_time": 0.003245}, {"location": {"start": 0.96, "end": 1.92}, "classifications": ["Dishes, pots, and pans", "Cutlery, silverware", "Inside, small room"], "labels": ["Dishes, pots, and pans", "Cutlery, silverware", "Inside, small room"], "confidences": [0.7887668609619141, 0.6275056600570679, 0.27377477288246155], "model": "TF-YAMNet-V1", "inf_time": 0.003245}, {"location": {"start": 1.44, "end": 2.4}, "classifications": ["Dishes, pots, and pans", "Cutlery, silverware", "Inside, small room"], "labels": ["Dishes, pots, and pans", "Cutlery, silverware", "Inside, small room"], "confidences": [0.9089852571487427, 0.8412697315216064, 0.16822300851345062], "model": "TF-YAMNet-V1", "inf_time": 0.003245}, {"location": {"start": 1.92, "end": 2.88}, "classifications": ["Dishes, pots, and pans", "Cutlery, silverware", "Inside, small room"], "labels": ["Dishes, pots, and pans", "Cutlery, silverware", "Inside, small room"], "confidences": [0.8239469528198242, 0.7735271453857422, 0.2342165857553482], "model": "TF-YAMNet-V1", "inf_time": 0.003245}, {"location": {"start": 2.4, "end": 3.36}, "classifications": ["Dishes, pots, and pans", "Cutlery, silverware", "Inside, small room"], "labels": ["Dishes, pots, and pans", "Cutlery, silverware", "Inside, small room"], "confidences": [0.9369542002677917, 0.919468104839325, 0.3001483082771301], "model": "TF-YAMNet-V1", "inf_time": 0.003245}, {"location": {"start": 2.88, "end": 3.84}, "classifications": ["Dishes, pots, and pans", "Cutlery, silverware", "Inside, small room"], "labels": ["Dishes, pots, and pans", "Cutlery, silverware", "Inside, small room"], "confidences": [0.48560646176338196, 0.43503284454345703, 0.20705324411392212], "model": "TF-YAMNet-V1", "inf_time": 0.003245}, {"location": {"start": 3.36, "end": 4.32}, "classifications": ["Inside, small room", "Dishes, pots, and pans", "Cutlery, silverware"], "labels": ["Inside, small room", "Dishes, pots, and pans", "Cutlery, silverware"], "confidences": [0.5209032297134399, 0.3337329626083374, 0.22278864681720734], "model": "TF-YAMNet-V1", "inf_time": 0.003245}, {"location": {"start": 3.84, "end": 4.8}, "classifications": ["Inside, small room", "Dishes, pots, and pans", "Drawer open or close"], "labels": ["Inside, small room", "Dishes, pots, and pans", "Drawer open or close"], "confidences": [0.36551421880722046, 0.1252727508544922, 0.09687042236328125], "model": "TF-YAMNet-V1", "inf_time": 0.003245}, {"location": {"start": 4.32, "end": 5.28}, "classifications": ["Inside, small room", "Domestic animals, pets", "Animal"], "labels": ["Inside, small room", "Domestic animals, pets", "Animal"], "confidences": [0.27362677454948425, 0.21225078403949738, 0.15887551009655], "model": "TF-YAMNet-V1", "inf_time": 0.003245}, {"location": {"start": 4.8, "end": 5.76}, "classifications": ["Bird", "Wild animals", "Animal"], "labels": ["Bird", "Wild animals", "Animal"], "confidences": [0.9514614343643188, 0.945705771446228, 0.9332572817802429], "model": "TF-YAMNet-V1", "inf_time": 0.003245}, {"location": {"start": 5.28, "end": 6.24}, "classifications": ["Wild animals", "Bird", "Pigeon, dove"], "labels": ["Wild animals", "Bird", "Pigeon, dove"], "confidences": [0.48130232095718384, 0.44951045513153076, 0.42928773164749146], "model": "TF-YAMNet-V1", "inf_time": 0.003245}]}}