{"filename": "292c7ecc-e84e-4c0c-ba66-df37fcc2e8b5", "time": "2022-10-26T21:56:40Z", "device_manufacturer": "samsung", "device_model": "SM-T870", "device_callsign": "Galaxy Tab S7 - Wagner", "mac_address": "02:00:00:00:00:00", "extension": "wav", "data_type": "audio", "sample_rate": 44100, "events": [{"classifications": ["likely_door"], "confidences": [0.5583540201187134], "location": {"start": 0, "end": 10}, "labels": ["door"]}, {"classifications": ["likely_door"], "confidences": [0.729836106300354], "location": {"start": 0, "end": 12}, "labels": ["door"]}, {"classifications": ["door"], "confidences": [0.9652909636497498], "location": {"start": 0, "end": 10}, "labels": ["door"]}], "labels": ["likely_door", "door"], "confidences": [0.729836106300354, 0.9652909636497498], "s3_bucket": "pi-zero-audio-data", "audio": "https://pi-zero-audio-data.s3.us-east-2.amazonaws.com/Galaxy_Tab_S7_-_Wagner/2022-12-01/door/292c7ecc-e84e-4c0c-ba66-df37fcc2e8b5.wav", "object_key": "Galaxy_Tab_S7_-_Wagner/2022-12-01/door/292c7ecc-e84e-4c0c-ba66-df37fcc2e8b5.wav", "json_key": "Galaxy_Tab_S7_-_Wagner/2022-12-01/door/292c7ecc-e84e-4c0c-ba66-df37fcc2e8b5.json", "autolabels": {"YAMNet_aggregate": [{"location": {"start": 0.0, "end": 4.0}, "classifications": ["Inside, small room", "Breaking", "Inside, large room or hall", "Crack"], "labels": ["Inside, small room", "Breaking", "Inside, large room or hall", "Crack"], "confidences": [0.2954220175743103, 0.09132830053567886, 0.054423168301582336, 0.05187704786658287], "model": "TF-YAMNet-V1", "inf_time": 0.065039}], "YAMNet": [{"location": {"start": 0.0, "end": 0.96}, "classifications": ["Breaking", "Crack", "Cap gun"], "labels": ["Breaking", "Crack", "Cap gun"], "confidences": [0.7190454006195068, 0.40027108788490295, 0.3356718420982361], "model": "TF-YAMNet-V1", "inf_time": 0.00813}, {"location": {"start": 0.48, "end": 1.44}, "classifications": ["Inside, small room", "Door", "Inside, large room or hall"], "labels": ["Inside, small room", "Door", "Inside, large room or hall"], "confidences": [0.27771705389022827, 0.11260421574115753, 0.09129161387681961], "model": "TF-YAMNet-V1", "inf_time": 0.00813}, {"location": {"start": 0.96, "end": 1.92}, "classifications": ["Inside, small room", "Dishes, pots, and pans", "Inside, large room or hall"], "labels": ["Inside, small room", "Dishes, pots, and pans", "Inside, large room or hall"], "confidences": [0.5131149291992188, 0.1017380803823471, 0.06686800718307495], "model": "TF-YAMNet-V1", "inf_time": 0.00813}, {"location": {"start": 1.44, "end": 2.4}, "classifications": ["Inside, small room", "Dishes, pots, and pans", "Sliding door"], "labels": ["Inside, small room", "Dishes, pots, and pans", "Sliding door"], "confidences": [0.5898292660713196, 0.08888022601604462, 0.08418072015047073], "model": "TF-YAMNet-V1", "inf_time": 0.00813}, {"location": {"start": 1.92, "end": 2.88}, "classifications": ["Inside, small room", "Mechanisms", "Dishes, pots, and pans"], "labels": ["Inside, small room", "Mechanisms", "Dishes, pots, and pans"], "confidences": [0.5915483236312866, 0.07198324799537659, 0.06305582076311111], "model": "TF-YAMNet-V1", "inf_time": 0.00813}, {"location": {"start": 2.4, "end": 3.36}, "classifications": ["Inside, small room", "Inside, large room or hall"], "labels": ["Inside, small room", "Inside, large room or hall"], "confidences": [0.16174528002738953, 0.09209110587835312], "model": "TF-YAMNet-V1", "inf_time": 0.00813}, {"location": {"start": 2.88, "end": 3.84}, "classifications": ["Music", "Inside, large room or hall"], "labels": ["Music", "Inside, large room or hall"], "confidences": [0.1773073524236679, 0.05278144031763077], "model": "TF-YAMNet-V1", "inf_time": 0.00813}, {"location": {"start": 3.36, "end": 4.32}, "classifications": ["Fire", "Crackle", "Flap"], "labels": ["Fire", "Crackle", "Flap"], "confidences": [0.08839307725429535, 0.08599096536636353, 0.07509424537420273], "model": "TF-YAMNet-V1", "inf_time": 0.00813}]}}