{"filename": "2b20de2d-dfff-499a-8173-f9bb59137e2b", "time": "2022-10-26T20:09:49Z", "device_manufacturer": "samsung", "device_model": "SM-T870", "device_callsign": "Galaxy Tab S7 - Wagner", "mac_address": "02:00:00:00:00:00", "extension": "wav", "data_type": "audio", "sample_rate": 44100, "events": [{"classifications": ["door"], "confidences": [0.9768114686012268], "location": {"start": 0, "end": 12}, "labels": ["door"]}, {"classifications": ["door"], "confidences": [0.9999074935913086], "location": {"start": 0, "end": 13}, "labels": ["door"]}, {"classifications": ["door"], "confidences": [0.9988000988960266], "location": {"start": 0, "end": 16}, "labels": ["door"]}], "labels": ["door"], "confidences": [0.9999074935913086], "s3_bucket": "pi-zero-audio-data", "audio": "https://pi-zero-audio-data.s3.us-east-2.amazonaws.com/Galaxy_Tab_S7_-_Wagner/2022-12-01/door/2b20de2d-dfff-499a-8173-f9bb59137e2b.wav", "object_key": "Galaxy_Tab_S7_-_Wagner/2022-12-01/door/2b20de2d-dfff-499a-8173-f9bb59137e2b.wav", "json_key": "Galaxy_Tab_S7_-_Wagner/2022-12-01/door/2b20de2d-dfff-499a-8173-f9bb59137e2b.json", "autolabels": {"YAMNet_aggregate": [{"location": {"start": 0.0, "end": 4.0}, "classifications": ["Sliding door", "Door", "Inside, small room", "Slam", "Cupboard open or close"], "labels": ["Sliding door", "Door", "Inside, small room", "Slam", "Cupboard open or close"], "confidences": [0.30612894892692566, 0.25478845834732056, 0.18898457288742065, 0.1477215737104416, 0.14666494727134705], "model": "TF-YAMNet-V1", "inf_time": 0.048062}], "YAMNet": [{"location": {"start": 0.0, "end": 0.96}, "classifications": ["Bouncing", "Hands", "Slap, smack"], "labels": ["Bouncing", "Hands", "Slap, smack"], "confidences": [0.7413001656532288, 0.6208098530769348, 0.615943431854248], "model": "TF-YAMNet-V1", "inf_time": 0.006008}, {"location": {"start": 0.48, "end": 1.44}, "classifications": ["Sliding door", "Door", "Cupboard open or close"], "labels": ["Sliding door", "Door", "Cupboard open or close"], "confidences": [0.3547530770301819, 0.24747377634048462, 0.2197491079568863], "model": "TF-YAMNet-V1", "inf_time": 0.006008}, {"location": {"start": 0.96, "end": 1.92}, "classifications": ["Inside, small room", "Inside, large room or hall", "Sliding door"], "labels": ["Inside, small room", "Inside, large room or hall", "Sliding door"], "confidences": [0.274160772562027, 0.1966732293367386, 0.10884635150432587], "model": "TF-YAMNet-V1", "inf_time": 0.006008}, {"location": {"start": 1.44, "end": 2.4}, "classifications": ["Sliding door", "Cupboard open or close", "Drawer open or close"], "labels": ["Sliding door", "Cupboard open or close", "Drawer open or close"], "confidences": [0.5714654922485352, 0.4854988157749176, 0.3615460693836212], "model": "TF-YAMNet-V1", "inf_time": 0.006008}, {"location": {"start": 1.92, "end": 2.88}, "classifications": ["Slam", "Door", "Sliding door"], "labels": ["Slam", "Door", "Sliding door"], "confidences": [0.5867021083831787, 0.40853214263916016, 0.3793560564517975], "model": "TF-YAMNet-V1", "inf_time": 0.006008}, {"location": {"start": 2.4, "end": 3.36}, "classifications": ["Sliding door", "Door", "Cupboard open or close"], "labels": ["Sliding door", "Door", "Cupboard open or close"], "confidences": [0.5682469010353088, 0.262238085269928, 0.11783056706190109], "model": "TF-YAMNet-V1", "inf_time": 0.006008}, {"location": {"start": 2.88, "end": 3.84}, "classifications": ["Inside, small room", "Door", "Inside, large room or hall"], "labels": ["Inside, small room", "Door", "Inside, large room or hall"], "confidences": [0.47860124707221985, 0.2290627509355545, 0.15521281957626343], "model": "TF-YAMNet-V1", "inf_time": 0.006008}, {"location": {"start": 3.36, "end": 4.32}, "classifications": ["Sliding door", "Door", "Inside, small room"], "labels": ["Sliding door", "Door", "Inside, small room"], "confidences": [0.3566546142101288, 0.1277482509613037, 0.12705440819263458], "model": "TF-YAMNet-V1", "inf_time": 0.006008}]}}