{"filename": "30494d4b-44d1-478b-b769-4012a35a02f8", "time": "2022-10-20T19:06:17Z", "device_manufacturer": "samsung", "device_model": "SM-T870", "device_callsign": "Galaxy Tab S7 - Wagner", "mac_address": "02:00:00:00:00:00", "extension": "wav", "data_type": "audio", "sample_rate": 44100, "events": [{"classifications": ["likely_door"], "confidences": [0.7332636117935181], "location": {"start": 0, "end": 9}, "labels": ["door"]}, {"classifications": ["door"], "confidences": [0.9959575533866882], "location": {"start": 0, "end": 10}, "labels": ["door"]}, {"classifications": ["door"], "confidences": [0.9983052611351013], "location": {"start": 0, "end": 18}, "labels": ["door"]}, {"classifications": ["door"], "confidences": [0.9921753406524658], "location": {"start": 0, "end": 8}, "labels": ["door"]}, {"classifications": ["door"], "confidences": [0.8832039833068848], "location": {"start": 0, "end": 10}, "labels": ["door"]}], "labels": ["likely_door", "door"], "confidences": [0.7332636117935181, 0.9983052611351013], "s3_bucket": "pi-zero-audio-data", "audio": "https://pi-zero-audio-data.s3.us-east-2.amazonaws.com/Galaxy_Tab_S7_-_Wagner/2022-12-01/door/30494d4b-44d1-478b-b769-4012a35a02f8.wav", "object_key": "Galaxy_Tab_S7_-_Wagner/2022-12-01/door/30494d4b-44d1-478b-b769-4012a35a02f8.wav", "json_key": "Galaxy_Tab_S7_-_Wagner/2022-12-01/door/30494d4b-44d1-478b-b769-4012a35a02f8.json", "autolabels": {"YAMNet_aggregate": [{"location": {"start": 0.0, "end": 8.0}, "classifications": ["Inside, small room", "Sliding door", "Inside, large room or hall", "Door", "Cupboard open or close"], "labels": ["Inside, small room", "Sliding door", "Inside, large room or hall", "Door", "Cupboard open or close"], "confidences": [0.1970740556716919, 0.13041538000106812, 0.08330423384904861, 0.08137030154466629, 0.06867286562919617], "model": "TF-YAMNet-V1", "inf_time": 0.065408}], "YAMNet": [{"location": {"start": 0.0, "end": 0.96}, "classifications": ["Caterwaul", "Cat", "Snort"], "labels": ["Caterwaul", "Cat", "Snort"], "confidences": [0.38644492626190186, 0.3012860417366028, 0.25100207328796387], "model": "TF-YAMNet-V1", "inf_time": 0.004088}, {"location": {"start": 0.48, "end": 1.44}, "classifications": ["Vehicle", "Sliding door", "Inside, large room or hall"], "labels": ["Vehicle", "Sliding door", "Inside, large room or hall"], "confidences": [0.16183215379714966, 0.15382105112075806, 0.1454179733991623], "model": "TF-YAMNet-V1", "inf_time": 0.004088}, {"location": {"start": 0.96, "end": 1.92}, "classifications": ["Inside, small room", "Inside, large room or hall", "Vehicle"], "labels": ["Inside, small room", "Inside, large room or hall", "Vehicle"], "confidences": [0.10185513645410538, 0.09061887115240097, 0.08819594979286194], "model": "TF-YAMNet-V1", "inf_time": 0.004088}, {"location": {"start": 1.44, "end": 2.4}, "classifications": ["Music", "Inside, large room or hall", "Inside, small room"], "labels": ["Music", "Inside, large room or hall", "Inside, small room"], "confidences": [0.09851639717817307, 0.0738712027668953, 0.07244785875082016], "model": "TF-YAMNet-V1", "inf_time": 0.004088}, {"location": {"start": 1.92, "end": 2.88}, "classifications": ["Inside, small room", "Inside, large room or hall", "Door"], "labels": ["Inside, small room", "Inside, large room or hall", "Door"], "confidences": [0.130144864320755, 0.11909051984548569, 0.10293135046958923], "model": "TF-YAMNet-V1", "inf_time": 0.004088}, {"location": {"start": 2.4, "end": 3.36}, "classifications": ["Inside, small room", "Cupboard open or close", "Drawer open or close"], "labels": ["Inside, small room", "Cupboard open or close", "Drawer open or close"], "confidences": [0.3834973871707916, 0.3573193848133087, 0.3489813208580017], "model": "TF-YAMNet-V1", "inf_time": 0.004088}, {"location": {"start": 2.88, "end": 3.84}, "classifications": ["Inside, small room", "Bouncing", "Wood"], "labels": ["Inside, small room", "Bouncing", "Wood"], "confidences": [0.4702748656272888, 0.07581672817468643, 0.055860161781311035], "model": "TF-YAMNet-V1", "inf_time": 0.004088}, {"location": {"start": 3.36, "end": 4.32}, "classifications": ["Inside, small room", "Bouncing", "Inside, large room or hall"], "labels": ["Inside, small room", "Bouncing", "Inside, large room or hall"], "confidences": [0.31068313121795654, 0.21574430167675018, 0.16018983721733093], "model": "TF-YAMNet-V1", "inf_time": 0.004088}, {"location": {"start": 3.84, "end": 4.8}, "classifications": ["Inside, small room", "Inside, large room or hall"], "labels": ["Inside, small room", "Inside, large room or hall"], "confidences": [0.20844766497612, 0.05250244215130806], "model": "TF-YAMNet-V1", "inf_time": 0.004088}, {"location": {"start": 4.32, "end": 5.28}, "classifications": ["Inside, small room", "Inside, large room or hall", "Clip-clop"], "labels": ["Inside, small room", "Inside, large room or hall", "Clip-clop"], "confidences": [0.14684851467609406, 0.10318117588758469, 0.09440784156322479], "model": "TF-YAMNet-V1", "inf_time": 0.004088}, {"location": {"start": 4.8, "end": 5.76}, "classifications": ["Inside, large room or hall", "Inside, small room", "Vehicle"], "labels": ["Inside, large room or hall", "Inside, small room", "Vehicle"], "confidences": [0.14950142800807953, 0.1109795942902565, 0.07217780500650406], "model": "TF-YAMNet-V1", "inf_time": 0.004088}, {"location": {"start": 5.28, "end": 6.24}, "classifications": ["Sliding door", "Cupboard open or close", "Inside, small room"], "labels": ["Sliding door", "Cupboard open or close", "Inside, small room"], "confidences": [0.3711054027080536, 0.326654314994812, 0.16591495275497437], "model": "TF-YAMNet-V1", "inf_time": 0.004088}, {"location": {"start": 5.76, "end": 6.72}, "classifications": ["Zipper (clothing)", "Sliding door", "Cupboard open or close"], "labels": ["Zipper (clothing)", "Sliding door", "Cupboard open or close"], "confidences": [0.30570217967033386, 0.28503698110580444, 0.20720946788787842], "model": "TF-YAMNet-V1", "inf_time": 0.004088}, {"location": {"start": 6.24, "end": 7.2}, "classifications": ["Inside, small room", "Sliding door", "Inside, large room or hall"], "labels": ["Inside, small room", "Sliding door", "Inside, large room or hall"], "confidences": [0.2902948260307312, 0.11301600933074951, 0.08485527336597443], "model": "TF-YAMNet-V1", "inf_time": 0.004088}, {"location": {"start": 6.72, "end": 7.68}, "classifications": ["Caterwaul", "Inside, small room", "Cat"], "labels": ["Caterwaul", "Inside, small room", "Cat"], "confidences": [0.20822075009346008, 0.1758020520210266, 0.17335735261440277], "model": "TF-YAMNet-V1", "inf_time": 0.004088}, {"location": {"start": 7.2, "end": 8.16}, "classifications": ["Sliding door", "Squish", "Mechanical fan"], "labels": ["Sliding door", "Squish", "Mechanical fan"], "confidences": [0.36430037021636963, 0.20468389987945557, 0.1561809778213501], "model": "TF-YAMNet-V1", "inf_time": 0.004088}]}}