{"filename": "304d0930-de88-4615-bb32-398a2fe7eea5", "time": "2022-10-26T19:49:27Z", "device_manufacturer": "samsung", "device_model": "SM-T870", "device_callsign": "Galaxy Tab S7 - Wagner", "mac_address": "02:00:00:00:00:00", "extension": "wav", "data_type": "audio", "sample_rate": 44100, "events": [{"classifications": ["door"], "confidences": [0.869739830493927], "location": {"start": 0, "end": 21}, "labels": ["door"]}, {"classifications": ["door"], "confidences": [0.9995620250701904], "location": {"start": 0, "end": 10}, "labels": ["door"]}, {"classifications": ["door"], "confidences": [0.9967100024223328], "location": {"start": 0, "end": 15}, "labels": ["door"]}], "labels": ["door"], "confidences": [0.9995620250701904], "s3_bucket": "pi-zero-audio-data", "audio": "https://pi-zero-audio-data.s3.us-east-2.amazonaws.com/Galaxy_Tab_S7_-_Wagner/2022-12-01/door/304d0930-de88-4615-bb32-398a2fe7eea5.wav", "object_key": "Galaxy_Tab_S7_-_Wagner/2022-12-01/door/304d0930-de88-4615-bb32-398a2fe7eea5.wav", "json_key": "Galaxy_Tab_S7_-_Wagner/2022-12-01/door/304d0930-de88-4615-bb32-398a2fe7eea5.json", "autolabels": {"YAMNet_aggregate": [{"location": {"start": 0.0, "end": 4.0}, "classifications": ["Inside, small room", "Speech", "Drawer open or close", "Sliding door"], "labels": ["Inside, small room", "Speech", "Drawer open or close", "Sliding door"], "confidences": [0.23298972845077515, 0.09139594435691833, 0.07160169631242752, 0.053052738308906555], "model": "TF-YAMNet-V1", "inf_time": 0.059048}], "YAMNet": [{"location": {"start": 0.0, "end": 0.96}, "classifications": ["Speech", "Sliding door"], "labels": ["Speech", "Sliding door"], "confidences": [0.48637911677360535, 0.05732550844550133], "model": "TF-YAMNet-V1", "inf_time": 0.007381}, {"location": {"start": 0.48, "end": 1.44}, "classifications": ["Inside, small room", "Shuffling cards", "Coin (dropping)"], "labels": ["Inside, small room", "Shuffling cards", "Coin (dropping)"], "confidences": [0.2935994565486908, 0.19624753296375275, 0.19381767511367798], "model": "TF-YAMNet-V1", "inf_time": 0.007381}, {"location": {"start": 0.96, "end": 1.92}, "classifications": ["Inside, small room", "Drawer open or close", "Sliding door"], "labels": ["Inside, small room", "Drawer open or close", "Sliding door"], "confidences": [0.39550307393074036, 0.1923365443944931, 0.1068122610449791], "model": "TF-YAMNet-V1", "inf_time": 0.007381}, {"location": {"start": 1.44, "end": 2.4}, "classifications": ["Inside, small room", "Speech", "Inside, large room or hall"], "labels": ["Inside, small room", "Speech", "Inside, large room or hall"], "confidences": [0.3038901090621948, 0.08513492345809937, 0.06575042009353638], "model": "TF-YAMNet-V1", "inf_time": 0.007381}, {"location": {"start": 1.92, "end": 2.88}, "classifications": ["Inside, small room", "Drawer open or close", "Dishes, pots, and pans"], "labels": ["Inside, small room", "Drawer open or close", "Dishes, pots, and pans"], "confidences": [0.32316505908966064, 0.22958526015281677, 0.12614692747592926], "model": "TF-YAMNet-V1", "inf_time": 0.007381}, {"location": {"start": 2.4, "end": 3.36}, "classifications": ["Inside, small room", "Mechanical fan", "Squish"], "labels": ["Inside, small room", "Mechanical fan", "Squish"], "confidences": [0.18629789352416992, 0.13130362331867218, 0.09474299103021622], "model": "TF-YAMNet-V1", "inf_time": 0.007381}, {"location": {"start": 2.88, "end": 3.84}, "classifications": ["Inside, small room"], "labels": ["Inside, small room"], "confidences": [0.2632077932357788], "model": "TF-YAMNet-V1", "inf_time": 0.007381}, {"location": {"start": 3.36, "end": 4.32}, "classifications": ["Cat", "Animal", "Silence"], "labels": ["Cat", "Animal", "Silence"], "confidences": [0.1335139125585556, 0.12398884445428848, 0.09052955359220505], "model": "TF-YAMNet-V1", "inf_time": 0.007381}]}}