{"filename": "321b4fc8-b483-4ef9-8028-ff8f7a228d7f", "time": "2022-10-20T17:55:06Z", "device_manufacturer": "samsung", "device_model": "SM-T870", "device_callsign": "Galaxy Tab S7 - Wagner", "mac_address": "02:00:00:00:00:00", "extension": "wav", "data_type": "audio", "sample_rate": 44100, "events": [{"classifications": ["likely_door"], "confidences": [0.6811042428016663], "location": {"start": 0, "end": 17}, "labels": ["door"]}, {"classifications": ["door"], "confidences": [0.9888196587562561], "location": {"start": 0, "end": 7}, "labels": ["door"]}, {"classifications": ["door"], "confidences": [0.967972457408905], "location": {"start": 0, "end": 15}, "labels": ["door"]}, {"classifications": ["door"], "confidences": [0.9489158987998962], "location": {"start": 0, "end": 7}, "labels": ["door"]}], "labels": ["likely_door", "door"], "confidences": [0.6811042428016663, 0.9888196587562561], "s3_bucket": "pi-zero-audio-data", "audio": "https://pi-zero-audio-data.s3.us-east-2.amazonaws.com/Galaxy_Tab_S7_-_Wagner/2022-12-01/door/321b4fc8-b483-4ef9-8028-ff8f7a228d7f.wav", "object_key": "Galaxy_Tab_S7_-_Wagner/2022-12-01/door/321b4fc8-b483-4ef9-8028-ff8f7a228d7f.wav", "json_key": "Galaxy_Tab_S7_-_Wagner/2022-12-01/door/321b4fc8-b483-4ef9-8028-ff8f7a228d7f.json", "autolabels": {"YAMNet_aggregate": [{"location": {"start": 0.0, "end": 6.0}, "classifications": ["Inside, small room", "Sliding door", "Domestic animals, pets", "Cupboard open or close", "Inside, large room or hall"], "labels": ["Inside, small room", "Sliding door", "Domestic animals, pets", "Cupboard open or close", "Inside, large room or hall"], "confidences": [0.21354007720947266, 0.10349291563034058, 0.0730569064617157, 0.06791406869888306, 0.06718157976865768], "model": "TF-YAMNet-V1", "inf_time": 0.073956}], "YAMNet": [{"location": {"start": 0.0, "end": 0.96}, "classifications": ["Inside, small room", "Sliding door", "Door"], "labels": ["Inside, small room", "Sliding door", "Door"], "confidences": [0.24173951148986816, 0.09637311100959778, 0.07036062330007553], "model": "TF-YAMNet-V1", "inf_time": 0.006163}, {"location": {"start": 0.48, "end": 1.44}, "classifications": ["Domestic animals, pets", "Cat", "Breathing"], "labels": ["Domestic animals, pets", "Cat", "Breathing"], "confidences": [0.19690744578838348, 0.1854446679353714, 0.17088939249515533], "model": "TF-YAMNet-V1", "inf_time": 0.006163}, {"location": {"start": 0.96, "end": 1.92}, "classifications": ["Cupboard open or close", "Inside, small room", "Drawer open or close"], "labels": ["Cupboard open or close", "Inside, small room", "Drawer open or close"], "confidences": [0.3334425091743469, 0.3291359841823578, 0.2416808307170868], "model": "TF-YAMNet-V1", "inf_time": 0.006163}, {"location": {"start": 1.44, "end": 2.4}, "classifications": ["Squeak", "Mouse", "Zipper (clothing)"], "labels": ["Squeak", "Mouse", "Zipper (clothing)"], "confidences": [0.5889383554458618, 0.4675939083099365, 0.3414081931114197], "model": "TF-YAMNet-V1", "inf_time": 0.006163}, {"location": {"start": 1.92, "end": 2.88}, "classifications": ["Domestic animals, pets", "Inside, small room", "Dog"], "labels": ["Domestic animals, pets", "Inside, small room", "Dog"], "confidences": [0.28802332282066345, 0.19746281206607819, 0.1871788650751114], "model": "TF-YAMNet-V1", "inf_time": 0.006163}, {"location": {"start": 2.4, "end": 3.36}, "classifications": ["Inside, small room", "Outside, rural or natural", "Walk, footsteps"], "labels": ["Inside, small room", "Outside, rural or natural", "Walk, footsteps"], "confidences": [0.15625354647636414, 0.0662412941455841, 0.05379549041390419], "model": "TF-YAMNet-V1", "inf_time": 0.006163}, {"location": {"start": 2.88, "end": 3.84}, "classifications": ["Inside, small room", "Sliding door", "Shuffle"], "labels": ["Inside, small room", "Sliding door", "Shuffle"], "confidences": [0.2625967860221863, 0.09353061765432358, 0.07201704382896423], "model": "TF-YAMNet-V1", "inf_time": 0.006163}, {"location": {"start": 3.36, "end": 4.32}, "classifications": ["Inside, small room", "Inside, large room or hall", "Spray"], "labels": ["Inside, small room", "Inside, large room or hall", "Spray"], "confidences": [0.19393789768218994, 0.09973868727684021, 0.0876794084906578], "model": "TF-YAMNet-V1", "inf_time": 0.006163}, {"location": {"start": 3.84, "end": 4.8}, "classifications": ["Inside, small room", "Inside, large room or hall", "Sliding door"], "labels": ["Inside, small room", "Inside, large room or hall", "Sliding door"], "confidences": [0.30142852663993835, 0.09005066007375717, 0.06683007627725601], "model": "TF-YAMNet-V1", "inf_time": 0.006163}, {"location": {"start": 4.32, "end": 5.28}, "classifications": ["Inside, small room", "Sliding door", "Door"], "labels": ["Inside, small room", "Sliding door", "Door"], "confidences": [0.20612791180610657, 0.18783298134803772, 0.1121966689825058], "model": "TF-YAMNet-V1", "inf_time": 0.006163}, {"location": {"start": 4.8, "end": 5.76}, "classifications": ["Inside, small room", "Inside, large room or hall", "Vehicle"], "labels": ["Inside, small room", "Inside, large room or hall", "Vehicle"], "confidences": [0.2310248166322708, 0.13322925567626953, 0.08354033529758453], "model": "TF-YAMNet-V1", "inf_time": 0.006163}, {"location": {"start": 5.28, "end": 6.24}, "classifications": ["Sliding door", "Bus", "Inside, large room or hall"], "labels": ["Sliding door", "Bus", "Inside, large room or hall"], "confidences": [0.16736379265785217, 0.08445676416158676, 0.07868728041648865], "model": "TF-YAMNet-V1", "inf_time": 0.006163}]}}