{"filename": "33a0cdc1-af44-4722-aff2-a66d201cae18", "time": "2022-10-27T17:02:08Z", "device_manufacturer": "samsung", "device_model": "SM-T870", "device_callsign": "Galaxy Tab S7 - Wagner", "mac_address": "02:00:00:00:00:00", "extension": "wav", "data_type": "audio", "sample_rate": 44100, "events": [{"classifications": ["likely_door"], "confidences": [0.695320725440979], "location": {"start": 0, "end": 8}, "labels": ["door"]}, {"classifications": ["door"], "confidences": [0.8742399215698242], "location": {"start": 0, "end": 9}, "labels": ["door"]}, {"classifications": ["likely_door"], "confidences": [0.7672745585441589], "location": {"start": 0, "end": 7}, "labels": ["door"]}, {"classifications": ["door"], "confidences": [0.9998456835746765], "location": {"start": 0, "end": 13}, "labels": ["door"]}], "labels": ["likely_door", "door"], "confidences": [0.7672745585441589, 0.9998456835746765], "s3_bucket": "pi-zero-audio-data", "audio": "https://pi-zero-audio-data.s3.us-east-2.amazonaws.com/Galaxy_Tab_S7_-_Wagner/2022-12-01/door/33a0cdc1-af44-4722-aff2-a66d201cae18.wav", "object_key": "Galaxy_Tab_S7_-_Wagner/2022-12-01/door/33a0cdc1-af44-4722-aff2-a66d201cae18.wav", "json_key": "Galaxy_Tab_S7_-_Wagner/2022-12-01/door/33a0cdc1-af44-4722-aff2-a66d201cae18.json", "autolabels": {"YAMNet_aggregate": [{"location": {"start": 0.0, "end": 6.0}, "classifications": ["Inside, small room", "Sliding door", "Door", "Inside, large room or hall"], "labels": ["Inside, small room", "Sliding door", "Door", "Inside, large room or hall"], "confidences": [0.26402154564857483, 0.12974946200847626, 0.0895952507853508, 0.07908792048692703], "model": "TF-YAMNet-V1", "inf_time": 0.066205}], "YAMNet": [{"location": {"start": 0.0, "end": 0.96}, "classifications": ["Inside, small room", "Inside, large room or hall", "Sliding door"], "labels": ["Inside, small room", "Inside, large room or hall", "Sliding door"], "confidences": [0.26511088013648987, 0.10289274901151657, 0.09693553298711777], "model": "TF-YAMNet-V1", "inf_time": 0.005517}, {"location": {"start": 0.48, "end": 1.44}, "classifications": ["Inside, small room", "Zipper (clothing)", "Inside, large room or hall"], "labels": ["Inside, small room", "Zipper (clothing)", "Inside, large room or hall"], "confidences": [0.41527289152145386, 0.10421878099441528, 0.0759533941745758], "model": "TF-YAMNet-V1", "inf_time": 0.005517}, {"location": {"start": 0.96, "end": 1.92}, "classifications": ["Inside, small room", "Shuffle", "Sliding door"], "labels": ["Inside, small room", "Shuffle", "Sliding door"], "confidences": [0.23102529346942902, 0.12706950306892395, 0.09748609364032745], "model": "TF-YAMNet-V1", "inf_time": 0.005517}, {"location": {"start": 1.44, "end": 2.4}, "classifications": ["Door", "Thump, thud", "Sliding door"], "labels": ["Door", "Thump, thud", "Sliding door"], "confidences": [0.28863540291786194, 0.21735171973705292, 0.19565503299236298], "model": "TF-YAMNet-V1", "inf_time": 0.005517}, {"location": {"start": 1.92, "end": 2.88}, "classifications": ["Sliding door", "Inside, small room", "Door"], "labels": ["Sliding door", "Inside, small room", "Door"], "confidences": [0.4256705939769745, 0.2570372521877289, 0.2533532977104187], "model": "TF-YAMNet-V1", "inf_time": 0.005517}, {"location": {"start": 2.4, "end": 3.36}, "classifications": ["Inside, small room", "Cat", "Caterwaul"], "labels": ["Inside, small room", "Cat", "Caterwaul"], "confidences": [0.3072967231273651, 0.1828620284795761, 0.12411263585090637], "model": "TF-YAMNet-V1", "inf_time": 0.005517}, {"location": {"start": 2.88, "end": 3.84}, "classifications": ["Inside, small room", "Inside, large room or hall", "Sliding door"], "labels": ["Inside, small room", "Inside, large room or hall", "Sliding door"], "confidences": [0.44917839765548706, 0.059057481586933136, 0.050072234123945236], "model": "TF-YAMNet-V1", "inf_time": 0.005517}, {"location": {"start": 3.36, "end": 4.32}, "classifications": ["Inside, small room"], "labels": ["Inside, small room"], "confidences": [0.4162394106388092], "model": "TF-YAMNet-V1", "inf_time": 0.005517}, {"location": {"start": 3.84, "end": 4.8}, "classifications": ["Inside, small room", "Writing"], "labels": ["Inside, small room", "Writing"], "confidences": [0.37681645154953003, 0.112551748752594], "model": "TF-YAMNet-V1", "inf_time": 0.005517}, {"location": {"start": 4.32, "end": 5.28}, "classifications": ["Sliding door", "Inside, small room", "Animal"], "labels": ["Sliding door", "Inside, small room", "Animal"], "confidences": [0.18080052733421326, 0.09347027540206909, 0.08400224894285202], "model": "TF-YAMNet-V1", "inf_time": 0.005517}, {"location": {"start": 4.8, "end": 5.76}, "classifications": ["Sliding door", "Door", "Inside, small room"], "labels": ["Sliding door", "Door", "Inside, small room"], "confidences": [0.13413450121879578, 0.10759270191192627, 0.1039792150259018], "model": "TF-YAMNet-V1", "inf_time": 0.005517}, {"location": {"start": 5.28, "end": 6.24}, "classifications": ["Sliding door", "Inside, small room", "Whoosh, swoosh, swish"], "labels": ["Sliding door", "Inside, small room", "Whoosh, swoosh, swish"], "confidences": [0.2272721379995346, 0.13498325645923615, 0.1259162873029709], "model": "TF-YAMNet-V1", "inf_time": 0.005517}]}}