{"filename": "3865caec-03b4-4261-b3ed-038b246ce8aa", "time": "2022-10-20T17:37:41Z", "device_manufacturer": "samsung", "device_model": "SM-T870", "device_callsign": "Galaxy Tab S7 - Wagner", "mac_address": "02:00:00:00:00:00", "extension": "wav", "data_type": "audio", "sample_rate": 44100, "events": [{"classifications": ["unknown"], "confidences": [0.4662350118160248], "location": {"start": 0, "end": 20}, "labels": ["door"]}, {"classifications": ["likely_door"], "confidences": [0.748327374458313], "location": {"start": 0, "end": 7}, "labels": ["door"]}, {"classifications": ["door"], "confidences": [0.9969304203987122], "location": {"start": 0, "end": 11}, "labels": ["door"]}, {"classifications": ["door"], "confidences": [0.9780606627464294], "location": {"start": 0, "end": 12}, "labels": ["door"]}], "labels": ["unknown", "likely_door", "door"], "confidences": [0.4662350118160248, 0.748327374458313, 0.9969304203987122], "s3_bucket": "pi-zero-audio-data", "audio": "https://pi-zero-audio-data.s3.us-east-2.amazonaws.com/Galaxy_Tab_S7_-_Wagner/2022-12-01/door/3865caec-03b4-4261-b3ed-038b246ce8aa.wav", "object_key": "Galaxy_Tab_S7_-_Wagner/2022-12-01/door/3865caec-03b4-4261-b3ed-038b246ce8aa.wav", "json_key": "Galaxy_Tab_S7_-_Wagner/2022-12-01/door/3865caec-03b4-4261-b3ed-038b246ce8aa.json", "autolabels": {"YAMNet_aggregate": [{"location": {"start": 0.0, "end": 6.0}, "classifications": ["Inside, small room", "Printer", "Music"], "labels": ["Inside, small room", "Printer", "Music"], "confidences": [0.20613013207912445, 0.09241346269845963, 0.07433053106069565], "model": "TF-YAMNet-V1", "inf_time": 0.050629}], "YAMNet": [{"location": {"start": 0.0, "end": 0.96}, "classifications": ["Printer", "Inside, small room", "Mechanisms"], "labels": ["Printer", "Inside, small room", "Mechanisms"], "confidences": [0.1296721249818802, 0.10390195995569229, 0.10151165723800659], "model": "TF-YAMNet-V1", "inf_time": 0.004219}, {"location": {"start": 0.48, "end": 1.44}, "classifications": ["Inside, small room", "Mechanisms", "Printer"], "labels": ["Inside, small room", "Mechanisms", "Printer"], "confidences": [0.457536906003952, 0.07861609756946564, 0.06767230480909348], "model": "TF-YAMNet-V1", "inf_time": 0.004219}, {"location": {"start": 0.96, "end": 1.92}, "classifications": ["Sneeze", "Gasp", "Snort"], "labels": ["Sneeze", "Gasp", "Snort"], "confidences": [0.21204878389835358, 0.1822677105665207, 0.17727985978126526], "model": "TF-YAMNet-V1", "inf_time": 0.004219}, {"location": {"start": 1.44, "end": 2.4}, "classifications": ["Printer", "Inside, small room", "Mechanisms"], "labels": ["Printer", "Inside, small room", "Mechanisms"], "confidences": [0.3951263725757599, 0.18120670318603516, 0.14469411969184875], "model": "TF-YAMNet-V1", "inf_time": 0.004219}, {"location": {"start": 1.92, "end": 2.88}, "classifications": ["Inside, small room", "Printer"], "labels": ["Inside, small room", "Printer"], "confidences": [0.3460039496421814, 0.07137239724397659], "model": "TF-YAMNet-V1", "inf_time": 0.004219}, {"location": {"start": 2.4, "end": 3.36}, "classifications": ["Inside, small room", "Speech"], "labels": ["Inside, small room", "Speech"], "confidences": [0.12050843983888626, 0.07579002529382706], "model": "TF-YAMNet-V1", "inf_time": 0.004219}, {"location": {"start": 2.88, "end": 3.84}, "classifications": ["Inside, small room", "Music"], "labels": ["Inside, small room", "Music"], "confidences": [0.18212248384952545, 0.05070994049310684], "model": "TF-YAMNet-V1", "inf_time": 0.004219}, {"location": {"start": 3.36, "end": 4.32}, "classifications": ["Inside, small room", "Printer", "Mechanisms"], "labels": ["Inside, small room", "Printer", "Mechanisms"], "confidences": [0.2347804605960846, 0.09868939965963364, 0.05687057599425316], "model": "TF-YAMNet-V1", "inf_time": 0.004219}, {"location": {"start": 3.84, "end": 4.8}, "classifications": ["Inside, small room"], "labels": ["Inside, small room"], "confidences": [0.18742918968200684], "model": "TF-YAMNet-V1", "inf_time": 0.004219}, {"location": {"start": 4.32, "end": 5.28}, "classifications": ["Inside, small room", "Printer", "Mechanisms"], "labels": ["Inside, small room", "Printer", "Mechanisms"], "confidences": [0.34243515133857727, 0.3236086368560791, 0.10038237273693085], "model": "TF-YAMNet-V1", "inf_time": 0.004219}, {"location": {"start": 4.8, "end": 5.76}, "classifications": ["Inside, small room"], "labels": ["Inside, small room"], "confidences": [0.17966322600841522], "model": "TF-YAMNet-V1", "inf_time": 0.004219}, {"location": {"start": 5.28, "end": 6.24}, "classifications": ["Music"], "labels": ["Music"], "confidences": [0.6221632957458496], "model": "TF-YAMNet-V1", "inf_time": 0.004219}]}}