{"filename": "38c6b3a1-a742-4b76-84af-ab56f9c4a657", "time": "2022-10-27T19:17:32Z", "device_manufacturer": "samsung", "device_model": "SM-T870", "device_callsign": "Galaxy Tab S7 - Wagner", "mac_address": "02:00:00:00:00:00", "extension": "wav", "data_type": "audio", "sample_rate": 44100, "events": [{"classifications": ["door"], "confidences": [0.9820699095726013], "location": {"start": 0, "end": 9}, "labels": ["door"]}], "labels": ["door"], "confidences": [0.9820699095726013], "s3_bucket": "pi-zero-audio-data", "audio": "https://pi-zero-audio-data.s3.us-east-2.amazonaws.com/Galaxy_Tab_S7_-_Wagner/2022-12-01/door/38c6b3a1-a742-4b76-84af-ab56f9c4a657.wav", "object_key": "Galaxy_Tab_S7_-_Wagner/2022-12-01/door/38c6b3a1-a742-4b76-84af-ab56f9c4a657.wav", "json_key": "Galaxy_Tab_S7_-_Wagner/2022-12-01/door/38c6b3a1-a742-4b76-84af-ab56f9c4a657.json", "autolabels": {"YAMNet_aggregate": [{"location": {"start": 0.0, "end": 0.0}, "classifications": ["Silence"], "labels": ["Silence"], "confidences": [1.0], "model": "TF-YAMNet-V1", "inf_time": 0.044662}], "YAMNet": [{"location": {"start": 0.0, "end": 0.96}, "classifications": ["Silence"], "labels": ["Silence"], "confidences": [1.0], "model": "TF-YAMNet-V1", "inf_time": 0.044662}]}}