{"filename": "38c97662-60cc-42ac-915a-6fff47ca5f67", "time": "2022-10-26T19:43:29Z", "device_manufacturer": "samsung", "device_model": "SM-T870", "device_callsign": "Galaxy Tab S7 - Wagner", "mac_address": "02:00:00:00:00:00", "extension": "wav", "data_type": "audio", "sample_rate": 44100, "events": [{"classifications": ["door"], "confidences": [0.9423210620880127], "location": {"start": 0, "end": 31}, "labels": ["door"]}, {"classifications": ["door"], "confidences": [0.955274760723114], "location": {"start": 0, "end": 13}, "labels": ["door"]}, {"classifications": ["door"], "confidences": [0.9682164192199707], "location": {"start": 0, "end": 9}, "labels": ["door"]}, {"classifications": ["door"], "confidences": [0.9861562848091125], "location": {"start": 0, "end": 9}, "labels": ["door"]}], "labels": ["door"], "confidences": [0.9861562848091125], "s3_bucket": "pi-zero-audio-data", "audio": "https://pi-zero-audio-data.s3.us-east-2.amazonaws.com/Galaxy_Tab_S7_-_Wagner/2022-12-01/door/38c97662-60cc-42ac-915a-6fff47ca5f67.wav", "object_key": "Galaxy_Tab_S7_-_Wagner/2022-12-01/door/38c97662-60cc-42ac-915a-6fff47ca5f67.wav", "json_key": "Galaxy_Tab_S7_-_Wagner/2022-12-01/door/38c97662-60cc-42ac-915a-6fff47ca5f67.json", "autolabels": {"YAMNet_aggregate": [{"location": {"start": 0.0, "end": 6.0}, "classifications": ["Inside, small room", "Shuffling cards", "Scissors", "Squish", "Camera"], "labels": ["Inside, small room", "Shuffling cards", "Scissors", "Squish", "Camera"], "confidences": [0.36623191833496094, 0.1748691350221634, 0.10917267948389053, 0.09914048761129379, 0.06594690680503845], "model": "TF-YAMNet-V1", "inf_time": 0.046998}], "YAMNet": [{"location": {"start": 0.0, "end": 0.96}, "classifications": ["Inside, small room", "Bouncing", "Scissors"], "labels": ["Inside, small room", "Bouncing", "Scissors"], "confidences": [0.2781183421611786, 0.23192423582077026, 0.1441020667552948], "model": "TF-YAMNet-V1", "inf_time": 0.003917}, {"location": {"start": 0.48, "end": 1.44}, "classifications": ["Inside, small room", "Squish"], "labels": ["Inside, small room", "Squish"], "confidences": [0.510230541229248, 0.14981701970100403], "model": "TF-YAMNet-V1", "inf_time": 0.003917}, {"location": {"start": 0.96, "end": 1.92}, "classifications": ["Camera", "Shuffling cards", "Single-lens reflex camera"], "labels": ["Camera", "Shuffling cards", "Single-lens reflex camera"], "confidences": [0.5268205404281616, 0.5108972191810608, 0.3812413513660431], "model": "TF-YAMNet-V1", "inf_time": 0.003917}, {"location": {"start": 1.44, "end": 2.4}, "classifications": ["Inside, small room", "Crackle", "Fire"], "labels": ["Inside, small room", "Crackle", "Fire"], "confidences": [0.2205488532781601, 0.176960289478302, 0.16740743815898895], "model": "TF-YAMNet-V1", "inf_time": 0.003917}, {"location": {"start": 1.92, "end": 2.88}, "classifications": ["Shuffling cards", "Scissors", "Inside, small room"], "labels": ["Shuffling cards", "Scissors", "Inside, small room"], "confidences": [0.5413525104522705, 0.4775310158729553, 0.34846553206443787], "model": "TF-YAMNet-V1", "inf_time": 0.003917}, {"location": {"start": 2.4, "end": 3.36}, "classifications": ["Shuffling cards", "Inside, small room", "Scissors"], "labels": ["Shuffling cards", "Inside, small room", "Scissors"], "confidences": [0.35003983974456787, 0.3149024546146393, 0.17916089296340942], "model": "TF-YAMNet-V1", "inf_time": 0.003917}, {"location": {"start": 2.88, "end": 3.84}, "classifications": ["Inside, small room", "Squish"], "labels": ["Inside, small room", "Squish"], "confidences": [0.49735620617866516, 0.08614469319581985], "model": "TF-YAMNet-V1", "inf_time": 0.003917}, {"location": {"start": 3.36, "end": 4.32}, "classifications": ["Shuffling cards", "Inside, small room", "Coin (dropping)"], "labels": ["Shuffling cards", "Inside, small room", "Coin (dropping)"], "confidences": [0.447033166885376, 0.34426212310791016, 0.28343063592910767], "model": "TF-YAMNet-V1", "inf_time": 0.003917}, {"location": {"start": 3.84, "end": 4.8}, "classifications": ["Inside, small room", "Shuffling cards", "Typing"], "labels": ["Inside, small room", "Shuffling cards", "Typing"], "confidences": [0.5717018842697144, 0.10789743065834045, 0.0847252830862999], "model": "TF-YAMNet-V1", "inf_time": 0.003917}, {"location": {"start": 4.32, "end": 5.28}, "classifications": ["Inside, small room", "Squish", "Chewing, mastication"], "labels": ["Inside, small room", "Squish", "Chewing, mastication"], "confidences": [0.3477199375629425, 0.16442900896072388, 0.11653568595647812], "model": "TF-YAMNet-V1", "inf_time": 0.003917}, {"location": {"start": 4.8, "end": 5.76}, "classifications": ["Inside, small room", "Squish", "Chewing, mastication"], "labels": ["Inside, small room", "Squish", "Chewing, mastication"], "confidences": [0.4344993531703949, 0.23513983190059662, 0.19178904592990875], "model": "TF-YAMNet-V1", "inf_time": 0.003917}, {"location": {"start": 5.28, "end": 6.24}, "classifications": ["Squish", "Inside, small room", "Sliding door"], "labels": ["Squish", "Inside, small room", "Sliding door"], "confidences": [0.3133065700531006, 0.30566897988319397, 0.15367840230464935], "model": "TF-YAMNet-V1", "inf_time": 0.003917}]}}