{"filename": "3c4b8c0e-335b-4545-b3bf-819df344b079", "time": "2022-10-20T18:46:52Z", "device_manufacturer": "samsung", "device_model": "SM-T870", "device_callsign": "Galaxy Tab S7 - Wagner", "mac_address": "02:00:00:00:00:00", "extension": "wav", "data_type": "audio", "sample_rate": 44100, "events": [{"classifications": ["door"], "confidences": [0.8539276719093323], "location": {"start": 0, "end": 10}, "labels": ["door"]}, {"classifications": ["door"], "confidences": [0.8943464756011963], "location": {"start": 0, "end": 14}, "labels": ["door"]}], "labels": ["door"], "confidences": [0.8943464756011963], "s3_bucket": "pi-zero-audio-data", "audio": "https://pi-zero-audio-data.s3.us-east-2.amazonaws.com/Galaxy_Tab_S7_-_Wagner/2022-12-01/door/3c4b8c0e-335b-4545-b3bf-819df344b079.wav", "object_key": "Galaxy_Tab_S7_-_Wagner/2022-12-01/door/3c4b8c0e-335b-4545-b3bf-819df344b079.wav", "json_key": "Galaxy_Tab_S7_-_Wagner/2022-12-01/door/3c4b8c0e-335b-4545-b3bf-819df344b079.json", "autolabels": {"YAMNet_aggregate": [{"location": {"start": 0.0, "end": 2.0}, "classifications": ["Inside, small room", "Sliding door", "Door", "Bouncing", "Vehicle"], "labels": ["Inside, small room", "Sliding door", "Door", "Bouncing", "Vehicle"], "confidences": [0.3045766353607178, 0.061494771391153336, 0.05972442030906677, 0.059537291526794434, 0.05520646646618843], "model": "TF-YAMNet-V1", "inf_time": 0.051655}], "YAMNet": [{"location": {"start": 0.0, "end": 0.96}, "classifications": ["Inside, small room", "Door", "Drawer open or close"], "labels": ["Inside, small room", "Door", "Drawer open or close"], "confidences": [0.5404701232910156, 0.1234910860657692, 0.09283914417028427], "model": "TF-YAMNet-V1", "inf_time": 0.012914}, {"location": {"start": 0.48, "end": 1.44}, "classifications": ["Inside, small room", "Bouncing", "Dishes, pots, and pans"], "labels": ["Inside, small room", "Bouncing", "Dishes, pots, and pans"], "confidences": [0.4787623882293701, 0.2205730527639389, 0.14520880579948425], "model": "TF-YAMNet-V1", "inf_time": 0.012914}, {"location": {"start": 0.96, "end": 1.92}, "classifications": ["Inside, small room", "Sliding door", "Mechanical fan"], "labels": ["Inside, small room", "Sliding door", "Mechanical fan"], "confidences": [0.1811303198337555, 0.13855412602424622, 0.09967482089996338], "model": "TF-YAMNet-V1", "inf_time": 0.012914}, {"location": {"start": 1.44, "end": 2.4}, "classifications": ["Vehicle", "Motor vehicle (road)", "Car"], "labels": ["Vehicle", "Motor vehicle (road)", "Car"], "confidences": [0.20128214359283447, 0.13088904321193695, 0.11562198400497437], "model": "TF-YAMNet-V1", "inf_time": 0.012914}]}}