{"filename": "3ed2c82d-b3f2-42bf-a1a8-ac6457bc7bcd", "time": "2022-10-27T16:34:56Z", "device_manufacturer": "samsung", "device_model": "SM-T870", "device_callsign": "Galaxy Tab S7 - Wagner", "mac_address": "02:00:00:00:00:00", "extension": "wav", "data_type": "audio", "sample_rate": 44100, "events": [{"classifications": ["door"], "confidences": [0.888388454914093], "location": {"start": 0, "end": 17}, "labels": ["door"]}, {"classifications": ["door"], "confidences": [0.9465715885162354], "location": {"start": 0, "end": 9}, "labels": ["door"]}], "labels": ["door"], "confidences": [0.9465715885162354], "s3_bucket": "pi-zero-audio-data", "audio": "https://pi-zero-audio-data.s3.us-east-2.amazonaws.com/Galaxy_Tab_S7_-_Wagner/2022-12-01/door/3ed2c82d-b3f2-42bf-a1a8-ac6457bc7bcd.wav", "object_key": "Galaxy_Tab_S7_-_Wagner/2022-12-01/door/3ed2c82d-b3f2-42bf-a1a8-ac6457bc7bcd.wav", "json_key": "Galaxy_Tab_S7_-_Wagner/2022-12-01/door/3ed2c82d-b3f2-42bf-a1a8-ac6457bc7bcd.json", "autolabels": {"YAMNet_aggregate": [{"location": {"start": 0.0, "end": 2.0}, "classifications": ["Inside, small room", "Writing", "Animal", "Wild animals", "Bird"], "labels": ["Inside, small room", "Writing", "Animal", "Wild animals", "Bird"], "confidences": [0.24280530214309692, 0.10303032398223877, 0.09713560342788696, 0.08080770820379257, 0.06779371947050095], "model": "TF-YAMNet-V1", "inf_time": 0.042254}], "YAMNet": [{"location": {"start": 0.0, "end": 0.96}, "classifications": ["Inside, small room", "Writing", "Scissors"], "labels": ["Inside, small room", "Writing", "Scissors"], "confidences": [0.38502606749534607, 0.3322916328907013, 0.11842744797468185], "model": "TF-YAMNet-V1", "inf_time": 0.010564}, {"location": {"start": 0.48, "end": 1.44}, "classifications": ["Animal", "Wild animals", "Bird"], "labels": ["Animal", "Wild animals", "Bird"], "confidences": [0.3354979455471039, 0.3005799353122711, 0.26053497195243835], "model": "TF-YAMNet-V1", "inf_time": 0.010564}, {"location": {"start": 0.96, "end": 1.92}, "classifications": ["Inside, small room", "Drawer open or close", "Cupboard open or close"], "labels": ["Inside, small room", "Drawer open or close", "Cupboard open or close"], "confidences": [0.41243526339530945, 0.1736622005701065, 0.10610039532184601], "model": "TF-YAMNet-V1", "inf_time": 0.010564}, {"location": {"start": 1.44, "end": 2.4}, "classifications": ["Sliding door", "Fill (with liquid)", "Liquid"], "labels": ["Sliding door", "Fill (with liquid)", "Liquid"], "confidences": [0.12382806837558746, 0.12329721450805664, 0.09533678740262985], "model": "TF-YAMNet-V1", "inf_time": 0.010564}]}}