{"filename": "3f4a70a0-17a5-4f65-9689-4aa6f9965968", "time": "2022-10-27T21:03:51Z", "device_manufacturer": "samsung", "device_model": "SM-T870", "device_callsign": "Galaxy Tab S7 - Wagner", "mac_address": "02:00:00:00:00:00", "extension": "wav", "data_type": "audio", "sample_rate": 44100, "events": [{"classifications": ["door"], "confidences": [0.9970950484275818], "location": {"start": 0, "end": 9}, "labels": ["door"]}, {"classifications": ["door"], "confidences": [0.9960612654685974], "location": {"start": 0, "end": 9}, "labels": ["door"]}], "labels": ["door"], "confidences": [0.9970950484275818], "s3_bucket": "pi-zero-audio-data", "audio": "https://pi-zero-audio-data.s3.us-east-2.amazonaws.com/Galaxy_Tab_S7_-_Wagner/2022-12-01/door/3f4a70a0-17a5-4f65-9689-4aa6f9965968.wav", "object_key": "Galaxy_Tab_S7_-_Wagner/2022-12-01/door/3f4a70a0-17a5-4f65-9689-4aa6f9965968.wav", "json_key": "Galaxy_Tab_S7_-_Wagner/2022-12-01/door/3f4a70a0-17a5-4f65-9689-4aa6f9965968.json", "autolabels": {"YAMNet_aggregate": [{"location": {"start": 0.0, "end": 2.0}, "classifications": ["Inside, small room", "Music"], "labels": ["Inside, small room", "Music"], "confidences": [0.27674227952957153, 0.06383869796991348], "model": "TF-YAMNet-V1", "inf_time": 0.047185}], "YAMNet": [{"location": {"start": 0.0, "end": 0.96}, "classifications": ["Music"], "labels": ["Music"], "confidences": [0.21744301915168762], "model": "TF-YAMNet-V1", "inf_time": 0.011796}, {"location": {"start": 0.48, "end": 1.44}, "classifications": ["Inside, small room"], "labels": ["Inside, small room"], "confidences": [0.42147397994995117], "model": "TF-YAMNet-V1", "inf_time": 0.011796}, {"location": {"start": 0.96, "end": 1.92}, "classifications": ["Inside, small room"], "labels": ["Inside, small room"], "confidences": [0.6291635632514954], "model": "TF-YAMNet-V1", "inf_time": 0.011796}, {"location": {"start": 1.44, "end": 2.4}, "classifications": ["Sliding door", "Squish", "Liquid"], "labels": ["Sliding door", "Squish", "Liquid"], "confidences": [0.08460045605897903, 0.08407200127840042, 0.06240155175328255], "model": "TF-YAMNet-V1", "inf_time": 0.011796}]}}