{"filename": "4288ee5a-8ec2-45a5-b687-6f0b479604f8", "time": "2022-10-27T17:02:46Z", "device_manufacturer": "samsung", "device_model": "SM-T870", "device_callsign": "Galaxy Tab S7 - Wagner", "mac_address": "02:00:00:00:00:00", "extension": "wav", "data_type": "audio", "sample_rate": 44100, "events": [{"classifications": ["door"], "confidences": [0.9609370231628418], "location": {"start": 0, "end": 9}, "labels": ["door"]}, {"classifications": ["door"], "confidences": [0.9956334233283997], "location": {"start": 0, "end": 9}, "labels": ["door"]}], "labels": ["door"], "confidences": [0.9956334233283997], "s3_bucket": "pi-zero-audio-data", "audio": "https://pi-zero-audio-data.s3.us-east-2.amazonaws.com/Galaxy_Tab_S7_-_Wagner/2022-12-01/door/4288ee5a-8ec2-45a5-b687-6f0b479604f8.wav", "object_key": "Galaxy_Tab_S7_-_Wagner/2022-12-01/door/4288ee5a-8ec2-45a5-b687-6f0b479604f8.wav", "json_key": "Galaxy_Tab_S7_-_Wagner/2022-12-01/door/4288ee5a-8ec2-45a5-b687-6f0b479604f8.json", "autolabels": {"YAMNet_aggregate": [{"location": {"start": 0.0, "end": 2.0}, "classifications": ["Animal", "Speech", "Inside, small room", "Inside, large room or hall", "Snort"], "labels": ["Animal", "Speech", "Inside, small room", "Inside, large room or hall", "Snort"], "confidences": [0.0872715413570404, 0.0776481032371521, 0.07457679510116577, 0.06976574659347534, 0.06317558884620667], "model": "TF-YAMNet-V1", "inf_time": 0.034004}], "YAMNet": [{"location": {"start": 0.0, "end": 0.96}, "classifications": ["Animal", "Snort", "Wild animals"], "labels": ["Animal", "Snort", "Wild animals"], "confidences": [0.17676113545894623, 0.14645788073539734, 0.13216261565685272], "model": "TF-YAMNet-V1", "inf_time": 0.008501}, {"location": {"start": 0.48, "end": 1.44}, "classifications": ["Speech", "Animal", "Pigeon, dove"], "labels": ["Speech", "Animal", "Pigeon, dove"], "confidences": [0.151356503367424, 0.08574230968952179, 0.08315391838550568], "model": "TF-YAMNet-V1", "inf_time": 0.008501}, {"location": {"start": 0.96, "end": 1.92}, "classifications": ["Arrow", "Inside, large room or hall", "Door"], "labels": ["Arrow", "Inside, large room or hall", "Door"], "confidences": [0.11198906600475311, 0.09353388845920563, 0.08961313962936401], "model": "TF-YAMNet-V1", "inf_time": 0.008501}, {"location": {"start": 1.44, "end": 2.4}, "classifications": ["Door", "Inside, small room", "Sliding door"], "labels": ["Door", "Inside, small room", "Sliding door"], "confidences": [0.1032094955444336, 0.10303244739770889, 0.10139324516057968], "model": "TF-YAMNet-V1", "inf_time": 0.008501}]}}