{"filename": "43131e52-e300-46da-931c-5227b763fd7c", "time": "2022-10-20T18:04:46Z", "device_manufacturer": "samsung", "device_model": "SM-T870", "device_callsign": "Galaxy Tab S7 - Wagner", "mac_address": "02:00:00:00:00:00", "extension": "wav", "data_type": "audio", "sample_rate": 44100, "events": [{"classifications": ["door"], "confidences": [0.9865624904632568], "location": {"start": 0, "end": 19}, "labels": ["door"]}], "labels": ["door"], "confidences": [0.9865624904632568], "s3_bucket": "pi-zero-audio-data", "audio": "https://pi-zero-audio-data.s3.us-east-2.amazonaws.com/Galaxy_Tab_S7_-_Wagner/2022-12-01/door/43131e52-e300-46da-931c-5227b763fd7c.wav", "object_key": "Galaxy_Tab_S7_-_Wagner/2022-12-01/door/43131e52-e300-46da-931c-5227b763fd7c.wav", "json_key": "Galaxy_Tab_S7_-_Wagner/2022-12-01/door/43131e52-e300-46da-931c-5227b763fd7c.json", "autolabels": {"YAMNet_aggregate": [{"location": {"start": 0.0, "end": 0.0}, "classifications": ["Silence"], "labels": ["Silence"], "confidences": [1.0], "model": "TF-YAMNet-V1", "inf_time": 0.058017}], "YAMNet": [{"location": {"start": 0.0, "end": 0.96}, "classifications": ["Silence"], "labels": ["Silence"], "confidences": [1.0], "model": "TF-YAMNet-V1", "inf_time": 0.058017}]}}