{"filename": "432fe6e6-e8de-4a25-827c-88279745f440", "time": "2022-10-20T18:36:47Z", "device_manufacturer": "samsung", "device_model": "SM-T870", "device_callsign": "Galaxy Tab S7 - Wagner", "mac_address": "02:00:00:00:00:00", "extension": "wav", "data_type": "audio", "sample_rate": 44100, "events": [{"classifications": ["door"], "confidences": [0.9881120324134827], "location": {"start": 0, "end": 22}, "labels": ["door"]}, {"classifications": ["door"], "confidences": [0.9131355285644531], "location": {"start": 0, "end": 10}, "labels": ["door"]}], "labels": ["door"], "confidences": [0.9881120324134827], "s3_bucket": "pi-zero-audio-data", "audio": "https://pi-zero-audio-data.s3.us-east-2.amazonaws.com/Galaxy_Tab_S7_-_Wagner/2022-12-01/door/432fe6e6-e8de-4a25-827c-88279745f440.wav", "object_key": "Galaxy_Tab_S7_-_Wagner/2022-12-01/door/432fe6e6-e8de-4a25-827c-88279745f440.wav", "json_key": "Galaxy_Tab_S7_-_Wagner/2022-12-01/door/432fe6e6-e8de-4a25-827c-88279745f440.json", "autolabels": {"YAMNet_aggregate": [{"location": {"start": 0.0, "end": 2.0}, "classifications": ["Speech", "Sliding door", "Animal", "Inside, small room", "Inside, large room or hall"], "labels": ["Speech", "Sliding door", "Animal", "Inside, small room", "Inside, large room or hall"], "confidences": [0.12396695464849472, 0.09285657852888107, 0.06790634989738464, 0.06616836041212082, 0.06270171701908112], "model": "TF-YAMNet-V1", "inf_time": 0.043308}], "YAMNet": [{"location": {"start": 0.0, "end": 0.96}, "classifications": ["Speech", "Inside, large room or hall"], "labels": ["Speech", "Inside, large room or hall"], "confidences": [0.4171316623687744, 0.10422482341527939], "model": "TF-YAMNet-V1", "inf_time": 0.010827}, {"location": {"start": 0.48, "end": 1.44}, "classifications": ["Sliding door", "Caterwaul", "Animal"], "labels": ["Sliding door", "Caterwaul", "Animal"], "confidences": [0.3432590365409851, 0.18512335419654846, 0.1634950488805771], "model": "TF-YAMNet-V1", "inf_time": 0.010827}, {"location": {"start": 0.96, "end": 1.92}, "classifications": ["Inside, small room", "Animal", "Inside, large room or hall"], "labels": ["Inside, small room", "Animal", "Inside, large room or hall"], "confidences": [0.07016545534133911, 0.06749694794416428, 0.06655929237604141], "model": "TF-YAMNet-V1", "inf_time": 0.010827}, {"location": {"start": 1.44, "end": 2.4}, "classifications": ["Whoosh, swoosh, swish", "Rustle", "Wind"], "labels": ["Whoosh, swoosh, swish", "Rustle", "Wind"], "confidences": [0.1761658936738968, 0.17083701491355896, 0.15804746747016907], "model": "TF-YAMNet-V1", "inf_time": 0.010827}]}}