{"filename": "43c0ab7f-5cfa-418c-a6f1-3abb0751195c", "time": "2022-10-26T20:09:39Z", "device_manufacturer": "samsung", "device_model": "SM-T870", "device_callsign": "Galaxy Tab S7 - Wagner", "mac_address": "02:00:00:00:00:00", "extension": "wav", "data_type": "audio", "sample_rate": 44100, "events": [{"classifications": ["door"], "confidences": [0.9935307502746582], "location": {"start": 0, "end": 15}, "labels": ["door"]}, {"classifications": ["likely_door"], "confidences": [0.8075342774391174], "location": {"start": 0, "end": 9}, "labels": ["door"]}, {"classifications": ["door"], "confidences": [0.9680214524269104], "location": {"start": 0, "end": 17}, "labels": ["door"]}], "labels": ["door", "likely_door"], "confidences": [0.9935307502746582, 0.8075342774391174], "s3_bucket": "pi-zero-audio-data", "audio": "https://pi-zero-audio-data.s3.us-east-2.amazonaws.com/Galaxy_Tab_S7_-_Wagner/2022-12-01/door/43c0ab7f-5cfa-418c-a6f1-3abb0751195c.wav", "object_key": "Galaxy_Tab_S7_-_Wagner/2022-12-01/door/43c0ab7f-5cfa-418c-a6f1-3abb0751195c.wav", "json_key": "Galaxy_Tab_S7_-_Wagner/2022-12-01/door/43c0ab7f-5cfa-418c-a6f1-3abb0751195c.json", "autolabels": {"YAMNet_aggregate": [{"location": {"start": 0.0, "end": 4.0}, "classifications": ["Inside, small room", "Drawer open or close", "Cupboard open or close", "Sliding door"], "labels": ["Inside, small room", "Drawer open or close", "Cupboard open or close", "Sliding door"], "confidences": [0.32327619194984436, 0.09798887372016907, 0.08764956146478653, 0.07161173224449158], "model": "TF-YAMNet-V1", "inf_time": 0.059272}], "YAMNet": [{"location": {"start": 0.0, "end": 0.96}, "classifications": ["Inside, small room", "Inside, large room or hall"], "labels": ["Inside, small room", "Inside, large room or hall"], "confidences": [0.5235346555709839, 0.057894714176654816], "model": "TF-YAMNet-V1", "inf_time": 0.007409}, {"location": {"start": 0.48, "end": 1.44}, "classifications": ["Inside, small room", "Writing"], "labels": ["Inside, small room", "Writing"], "confidences": [0.33698976039886475, 0.05466441065073013], "model": "TF-YAMNet-V1", "inf_time": 0.007409}, {"location": {"start": 0.96, "end": 1.92}, "classifications": ["Inside, small room", "Drawer open or close", "Cupboard open or close"], "labels": ["Inside, small room", "Drawer open or close", "Cupboard open or close"], "confidences": [0.4635463356971741, 0.35836854577064514, 0.17862126231193542], "model": "TF-YAMNet-V1", "inf_time": 0.007409}, {"location": {"start": 1.44, "end": 2.4}, "classifications": ["Inside, small room", "Walk, footsteps", "Inside, large room or hall"], "labels": ["Inside, small room", "Walk, footsteps", "Inside, large room or hall"], "confidences": [0.2806379199028015, 0.06401225924491882, 0.059615060687065125], "model": "TF-YAMNet-V1", "inf_time": 0.007409}, {"location": {"start": 1.92, "end": 2.88}, "classifications": ["Cupboard open or close", "Drawer open or close", "Inside, small room"], "labels": ["Cupboard open or close", "Drawer open or close", "Inside, small room"], "confidences": [0.5092620849609375, 0.40661758184432983, 0.3900001347064972], "model": "TF-YAMNet-V1", "inf_time": 0.007409}, {"location": {"start": 2.4, "end": 3.36}, "classifications": ["Inside, small room", "Speech", "Inside, large room or hall"], "labels": ["Inside, small room", "Speech", "Inside, large room or hall"], "confidences": [0.20566335320472717, 0.08629103749990463, 0.05906340479850769], "model": "TF-YAMNet-V1", "inf_time": 0.007409}, {"location": {"start": 2.88, "end": 3.84}, "classifications": ["Inside, small room", "Speech"], "labels": ["Inside, small room", "Speech"], "confidences": [0.2996809780597687, 0.08901869505643845], "model": "TF-YAMNet-V1", "inf_time": 0.007409}, {"location": {"start": 3.36, "end": 4.32}, "classifications": ["Sliding door", "Inside, small room", "Vehicle"], "labels": ["Sliding door", "Inside, small room", "Vehicle"], "confidences": [0.14616262912750244, 0.086156465113163, 0.07374003529548645], "model": "TF-YAMNet-V1", "inf_time": 0.007409}]}}