{"filename": "467d08c2-fcb2-4970-a0d7-59581c4d7492", "time": "2022-10-20T17:42:34Z", "device_manufacturer": "samsung", "device_model": "SM-T870", "device_callsign": "Galaxy Tab S7 - Wagner", "mac_address": "02:00:00:00:00:00", "extension": "wav", "data_type": "audio", "sample_rate": 44100, "events": [{"classifications": ["door"], "confidences": [0.9509561657905579], "location": {"start": 0, "end": 13}, "labels": ["door"]}, {"classifications": ["unknown"], "confidences": [0.46773895621299744], "location": {"start": 0, "end": 18}, "labels": ["door"]}], "labels": ["door", "unknown"], "confidences": [0.9509561657905579, 0.46773895621299744], "s3_bucket": "pi-zero-audio-data", "audio": "https://pi-zero-audio-data.s3.us-east-2.amazonaws.com/Galaxy_Tab_S7_-_Wagner/2022-12-01/door/467d08c2-fcb2-4970-a0d7-59581c4d7492.wav", "object_key": "Galaxy_Tab_S7_-_Wagner/2022-12-01/door/467d08c2-fcb2-4970-a0d7-59581c4d7492.wav", "json_key": "Galaxy_Tab_S7_-_Wagner/2022-12-01/door/467d08c2-fcb2-4970-a0d7-59581c4d7492.json", "autolabels": {"YAMNet_aggregate": [{"location": {"start": 0.0, "end": 2.0}, "classifications": ["Sliding door", "Music", "Door", "Thunk", "Thump, thud"], "labels": ["Sliding door", "Music", "Door", "Thunk", "Thump, thud"], "confidences": [0.21087120473384857, 0.17280545830726624, 0.16919948160648346, 0.14667049050331116, 0.14060990512371063], "model": "TF-YAMNet-V1", "inf_time": 0.070166}], "YAMNet": [{"location": {"start": 0.0, "end": 0.96}, "classifications": ["Music", "Percussion", "Musical instrument"], "labels": ["Music", "Percussion", "Musical instrument"], "confidences": [0.6226629018783569, 0.27868708968162537, 0.18018044531345367], "model": "TF-YAMNet-V1", "inf_time": 0.017541}, {"location": {"start": 0.48, "end": 1.44}, "classifications": ["Thunk", "Knock", "Thump, thud"], "labels": ["Thunk", "Knock", "Thump, thud"], "confidences": [0.4893210530281067, 0.38084086775779724, 0.35202473402023315], "model": "TF-YAMNet-V1", "inf_time": 0.017541}, {"location": {"start": 0.96, "end": 1.92}, "classifications": ["Sliding door", "Door", "Rail transport"], "labels": ["Sliding door", "Door", "Rail transport"], "confidences": [0.33760571479797363, 0.25579094886779785, 0.20599806308746338], "model": "TF-YAMNet-V1", "inf_time": 0.017541}, {"location": {"start": 1.44, "end": 2.4}, "classifications": ["Thump, thud", "Arrow", "Sliding door"], "labels": ["Thump, thud", "Arrow", "Sliding door"], "confidences": [0.19187627732753754, 0.19163082540035248, 0.18604780733585358], "model": "TF-YAMNet-V1", "inf_time": 0.017541}]}}