{"filename": "49a2e780-6cb8-41ae-b01f-7ee3765c08b6", "time": "2022-10-26T19:35:35Z", "device_manufacturer": "samsung", "device_model": "SM-T870", "device_callsign": "Galaxy Tab S7 - Wagner", "mac_address": "02:00:00:00:00:00", "extension": "wav", "data_type": "audio", "sample_rate": 44100, "events": [{"classifications": ["likely_door"], "confidences": [0.500095546245575], "location": {"start": 0, "end": 9}, "labels": ["door"]}, {"classifications": ["door"], "confidences": [0.9939010143280029], "location": {"start": 0, "end": 8}, "labels": ["door"]}, {"classifications": ["door"], "confidences": [0.9276682734489441], "location": {"start": 0, "end": 17}, "labels": ["door"]}], "labels": ["likely_door", "door"], "confidences": [0.500095546245575, 0.9939010143280029], "s3_bucket": "pi-zero-audio-data", "audio": "https://pi-zero-audio-data.s3.us-east-2.amazonaws.com/Galaxy_Tab_S7_-_Wagner/2022-12-01/door/49a2e780-6cb8-41ae-b01f-7ee3765c08b6.wav", "object_key": "Galaxy_Tab_S7_-_Wagner/2022-12-01/door/49a2e780-6cb8-41ae-b01f-7ee3765c08b6.wav", "json_key": "Galaxy_Tab_S7_-_Wagner/2022-12-01/door/49a2e780-6cb8-41ae-b01f-7ee3765c08b6.json", "autolabels": {"YAMNet_aggregate": [{"location": {"start": 0.0, "end": 4.0}, "classifications": ["Inside, small room", "Animal", "Door"], "labels": ["Inside, small room", "Animal", "Door"], "confidences": [0.39976030588150024, 0.05733608826994896, 0.05566299706697464], "model": "TF-YAMNet-V1", "inf_time": 0.052834}], "YAMNet": [{"location": {"start": 0.0, "end": 0.96}, "classifications": ["Inside, small room", "Door"], "labels": ["Inside, small room", "Door"], "confidences": [0.455545574426651, 0.05634903535246849], "model": "TF-YAMNet-V1", "inf_time": 0.006604}, {"location": {"start": 0.48, "end": 1.44}, "classifications": ["Inside, small room", "Dishes, pots, and pans", "Spray"], "labels": ["Inside, small room", "Dishes, pots, and pans", "Spray"], "confidences": [0.5637721419334412, 0.10258305817842484, 0.08480583131313324], "model": "TF-YAMNet-V1", "inf_time": 0.006604}, {"location": {"start": 0.96, "end": 1.92}, "classifications": ["Inside, small room", "Animal", "Snake"], "labels": ["Inside, small room", "Animal", "Snake"], "confidences": [0.385543555021286, 0.09444812685251236, 0.09378492832183838], "model": "TF-YAMNet-V1", "inf_time": 0.006604}, {"location": {"start": 1.44, "end": 2.4}, "classifications": ["Inside, small room", "Rodents, rats, mice", "Animal"], "labels": ["Inside, small room", "Rodents, rats, mice", "Animal"], "confidences": [0.37684473395347595, 0.09978622198104858, 0.09956590831279755], "model": "TF-YAMNet-V1", "inf_time": 0.006604}, {"location": {"start": 1.92, "end": 2.88}, "classifications": ["Inside, small room", "Wild animals", "Animal"], "labels": ["Inside, small room", "Wild animals", "Animal"], "confidences": [0.371215283870697, 0.11396724730730057, 0.11256676912307739], "model": "TF-YAMNet-V1", "inf_time": 0.006604}, {"location": {"start": 2.4, "end": 3.36}, "classifications": ["Inside, small room"], "labels": ["Inside, small room"], "confidences": [0.5098443627357483], "model": "TF-YAMNet-V1", "inf_time": 0.006604}, {"location": {"start": 2.88, "end": 3.84}, "classifications": ["Inside, small room"], "labels": ["Inside, small room"], "confidences": [0.4084544777870178], "model": "TF-YAMNet-V1", "inf_time": 0.006604}, {"location": {"start": 3.36, "end": 4.32}, "classifications": ["Sliding door", "Door", "Inside, small room"], "labels": ["Sliding door", "Door", "Inside, small room"], "confidences": [0.28470513224601746, 0.19245211780071259, 0.1268623024225235], "model": "TF-YAMNet-V1", "inf_time": 0.006604}]}}