{"filename": "4e6f42b3-e41b-492a-a352-fb70983dc6e7", "time": "2022-10-20T17:51:17Z", "device_manufacturer": "samsung", "device_model": "SM-T870", "device_callsign": "Galaxy Tab S7 - Wagner", "mac_address": "02:00:00:00:00:00", "extension": "wav", "data_type": "audio", "sample_rate": 44100, "events": [{"classifications": ["door"], "confidences": [0.9794304966926575], "location": {"start": 0, "end": 9}, "labels": ["door"]}, {"classifications": ["likely_voices"], "confidences": [0.6477586627006531], "location": {"start": 0, "end": 9}, "labels": ["voices"]}], "labels": ["door", "likely_voices"], "confidences": [0.9794304966926575, 0.6477586627006531], "s3_bucket": "pi-zero-audio-data", "audio": "https://pi-zero-audio-data.s3.us-east-2.amazonaws.com/Galaxy_Tab_S7_-_Wagner/2022-12-01/door/4e6f42b3-e41b-492a-a352-fb70983dc6e7.wav", "object_key": "Galaxy_Tab_S7_-_Wagner/2022-12-01/door/4e6f42b3-e41b-492a-a352-fb70983dc6e7.wav", "json_key": "Galaxy_Tab_S7_-_Wagner/2022-12-01/door/4e6f42b3-e41b-492a-a352-fb70983dc6e7.json", "autolabels": {"YAMNet_aggregate": [{"location": {"start": 0.0, "end": 2.0}, "classifications": ["Inside, small room", "Silence", "Rustle", "Wind", "Vehicle"], "labels": ["Inside, small room", "Silence", "Rustle", "Wind", "Vehicle"], "confidences": [0.1124739721417427, 0.09404517710208893, 0.06786388158798218, 0.0662856325507164, 0.05912180244922638], "model": "TF-YAMNet-V1", "inf_time": 0.056565}], "YAMNet": [{"location": {"start": 0.0, "end": 0.96}, "classifications": ["Inside, small room", "Sliding door", "Vehicle"], "labels": ["Inside, small room", "Sliding door", "Vehicle"], "confidences": [0.21310873329639435, 0.1463502198457718, 0.13290126621723175], "model": "TF-YAMNet-V1", "inf_time": 0.014141}, {"location": {"start": 0.48, "end": 1.44}, "classifications": ["Inside, small room", "Breathing"], "labels": ["Inside, small room", "Breathing"], "confidences": [0.10011868923902512, 0.05151620879769325], "model": "TF-YAMNet-V1", "inf_time": 0.014141}, {"location": {"start": 0.96, "end": 1.92}, "classifications": ["Inside, small room", "Breathing", "Vehicle"], "labels": ["Inside, small room", "Breathing", "Vehicle"], "confidences": [0.09424285590648651, 0.058805160224437714, 0.0526607446372509], "model": "TF-YAMNet-V1", "inf_time": 0.014141}, {"location": {"start": 1.44, "end": 2.4}, "classifications": ["Silence", "Rustle", "Wind"], "labels": ["Silence", "Rustle", "Wind"], "confidences": [0.2773374915122986, 0.2302265763282776, 0.2160775065422058], "model": "TF-YAMNet-V1", "inf_time": 0.014141}]}}