{"filename": "50d5d6f2-f745-4f09-ac30-ef7b2404467e", "time": "2022-10-26T21:57:23Z", "device_manufacturer": "samsung", "device_model": "SM-T870", "device_callsign": "Galaxy Tab S7 - Wagner", "mac_address": "02:00:00:00:00:00", "extension": "wav", "data_type": "audio", "sample_rate": 44100, "events": [{"classifications": ["door"], "confidences": [0.9991703033447266], "location": {"start": 0, "end": 9}, "labels": ["door"]}, {"classifications": ["door"], "confidences": [0.976854145526886], "location": {"start": 0, "end": 11}, "labels": ["door"]}], "labels": ["door"], "confidences": [0.9991703033447266], "s3_bucket": "pi-zero-audio-data", "audio": "https://pi-zero-audio-data.s3.us-east-2.amazonaws.com/Galaxy_Tab_S7_-_Wagner/2022-12-01/door/50d5d6f2-f745-4f09-ac30-ef7b2404467e.wav", "object_key": "Galaxy_Tab_S7_-_Wagner/2022-12-01/door/50d5d6f2-f745-4f09-ac30-ef7b2404467e.wav", "json_key": "Galaxy_Tab_S7_-_Wagner/2022-12-01/door/50d5d6f2-f745-4f09-ac30-ef7b2404467e.json", "autolabels": {"YAMNet_aggregate": [{"location": {"start": 0.0, "end": 2.0}, "classifications": ["Inside, small room", "Inside, large room or hall", "Mechanisms"], "labels": ["Inside, small room", "Inside, large room or hall", "Mechanisms"], "confidences": [0.14923284947872162, 0.10584665834903717, 0.05136913061141968], "model": "TF-YAMNet-V1", "inf_time": 0.056275}], "YAMNet": [{"location": {"start": 0.0, "end": 0.96}, "classifications": ["Inside, small room", "Inside, large room or hall", "Printer"], "labels": ["Inside, small room", "Inside, large room or hall", "Printer"], "confidences": [0.19615338742733002, 0.11861784011125565, 0.06604156643152237], "model": "TF-YAMNet-V1", "inf_time": 0.014069}, {"location": {"start": 0.48, "end": 1.44}, "classifications": ["Inside, small room", "Inside, large room or hall", "Thump, thud"], "labels": ["Inside, small room", "Inside, large room or hall", "Thump, thud"], "confidences": [0.22555743157863617, 0.2074967324733734, 0.06566406041383743], "model": "TF-YAMNet-V1", "inf_time": 0.014069}, {"location": {"start": 0.96, "end": 1.92}, "classifications": ["Inside, small room", "Inside, large room or hall"], "labels": ["Inside, small room", "Inside, large room or hall"], "confidences": [0.15230579674243927, 0.07635348290205002], "model": "TF-YAMNet-V1", "inf_time": 0.014069}, {"location": {"start": 1.44, "end": 2.4}, "classifications": ["Mechanisms", "Clock", "Tick"], "labels": ["Mechanisms", "Clock", "Tick"], "confidences": [0.1420859694480896, 0.10629041492938995, 0.09242924302816391], "model": "TF-YAMNet-V1", "inf_time": 0.014069}]}}