{"filename": "549f6356-255c-4b72-9c8b-1d2ba8ae3c92", "time": "2022-10-27T20:59:32Z", "device_manufacturer": "samsung", "device_model": "SM-T870", "device_callsign": "Galaxy Tab S7 - Wagner", "mac_address": "02:00:00:00:00:00", "extension": "wav", "data_type": "audio", "sample_rate": 44100, "events": [{"classifications": ["door"], "confidences": [0.9175732731819153], "location": {"start": 0, "end": 16}, "labels": ["door"]}, {"classifications": ["door"], "confidences": [0.8729190826416016], "location": {"start": 0, "end": 12}, "labels": ["door"]}, {"classifications": ["likely_door"], "confidences": [0.5566402673721313], "location": {"start": 0, "end": 16}, "labels": ["door"]}], "labels": ["door", "likely_door"], "confidences": [0.9175732731819153, 0.5566402673721313], "s3_bucket": "pi-zero-audio-data", "audio": "https://pi-zero-audio-data.s3.us-east-2.amazonaws.com/Galaxy_Tab_S7_-_Wagner/2022-12-01/door/549f6356-255c-4b72-9c8b-1d2ba8ae3c92.wav", "object_key": "Galaxy_Tab_S7_-_Wagner/2022-12-01/door/549f6356-255c-4b72-9c8b-1d2ba8ae3c92.wav", "json_key": "Galaxy_Tab_S7_-_Wagner/2022-12-01/door/549f6356-255c-4b72-9c8b-1d2ba8ae3c92.json", "autolabels": {"YAMNet_aggregate": [{"location": {"start": 0.0, "end": 4.0}, "classifications": ["Inside, small room", "Music", "Dishes, pots, and pans", "Mechanisms", "Cutlery, silverware"], "labels": ["Inside, small room", "Music", "Dishes, pots, and pans", "Mechanisms", "Cutlery, silverware"], "confidences": [0.13764579594135284, 0.1151713952422142, 0.09747973084449768, 0.06479005515575409, 0.06276293843984604], "model": "TF-YAMNet-V1", "inf_time": 0.045245}], "YAMNet": [{"location": {"start": 0.0, "end": 0.96}, "classifications": ["Mechanisms", "Inside, small room", "Sewing machine"], "labels": ["Mechanisms", "Inside, small room", "Sewing machine"], "confidences": [0.29423728585243225, 0.181770920753479, 0.1634543091058731], "model": "TF-YAMNet-V1", "inf_time": 0.005656}, {"location": {"start": 0.48, "end": 1.44}, "classifications": ["Music", "Inside, small room", "Glass"], "labels": ["Music", "Inside, small room", "Glass"], "confidences": [0.11162194609642029, 0.06620733439922333, 0.06251885741949081], "model": "TF-YAMNet-V1", "inf_time": 0.005656}, {"location": {"start": 0.96, "end": 1.92}, "classifications": ["Music", "Percussion", "Musical instrument"], "labels": ["Music", "Percussion", "Musical instrument"], "confidences": [0.5882377028465271, 0.17858649790287018, 0.11709458380937576], "model": "TF-YAMNet-V1", "inf_time": 0.005656}, {"location": {"start": 1.44, "end": 2.4}, "classifications": ["Percussion", "Dishes, pots, and pans", "Music"], "labels": ["Percussion", "Dishes, pots, and pans", "Music"], "confidences": [0.09488380700349808, 0.06782814115285873, 0.05834858864545822], "model": "TF-YAMNet-V1", "inf_time": 0.005656}, {"location": {"start": 1.92, "end": 2.88}, "classifications": ["Percussion", "Music", "Inside, small room"], "labels": ["Percussion", "Music", "Inside, small room"], "confidences": [0.17375542223453522, 0.15015928447246552, 0.12500444054603577], "model": "TF-YAMNet-V1", "inf_time": 0.005656}, {"location": {"start": 2.4, "end": 3.36}, "classifications": ["Dishes, pots, and pans", "Cutlery, silverware", "Glass"], "labels": ["Dishes, pots, and pans", "Cutlery, silverware", "Glass"], "confidences": [0.510010838508606, 0.4263573884963989, 0.21976228058338165], "model": "TF-YAMNet-V1", "inf_time": 0.005656}, {"location": {"start": 2.88, "end": 3.84}, "classifications": ["Inside, small room", "Boiling", "Mechanical fan"], "labels": ["Inside, small room", "Boiling", "Mechanical fan"], "confidences": [0.3994401693344116, 0.26374056935310364, 0.13405285775661469], "model": "TF-YAMNet-V1", "inf_time": 0.005656}, {"location": {"start": 3.36, "end": 4.32}, "classifications": ["Rustle", "Sliding door", "Mechanical fan"], "labels": ["Rustle", "Sliding door", "Mechanical fan"], "confidences": [0.2232893407344818, 0.2133111208677292, 0.1590961217880249], "model": "TF-YAMNet-V1", "inf_time": 0.005656}]}}