{"filename": "56761cc4-7404-46d3-b223-b3591a4a3f35", "time": "2022-10-27T18:34:54Z", "device_manufacturer": "samsung", "device_model": "SM-T870", "device_callsign": "Galaxy Tab S7 - Wagner", "mac_address": "02:00:00:00:00:00", "extension": "wav", "data_type": "audio", "sample_rate": 44100, "events": [{"classifications": ["likely_door"], "confidences": [0.6457251310348511], "location": {"start": 0, "end": 19}, "labels": ["door"]}, {"classifications": ["door"], "confidences": [0.9947363138198853], "location": {"start": 0, "end": 13}, "labels": ["door"]}], "labels": ["likely_door", "door"], "confidences": [0.6457251310348511, 0.9947363138198853], "s3_bucket": "pi-zero-audio-data", "audio": "https://pi-zero-audio-data.s3.us-east-2.amazonaws.com/Galaxy_Tab_S7_-_Wagner/2022-12-01/door/56761cc4-7404-46d3-b223-b3591a4a3f35.wav", "object_key": "Galaxy_Tab_S7_-_Wagner/2022-12-01/door/56761cc4-7404-46d3-b223-b3591a4a3f35.wav", "json_key": "Galaxy_Tab_S7_-_Wagner/2022-12-01/door/56761cc4-7404-46d3-b223-b3591a4a3f35.json", "autolabels": {"YAMNet_aggregate": [{"location": {"start": 0.0, "end": 2.0}, "classifications": ["Inside, small room", "Wind", "Silence", "Wind noise (microphone)", "Animal"], "labels": ["Inside, small room", "Wind", "Silence", "Wind noise (microphone)", "Animal"], "confidences": [0.11639412492513657, 0.11263173818588257, 0.10762952268123627, 0.0752948522567749, 0.0680224746465683], "model": "TF-YAMNet-V1", "inf_time": 0.052124}], "YAMNet": [{"location": {"start": 0.0, "end": 0.96}, "classifications": ["Inside, small room", "Door", "Sliding door"], "labels": ["Inside, small room", "Door", "Sliding door"], "confidences": [0.23108898103237152, 0.1524704247713089, 0.15229348838329315], "model": "TF-YAMNet-V1", "inf_time": 0.013031}, {"location": {"start": 0.48, "end": 1.44}, "classifications": ["Animal", "Inside, small room", "Domestic animals, pets"], "labels": ["Animal", "Inside, small room", "Domestic animals, pets"], "confidences": [0.21324262022972107, 0.17669326066970825, 0.1510709822177887], "model": "TF-YAMNet-V1", "inf_time": 0.013031}, {"location": {"start": 0.96, "end": 1.92}, "classifications": ["White noise", "Field recording", "Vehicle"], "labels": ["White noise", "Field recording", "Vehicle"], "confidences": [0.18924418091773987, 0.1709028035402298, 0.15515437722206116], "model": "TF-YAMNet-V1", "inf_time": 0.013031}, {"location": {"start": 1.44, "end": 2.4}, "classifications": ["Wind", "Wind noise (microphone)", "Eruption"], "labels": ["Wind", "Wind noise (microphone)", "Eruption"], "confidences": [0.35582175850868225, 0.26298072934150696, 0.2451009750366211], "model": "TF-YAMNet-V1", "inf_time": 0.013031}]}}