{"filename": "5ee61043-acfc-49d1-9d4c-a4a1f6a2aa6c", "time": "2022-10-27T18:59:25Z", "device_manufacturer": "samsung", "device_model": "SM-T870", "device_callsign": "Galaxy Tab S7 - Wagner", "mac_address": "02:00:00:00:00:00", "extension": "wav", "data_type": "audio", "sample_rate": 44100, "events": [{"classifications": ["door"], "confidences": [0.9978342056274414], "location": {"start": 0, "end": 12}, "labels": ["door"]}], "labels": ["door"], "confidences": [0.9978342056274414], "s3_bucket": "pi-zero-audio-data", "audio": "https://pi-zero-audio-data.s3.us-east-2.amazonaws.com/Galaxy_Tab_S7_-_Wagner/2022-12-01/door/5ee61043-acfc-49d1-9d4c-a4a1f6a2aa6c.wav", "object_key": "Galaxy_Tab_S7_-_Wagner/2022-12-01/door/5ee61043-acfc-49d1-9d4c-a4a1f6a2aa6c.wav", "json_key": "Galaxy_Tab_S7_-_Wagner/2022-12-01/door/5ee61043-acfc-49d1-9d4c-a4a1f6a2aa6c.json", "autolabels": {"YAMNet_aggregate": [{"location": {"start": 0.0, "end": 0.0}, "classifications": ["Silence"], "labels": ["Silence"], "confidences": [1.0], "model": "TF-YAMNet-V1", "inf_time": 0.038647}], "YAMNet": [{"location": {"start": 0.0, "end": 0.96}, "classifications": ["Silence"], "labels": ["Silence"], "confidences": [1.0], "model": "TF-YAMNet-V1", "inf_time": 0.038647}]}}