{"filename": "616bc96b-4502-4545-a23c-68392b879c83", "time": "2022-10-26T20:10:02Z", "device_manufacturer": "samsung", "device_model": "SM-T870", "device_callsign": "Galaxy Tab S7 - Wagner", "mac_address": "02:00:00:00:00:00", "extension": "wav", "data_type": "audio", "sample_rate": 44100, "events": [{"classifications": ["door"], "confidences": [0.932426393032074], "location": {"start": 0, "end": 8}, "labels": ["door"]}, {"classifications": ["door"], "confidences": [0.9706673622131348], "location": {"start": 0, "end": 12}, "labels": ["door"]}], "labels": ["door"], "confidences": [0.9706673622131348], "s3_bucket": "pi-zero-audio-data", "audio": "https://pi-zero-audio-data.s3.us-east-2.amazonaws.com/Galaxy_Tab_S7_-_Wagner/2022-12-01/door/616bc96b-4502-4545-a23c-68392b879c83.wav", "object_key": "Galaxy_Tab_S7_-_Wagner/2022-12-01/door/616bc96b-4502-4545-a23c-68392b879c83.wav", "json_key": "Galaxy_Tab_S7_-_Wagner/2022-12-01/door/616bc96b-4502-4545-a23c-68392b879c83.json", "autolabels": {"YAMNet_aggregate": [{"location": {"start": 0.0, "end": 2.0}, "classifications": ["Inside, small room", "Sliding door", "Bouncing", "Door", "Shuffle"], "labels": ["Inside, small room", "Sliding door", "Bouncing", "Door", "Shuffle"], "confidences": [0.2727211117744446, 0.11092282831668854, 0.08831845223903656, 0.07969347387552261, 0.0713975727558136], "model": "TF-YAMNet-V1", "inf_time": 0.034542}], "YAMNet": [{"location": {"start": 0.0, "end": 0.96}, "classifications": ["Bouncing", "Shuffle", "Inside, small room"], "labels": ["Bouncing", "Shuffle", "Inside, small room"], "confidences": [0.30355146527290344, 0.2152489870786667, 0.20385774970054626], "model": "TF-YAMNet-V1", "inf_time": 0.008635}, {"location": {"start": 0.48, "end": 1.44}, "classifications": ["Inside, small room", "Speech", "Door"], "labels": ["Inside, small room", "Speech", "Door"], "confidences": [0.26087167859077454, 0.11075421422719955, 0.06381850689649582], "model": "TF-YAMNet-V1", "inf_time": 0.008635}, {"location": {"start": 0.96, "end": 1.92}, "classifications": ["Inside, small room", "Scissors", "Writing"], "labels": ["Inside, small room", "Scissors", "Writing"], "confidences": [0.5054608583450317, 0.12188707292079926, 0.06975321471691132], "model": "TF-YAMNet-V1", "inf_time": 0.008635}, {"location": {"start": 1.44, "end": 2.4}, "classifications": ["Sliding door", "Inside, small room", "Door"], "labels": ["Sliding door", "Inside, small room", "Door"], "confidences": [0.20866842567920685, 0.12069414556026459, 0.07892327755689621], "model": "TF-YAMNet-V1", "inf_time": 0.008635}]}}