{"filename": "628ea534-f76b-44ba-9dd5-28e2c43ea342", "time": "2022-10-27T16:51:32Z", "device_manufacturer": "samsung", "device_model": "SM-T870", "device_callsign": "Galaxy Tab S7 - Wagner", "mac_address": "02:00:00:00:00:00", "extension": "wav", "data_type": "audio", "sample_rate": 44100, "events": [{"classifications": ["door"], "confidences": [0.8583102226257324], "location": {"start": 0, "end": 13}, "labels": ["door"]}, {"classifications": ["door"], "confidences": [0.9999292492866516], "location": {"start": 0, "end": 14}, "labels": ["door"]}, {"classifications": ["voices"], "confidences": [0.9987616539001465], "location": {"start": 0, "end": 15}, "labels": ["voices"]}, {"classifications": ["voices"], "confidences": [0.9996636509895325], "location": {"start": 0, "end": 9}, "labels": ["voices"]}, {"classifications": ["voices"], "confidences": [0.9736757874488831], "location": {"start": 0, "end": 13}, "labels": ["voices"]}, {"classifications": ["voices"], "confidences": [0.99648517370224], "location": {"start": 0, "end": 19}, "labels": ["voices"]}, {"classifications": ["voices"], "confidences": [0.9995414614677429], "location": {"start": 0, "end": 9}, "labels": ["voices"]}, {"classifications": ["voices"], "confidences": [0.9997473359107971], "location": {"start": 0, "end": 9}, "labels": ["voices"]}, {"classifications": ["likely_voices"], "confidences": [0.6432432532310486], "location": {"start": 0, "end": 9}, "labels": ["voices"]}], "labels": ["door", "voices", "likely_voices"], "confidences": [0.9999292492866516, 0.9997473359107971, 0.6432432532310486], "s3_bucket": "pi-zero-audio-data", "audio": "https://pi-zero-audio-data.s3.us-east-2.amazonaws.com/Galaxy_Tab_S7_-_Wagner/2022-12-01/door/628ea534-f76b-44ba-9dd5-28e2c43ea342.wav", "object_key": "Galaxy_Tab_S7_-_Wagner/2022-12-01/door/628ea534-f76b-44ba-9dd5-28e2c43ea342.wav", "json_key": "Galaxy_Tab_S7_-_Wagner/2022-12-01/door/628ea534-f76b-44ba-9dd5-28e2c43ea342.json", "autolabels": {"YAMNet_aggregate": [{"location": {"start": 0.0, "end": 14.0}, "classifications": ["Speech"], "labels": ["Speech"], "confidences": [0.7367978692054749], "model": "TF-YAMNet-V1", "inf_time": 0.069575}], "YAMNet": [{"location": {"start": 0.0, "end": 0.96}, "classifications": ["Speech"], "labels": ["Speech"], "confidences": [0.9309579730033875], "model": "TF-YAMNet-V1", "inf_time": 0.002399}, {"location": {"start": 0.48, "end": 1.44}, "classifications": ["Speech"], "labels": ["Speech"], "confidences": [0.8697331547737122], "model": "TF-YAMNet-V1", "inf_time": 0.002399}, {"location": {"start": 0.96, "end": 1.92}, "classifications": ["Speech"], "labels": ["Speech"], "confidences": [0.973662257194519], "model": "TF-YAMNet-V1", "inf_time": 0.002399}, {"location": {"start": 1.44, "end": 2.4}, "classifications": ["Speech"], "labels": ["Speech"], "confidences": [0.9231358170509338], "model": "TF-YAMNet-V1", "inf_time": 0.002399}, {"location": {"start": 1.92, "end": 2.88}, "classifications": ["Speech"], "labels": ["Speech"], "confidences": [0.9625028967857361], "model": "TF-YAMNet-V1", "inf_time": 0.002399}, {"location": {"start": 2.4, "end": 3.36}, "classifications": ["Domestic animals, pets", "Dog", "Whimper (dog)"], "labels": ["Domestic animals, pets", "Dog", "Whimper (dog)"], "confidences": [0.2830360233783722, 0.23164395987987518, 0.20097942650318146], "model": "TF-YAMNet-V1", "inf_time": 0.002399}, {"location": {"start": 2.88, "end": 3.84}, "classifications": ["Inside, small room", "Domestic animals, pets", "Animal"], "labels": ["Inside, small room", "Domestic animals, pets", "Animal"], "confidences": [0.36819955706596375, 0.1594875454902649, 0.12737008929252625], "model": "TF-YAMNet-V1", "inf_time": 0.002399}, {"location": {"start": 3.36, "end": 4.32}, "classifications": ["Speech"], "labels": ["Speech"], "confidences": [0.9086475968360901], "model": "TF-YAMNet-V1", "inf_time": 0.002399}, {"location": {"start": 3.84, "end": 4.8}, "classifications": ["Speech"], "labels": ["Speech"], "confidences": [0.9826310276985168], "model": "TF-YAMNet-V1", "inf_time": 0.002399}, {"location": {"start": 4.32, "end": 5.28}, "classifications": ["Speech"], "labels": ["Speech"], "confidences": [0.9926369786262512], "model": "TF-YAMNet-V1", "inf_time": 0.002399}, {"location": {"start": 4.8, "end": 5.76}, "classifications": ["Speech"], "labels": ["Speech"], "confidences": [0.9948399066925049], "model": "TF-YAMNet-V1", "inf_time": 0.002399}, {"location": {"start": 5.28, "end": 6.24}, "classifications": ["Speech"], "labels": ["Speech"], "confidences": [0.9294144511222839], "model": "TF-YAMNet-V1", "inf_time": 0.002399}, {"location": {"start": 5.76, "end": 6.72}, "classifications": ["Speech"], "labels": ["Speech"], "confidences": [0.9863185882568359], "model": "TF-YAMNet-V1", "inf_time": 0.002399}, {"location": {"start": 6.24, "end": 7.2}, "classifications": ["Speech"], "labels": ["Speech"], "confidences": [0.8623135685920715], "model": "TF-YAMNet-V1", "inf_time": 0.002399}, {"location": {"start": 6.72, "end": 7.68}, "classifications": ["Speech"], "labels": ["Speech"], "confidences": [0.7640020251274109], "model": "TF-YAMNet-V1", "inf_time": 0.002399}, {"location": {"start": 7.2, "end": 8.16}, "classifications": ["Speech"], "labels": ["Speech"], "confidences": [0.7909977436065674], "model": "TF-YAMNet-V1", "inf_time": 0.002399}, {"location": {"start": 7.68, "end": 8.64}, "classifications": ["Speech"], "labels": ["Speech"], "confidences": [0.9796019792556763], "model": "TF-YAMNet-V1", "inf_time": 0.002399}, {"location": {"start": 8.16, "end": 9.12}, "classifications": ["Speech", "Inside, small room"], "labels": ["Speech", "Inside, small room"], "confidences": [0.9305766224861145, 0.07338331639766693], "model": "TF-YAMNet-V1", "inf_time": 0.002399}, {"location": {"start": 8.64, "end": 9.6}, "classifications": ["Speech", "Inside, small room"], "labels": ["Speech", "Inside, small room"], "confidences": [0.9730218648910522, 0.051339708268642426], "model": "TF-YAMNet-V1", "inf_time": 0.002399}, {"location": {"start": 9.12, "end": 10.08}, "classifications": ["Speech"], "labels": ["Speech"], "confidences": [0.9878328442573547], "model": "TF-YAMNet-V1", "inf_time": 0.002399}, {"location": {"start": 9.6, "end": 10.56}, "classifications": ["Speech"], "labels": ["Speech"], "confidences": [0.9788894653320312], "model": "TF-YAMNet-V1", "inf_time": 0.002399}, {"location": {"start": 10.08, "end": 11.04}, "classifications": ["Speech"], "labels": ["Speech"], "confidences": [0.9855766296386719], "model": "TF-YAMNet-V1", "inf_time": 0.002399}, {"location": {"start": 10.56, "end": 11.52}, "classifications": ["Speech"], "labels": ["Speech"], "confidences": [0.9958721995353699], "model": "TF-YAMNet-V1", "inf_time": 0.002399}, {"location": {"start": 11.04, "end": 12.0}, "classifications": ["Speech"], "labels": ["Speech"], "confidences": [0.7472575306892395], "model": "TF-YAMNet-V1", "inf_time": 0.002399}, {"location": {"start": 11.52, "end": 12.48}, "classifications": ["Speech"], "labels": ["Speech"], "confidences": [0.11700492352247238], "model": "TF-YAMNet-V1", "inf_time": 0.002399}, {"location": {"start": 12.0, "end": 12.96}, "classifications": ["Speech"], "labels": ["Speech"], "confidences": [0.6445118188858032], "model": "TF-YAMNet-V1", "inf_time": 0.002399}, {"location": {"start": 12.48, "end": 13.44}, "classifications": ["Animal", "Pigeon, dove", "Wild animals"], "labels": ["Animal", "Pigeon, dove", "Wild animals"], "confidences": [0.22705452144145966, 0.1762646734714508, 0.17217692732810974], "model": "TF-YAMNet-V1", "inf_time": 0.002399}, {"location": {"start": 12.96, "end": 13.92}, "classifications": ["Chink, clink", "Glass", "Sliding door"], "labels": ["Chink, clink", "Glass", "Sliding door"], "confidences": [0.40244993567466736, 0.3685048520565033, 0.292154461145401], "model": "TF-YAMNet-V1", "inf_time": 0.002399}, {"location": {"start": 13.44, "end": 14.4}, "classifications": ["Inside, small room", "Wild animals", "Bird"], "labels": ["Inside, small room", "Wild animals", "Bird"], "confidences": [0.18365265429019928, 0.17989861965179443, 0.17794136703014374], "model": "TF-YAMNet-V1", "inf_time": 0.002399}]}}