{"filename": "6692d189-6b6b-4236-a552-d89e4ae95326", "time": "2022-10-20T18:08:49Z", "device_manufacturer": "samsung", "device_model": "SM-T870", "device_callsign": "Galaxy Tab S7 - Wagner", "mac_address": "02:00:00:00:00:00", "extension": "wav", "data_type": "audio", "sample_rate": 44100, "events": [{"classifications": ["door"], "confidences": [0.9501884579658508], "location": {"start": 0, "end": 14}, "labels": ["door"]}, {"classifications": ["door"], "confidences": [0.9925827383995056], "location": {"start": 0, "end": 16}, "labels": ["door"]}], "labels": ["door"], "confidences": [0.9925827383995056], "s3_bucket": "pi-zero-audio-data", "audio": "https://pi-zero-audio-data.s3.us-east-2.amazonaws.com/Galaxy_Tab_S7_-_Wagner/2022-12-01/door/6692d189-6b6b-4236-a552-d89e4ae95326.wav", "object_key": "Galaxy_Tab_S7_-_Wagner/2022-12-01/door/6692d189-6b6b-4236-a552-d89e4ae95326.wav", "json_key": "Galaxy_Tab_S7_-_Wagner/2022-12-01/door/6692d189-6b6b-4236-a552-d89e4ae95326.json", "autolabels": {"YAMNet_aggregate": [{"location": {"start": 0.0, "end": 2.0}, "classifications": ["Inside, small room", "Sliding door", "Speech", "Door", "Knock"], "labels": ["Inside, small room", "Sliding door", "Speech", "Door", "Knock"], "confidences": [0.21985521912574768, 0.16005480289459229, 0.12485465407371521, 0.11564698815345764, 0.062442902475595474], "model": "TF-YAMNet-V1", "inf_time": 0.041529}], "YAMNet": [{"location": {"start": 0.0, "end": 0.96}, "classifications": ["Sliding door", "Door", "Knock"], "labels": ["Sliding door", "Door", "Knock"], "confidences": [0.2787480652332306, 0.27277812361717224, 0.2347860485315323], "model": "TF-YAMNet-V1", "inf_time": 0.010382}, {"location": {"start": 0.48, "end": 1.44}, "classifications": ["Speech", "Inside, small room"], "labels": ["Speech", "Inside, small room"], "confidences": [0.43048691749572754, 0.11663807928562164], "model": "TF-YAMNet-V1", "inf_time": 0.010382}, {"location": {"start": 0.96, "end": 1.92}, "classifications": ["Inside, small room", "Inside, large room or hall", "Drawer open or close"], "labels": ["Inside, small room", "Inside, large room or hall", "Drawer open or close"], "confidences": [0.49018001556396484, 0.11779691278934479, 0.08871380239725113], "model": "TF-YAMNet-V1", "inf_time": 0.010382}, {"location": {"start": 1.44, "end": 2.4}, "classifications": ["Sliding door", "Squish", "Mouse"], "labels": ["Sliding door", "Squish", "Mouse"], "confidences": [0.29437151551246643, 0.21532787382602692, 0.19371947646141052], "model": "TF-YAMNet-V1", "inf_time": 0.010382}]}}