{"filename": "693313c2-5138-45b5-b84c-eccbef9338b5", "time": "2022-10-27T20:59:15Z", "device_manufacturer": "samsung", "device_model": "SM-T870", "device_callsign": "Galaxy Tab S7 - Wagner", "mac_address": "02:00:00:00:00:00", "extension": "wav", "data_type": "audio", "sample_rate": 44100, "events": [{"classifications": ["door"], "confidences": [0.8687318563461304], "location": {"start": 0, "end": 11}, "labels": ["door"]}, {"classifications": ["likely_door"], "confidences": [0.7066890001296997], "location": {"start": 0, "end": 11}, "labels": ["door"]}, {"classifications": ["likely_door"], "confidences": [0.8213650584220886], "location": {"start": 0, "end": 9}, "labels": ["door"]}], "labels": ["door", "likely_door"], "confidences": [0.8687318563461304, 0.8213650584220886], "s3_bucket": "pi-zero-audio-data", "audio": "https://pi-zero-audio-data.s3.us-east-2.amazonaws.com/Galaxy_Tab_S7_-_Wagner/2022-12-01/door/693313c2-5138-45b5-b84c-eccbef9338b5.wav", "object_key": "Galaxy_Tab_S7_-_Wagner/2022-12-01/door/693313c2-5138-45b5-b84c-eccbef9338b5.wav", "json_key": "Galaxy_Tab_S7_-_Wagner/2022-12-01/door/693313c2-5138-45b5-b84c-eccbef9338b5.json", "autolabels": {"YAMNet_aggregate": [{"location": {"start": 0.0, "end": 4.0}, "classifications": ["Inside, small room", "Sliding door", "Door", "Cupboard open or close", "Mechanical fan"], "labels": ["Inside, small room", "Sliding door", "Door", "Cupboard open or close", "Mechanical fan"], "confidences": [0.3073430359363556, 0.13936053216457367, 0.0687331035733223, 0.05317827686667442, 0.05281168967485428], "model": "TF-YAMNet-V1", "inf_time": 0.070137}], "YAMNet": [{"location": {"start": 0.0, "end": 0.96}, "classifications": ["Inside, small room", "Inside, large room or hall", "Sliding door"], "labels": ["Inside, small room", "Inside, large room or hall", "Sliding door"], "confidences": [0.2719859480857849, 0.09473516047000885, 0.06360626965761185], "model": "TF-YAMNet-V1", "inf_time": 0.008767}, {"location": {"start": 0.48, "end": 1.44}, "classifications": ["Inside, small room", "Sliding door", "Cupboard open or close"], "labels": ["Inside, small room", "Sliding door", "Cupboard open or close"], "confidences": [0.39794886112213135, 0.21909880638122559, 0.19683600962162018], "model": "TF-YAMNet-V1", "inf_time": 0.008767}, {"location": {"start": 0.96, "end": 1.92}, "classifications": ["Inside, small room", "Domestic animals, pets", "Animal"], "labels": ["Inside, small room", "Domestic animals, pets", "Animal"], "confidences": [0.35411691665649414, 0.08340580016374588, 0.07212862372398376], "model": "TF-YAMNet-V1", "inf_time": 0.008767}, {"location": {"start": 1.44, "end": 2.4}, "classifications": ["Inside, small room", "Rodents, rats, mice", "Patter"], "labels": ["Inside, small room", "Rodents, rats, mice", "Patter"], "confidences": [0.33830249309539795, 0.10531537979841232, 0.07703258097171783], "model": "TF-YAMNet-V1", "inf_time": 0.008767}, {"location": {"start": 1.92, "end": 2.88}, "classifications": ["Inside, small room", "Sliding door", "Door"], "labels": ["Inside, small room", "Sliding door", "Door"], "confidences": [0.3257044553756714, 0.14827536046504974, 0.1184263825416565], "model": "TF-YAMNet-V1", "inf_time": 0.008767}, {"location": {"start": 2.4, "end": 3.36}, "classifications": ["Inside, small room", "Sliding door", "Door"], "labels": ["Inside, small room", "Sliding door", "Door"], "confidences": [0.39167073369026184, 0.1195724830031395, 0.08273433893918991], "model": "TF-YAMNet-V1", "inf_time": 0.008767}, {"location": {"start": 2.88, "end": 3.84}, "classifications": ["Inside, small room", "Sliding door", "Cupboard open or close"], "labels": ["Inside, small room", "Sliding door", "Cupboard open or close"], "confidences": [0.3211841583251953, 0.29423293471336365, 0.12949784100055695], "model": "TF-YAMNet-V1", "inf_time": 0.008767}, {"location": {"start": 3.36, "end": 4.32}, "classifications": ["Sliding door", "Mechanical fan", "Mechanisms"], "labels": ["Sliding door", "Mechanical fan", "Mechanisms"], "confidences": [0.21330401301383972, 0.10833011567592621, 0.10778902471065521], "model": "TF-YAMNet-V1", "inf_time": 0.008767}]}}