{"filename": "69b0e0bf-51bc-4fa5-82a1-72a5ce309aff", "time": "2022-10-27T01:53:03Z", "device_manufacturer": "samsung", "device_model": "SM-T870", "device_callsign": "Galaxy Tab S7 - Wagner", "mac_address": "02:00:00:00:00:00", "extension": "wav", "data_type": "audio", "sample_rate": 44100, "events": [{"classifications": ["door"], "confidences": [0.9572129845619202], "location": {"start": 0, "end": 17}, "labels": ["door"]}, {"classifications": ["likely_door"], "confidences": [0.7517848014831543], "location": {"start": 0, "end": 11}, "labels": ["door"]}], "labels": ["door", "likely_door"], "confidences": [0.9572129845619202, 0.7517848014831543], "s3_bucket": "pi-zero-audio-data", "audio": "https://pi-zero-audio-data.s3.us-east-2.amazonaws.com/Galaxy_Tab_S7_-_Wagner/2022-12-01/door/69b0e0bf-51bc-4fa5-82a1-72a5ce309aff.wav", "object_key": "Galaxy_Tab_S7_-_Wagner/2022-12-01/door/69b0e0bf-51bc-4fa5-82a1-72a5ce309aff.wav", "json_key": "Galaxy_Tab_S7_-_Wagner/2022-12-01/door/69b0e0bf-51bc-4fa5-82a1-72a5ce309aff.json", "autolabels": {"YAMNet_aggregate": [{"location": {"start": 0.0, "end": 2.0}, "classifications": ["Inside, small room"], "labels": ["Inside, small room"], "confidences": [0.3321927785873413], "model": "TF-YAMNet-V1", "inf_time": 0.040756}], "YAMNet": [{"location": {"start": 0.0, "end": 0.96}, "classifications": ["Inside, small room", "Printer", "Mechanisms"], "labels": ["Inside, small room", "Printer", "Mechanisms"], "confidences": [0.38210415840148926, 0.18283763527870178, 0.07782065123319626], "model": "TF-YAMNet-V1", "inf_time": 0.010189}, {"location": {"start": 0.48, "end": 1.44}, "classifications": ["Inside, small room"], "labels": ["Inside, small room"], "confidences": [0.35997170209884644], "model": "TF-YAMNet-V1", "inf_time": 0.010189}, {"location": {"start": 0.96, "end": 1.92}, "classifications": ["Inside, small room"], "labels": ["Inside, small room"], "confidences": [0.5451149940490723], "model": "TF-YAMNet-V1", "inf_time": 0.010189}, {"location": {"start": 1.44, "end": 2.4}, "classifications": ["Glass", "Chink, clink", "Ping"], "labels": ["Glass", "Chink, clink", "Ping"], "confidences": [0.10124393552541733, 0.0763871818780899, 0.0736030712723732], "model": "TF-YAMNet-V1", "inf_time": 0.010189}]}}