{"filename": "6a4e45ee-8adc-46dd-af6a-a4bd08cebe6a", "time": "2022-10-27T16:31:43Z", "device_manufacturer": "samsung", "device_model": "SM-T870", "device_callsign": "Galaxy Tab S7 - Wagner", "mac_address": "02:00:00:00:00:00", "extension": "wav", "data_type": "audio", "sample_rate": 44100, "events": [{"classifications": ["likely_door"], "confidences": [0.7156030535697937], "location": {"start": 0, "end": 8}, "labels": ["door"]}, {"classifications": ["door"], "confidences": [0.9967290163040161], "location": {"start": 0, "end": 10}, "labels": ["door"]}, {"classifications": ["door"], "confidences": [0.9796134829521179], "location": {"start": 0, "end": 8}, "labels": ["door"]}], "labels": ["likely_door", "door"], "confidences": [0.7156030535697937, 0.9967290163040161], "s3_bucket": "pi-zero-audio-data", "audio": "https://pi-zero-audio-data.s3.us-east-2.amazonaws.com/Galaxy_Tab_S7_-_Wagner/2022-12-01/door/6a4e45ee-8adc-46dd-af6a-a4bd08cebe6a.wav", "object_key": "Galaxy_Tab_S7_-_Wagner/2022-12-01/door/6a4e45ee-8adc-46dd-af6a-a4bd08cebe6a.wav", "json_key": "Galaxy_Tab_S7_-_Wagner/2022-12-01/door/6a4e45ee-8adc-46dd-af6a-a4bd08cebe6a.json", "autolabels": {"YAMNet_aggregate": [{"location": {"start": 0.0, "end": 0.0}, "classifications": ["Silence"], "labels": ["Silence"], "confidences": [1.0], "model": "TF-YAMNet-V1", "inf_time": 0.030864}], "YAMNet": [{"location": {"start": 0.0, "end": 0.96}, "classifications": ["Silence"], "labels": ["Silence"], "confidences": [1.0], "model": "TF-YAMNet-V1", "inf_time": 0.030864}]}}