{"filename": "6b014b3c-6457-4e50-a873-13318c6aa1f1", "time": "2022-10-27T22:44:38Z", "device_manufacturer": "samsung", "device_model": "SM-T870", "device_callsign": "Galaxy Tab S7 - Wagner", "mac_address": "02:00:00:00:00:00", "extension": "wav", "data_type": "audio", "sample_rate": 44100, "events": [{"classifications": ["door"], "confidences": [0.8990045785903931], "location": {"start": 0, "end": 9}, "labels": ["door"]}], "labels": ["door"], "confidences": [0.8990045785903931], "s3_bucket": "pi-zero-audio-data", "audio": "https://pi-zero-audio-data.s3.us-east-2.amazonaws.com/Galaxy_Tab_S7_-_Wagner/2022-12-01/door/6b014b3c-6457-4e50-a873-13318c6aa1f1.wav", "object_key": "Galaxy_Tab_S7_-_Wagner/2022-12-01/door/6b014b3c-6457-4e50-a873-13318c6aa1f1.wav", "json_key": "Galaxy_Tab_S7_-_Wagner/2022-12-01/door/6b014b3c-6457-4e50-a873-13318c6aa1f1.json", "autolabels": {"YAMNet_aggregate": [{"location": {"start": 0.0, "end": 0.0}, "classifications": ["Silence"], "labels": ["Silence"], "confidences": [1.0], "model": "TF-YAMNet-V1", "inf_time": 0.045135}], "YAMNet": [{"location": {"start": 0.0, "end": 0.96}, "classifications": ["Silence"], "labels": ["Silence"], "confidences": [1.0], "model": "TF-YAMNet-V1", "inf_time": 0.045135}]}}