{"filename": "6b9f1876-bd05-45e8-9a71-d592388fda99", "time": "2022-10-20T17:44:44Z", "device_manufacturer": "samsung", "device_model": "SM-T870", "device_callsign": "Galaxy Tab S7 - Wagner", "mac_address": "02:00:00:00:00:00", "extension": "wav", "data_type": "audio", "sample_rate": 44100, "events": [{"classifications": ["likely_door"], "confidences": [0.752489447593689], "location": {"start": 0, "end": 9}, "labels": ["door"]}, {"classifications": ["door"], "confidences": [0.9959535002708435], "location": {"start": 0, "end": 10}, "labels": ["door"]}, {"classifications": ["door"], "confidences": [0.8642150163650513], "location": {"start": 0, "end": 6}, "labels": ["door"]}, {"classifications": ["door"], "confidences": [0.86775141954422], "location": {"start": 0, "end": 13}, "labels": ["door"]}], "labels": ["likely_door", "door"], "confidences": [0.752489447593689, 0.9959535002708435], "s3_bucket": "pi-zero-audio-data", "audio": "https://pi-zero-audio-data.s3.us-east-2.amazonaws.com/Galaxy_Tab_S7_-_Wagner/2022-12-01/door/6b9f1876-bd05-45e8-9a71-d592388fda99.wav", "object_key": "Galaxy_Tab_S7_-_Wagner/2022-12-01/door/6b9f1876-bd05-45e8-9a71-d592388fda99.wav", "json_key": "Galaxy_Tab_S7_-_Wagner/2022-12-01/door/6b9f1876-bd05-45e8-9a71-d592388fda99.json", "autolabels": {"YAMNet_aggregate": [{"location": {"start": 0.0, "end": 0.0}, "classifications": ["Silence"], "labels": ["Silence"], "confidences": [1.0], "model": "TF-YAMNet-V1", "inf_time": 0.036432}], "YAMNet": [{"location": {"start": 0.0, "end": 0.96}, "classifications": ["Silence"], "labels": ["Silence"], "confidences": [1.0], "model": "TF-YAMNet-V1", "inf_time": 0.036432}]}}