{"filename": "6dc71fe6-c1a7-45ba-a93b-d2c3f4eff514", "time": "2022-10-20T18:21:14Z", "device_manufacturer": "samsung", "device_model": "SM-T870", "device_callsign": "Galaxy Tab S7 - Wagner", "mac_address": "02:00:00:00:00:00", "extension": "wav", "data_type": "audio", "sample_rate": 44100, "events": [{"classifications": ["door"], "confidences": [0.9848495721817017], "location": {"start": 0, "end": 8}, "labels": ["door"]}, {"classifications": ["door"], "confidences": [0.9861395955085754], "location": {"start": 0, "end": 14}, "labels": ["door"]}], "labels": ["door"], "confidences": [0.9861395955085754], "s3_bucket": "pi-zero-audio-data", "audio": "https://pi-zero-audio-data.s3.us-east-2.amazonaws.com/Galaxy_Tab_S7_-_Wagner/2022-12-01/door/6dc71fe6-c1a7-45ba-a93b-d2c3f4eff514.wav", "object_key": "Galaxy_Tab_S7_-_Wagner/2022-12-01/door/6dc71fe6-c1a7-45ba-a93b-d2c3f4eff514.wav", "json_key": "Galaxy_Tab_S7_-_Wagner/2022-12-01/door/6dc71fe6-c1a7-45ba-a93b-d2c3f4eff514.json", "autolabels": {"YAMNet_aggregate": [{"location": {"start": 0.0, "end": 2.0}, "classifications": ["Glass", "Chink, clink", "Cutlery, silverware", "Dishes, pots, and pans", "Animal"], "labels": ["Glass", "Chink, clink", "Cutlery, silverware", "Dishes, pots, and pans", "Animal"], "confidences": [0.22360660135746002, 0.20881234109401703, 0.13910236954689026, 0.13769939541816711, 0.10749438405036926], "model": "TF-YAMNet-V1", "inf_time": 0.048844}], "YAMNet": [{"location": {"start": 0.0, "end": 0.96}, "classifications": ["Music", "Glass", "Inside, large room or hall"], "labels": ["Music", "Glass", "Inside, large room or hall"], "confidences": [0.13679802417755127, 0.09560797363519669, 0.06814411282539368], "model": "TF-YAMNet-V1", "inf_time": 0.012211}, {"location": {"start": 0.48, "end": 1.44}, "classifications": ["Chink, clink", "Glass", "Cutlery, silverware"], "labels": ["Chink, clink", "Glass", "Cutlery, silverware"], "confidences": [0.8073030710220337, 0.7812654972076416, 0.5554845333099365], "model": "TF-YAMNet-V1", "inf_time": 0.012211}, {"location": {"start": 0.96, "end": 1.92}, "classifications": ["Mouse", "Rodents, rats, mice", "Animal"], "labels": ["Mouse", "Rodents, rats, mice", "Animal"], "confidences": [0.16903580725193024, 0.14866825938224792, 0.13006649911403656], "model": "TF-YAMNet-V1", "inf_time": 0.012211}, {"location": {"start": 1.44, "end": 2.4}, "classifications": ["Animal", "Wild animals", "Pigeon, dove"], "labels": ["Animal", "Wild animals", "Pigeon, dove"], "confidences": [0.29723283648490906, 0.2760032117366791, 0.2735230624675751], "model": "TF-YAMNet-V1", "inf_time": 0.012211}]}}