{"filename": "6fd64d09-e92e-4ce0-828a-6d18388f6c24", "time": "2022-10-26T22:49:55Z", "device_manufacturer": "samsung", "device_model": "SM-T870", "device_callsign": "Galaxy Tab S7 - Wagner", "mac_address": "02:00:00:00:00:00", "extension": "wav", "data_type": "audio", "sample_rate": 44100, "events": [{"classifications": ["likely_door"], "confidences": [0.7870239615440369], "location": {"start": 0, "end": 9}, "labels": ["door"]}, {"classifications": ["unknown"], "confidences": [0.48847371339797974], "location": {"start": 0, "end": 9}, "labels": ["door"]}, {"classifications": ["door"], "confidences": [0.9981489777565002], "location": {"start": 0, "end": 10}, "labels": ["door"]}, {"classifications": ["door"], "confidences": [0.9890812039375305], "location": {"start": 0, "end": 10}, "labels": ["door"]}], "labels": ["likely_door", "unknown", "door"], "confidences": [0.7870239615440369, 0.48847371339797974, 0.9981489777565002], "s3_bucket": "pi-zero-audio-data", "audio": "https://pi-zero-audio-data.s3.us-east-2.amazonaws.com/Galaxy_Tab_S7_-_Wagner/2022-12-01/door/6fd64d09-e92e-4ce0-828a-6d18388f6c24.wav", "object_key": "Galaxy_Tab_S7_-_Wagner/2022-12-01/door/6fd64d09-e92e-4ce0-828a-6d18388f6c24.wav", "json_key": "Galaxy_Tab_S7_-_Wagner/2022-12-01/door/6fd64d09-e92e-4ce0-828a-6d18388f6c24.json", "autolabels": {"YAMNet_aggregate": [{"location": {"start": 0.0, "end": 6.0}, "classifications": ["Sliding door", "Inside, small room", "Dishes, pots, and pans", "Door", "Inside, large room or hall"], "labels": ["Sliding door", "Inside, small room", "Dishes, pots, and pans", "Door", "Inside, large room or hall"], "confidences": [0.15065054595470428, 0.14158400893211365, 0.09102363139390945, 0.0806046649813652, 0.05749243497848511], "model": "TF-YAMNet-V1", "inf_time": 0.047609}], "YAMNet": [{"location": {"start": 0.0, "end": 0.96}, "classifications": ["Sliding door", "Inside, small room", "Door"], "labels": ["Sliding door", "Inside, small room", "Door"], "confidences": [0.31375259160995483, 0.23230396211147308, 0.17099563777446747], "model": "TF-YAMNet-V1", "inf_time": 0.003967}, {"location": {"start": 0.48, "end": 1.44}, "classifications": ["Dishes, pots, and pans", "Cutlery, silverware", "Inside, small room"], "labels": ["Dishes, pots, and pans", "Cutlery, silverware", "Inside, small room"], "confidences": [0.47173404693603516, 0.3244519531726837, 0.2389715164899826], "model": "TF-YAMNet-V1", "inf_time": 0.003967}, {"location": {"start": 0.96, "end": 1.92}, "classifications": ["Speech", "Sliding door", "Door"], "labels": ["Speech", "Sliding door", "Door"], "confidences": [0.24188588559627533, 0.1950269639492035, 0.14255942404270172], "model": "TF-YAMNet-V1", "inf_time": 0.003967}, {"location": {"start": 1.44, "end": 2.4}, "classifications": ["Keys jangling", "Camera", "Outside, urban or manmade"], "labels": ["Keys jangling", "Camera", "Outside, urban or manmade"], "confidences": [0.147335022687912, 0.08684524893760681, 0.06113763898611069], "model": "TF-YAMNet-V1", "inf_time": 0.003967}, {"location": {"start": 1.92, "end": 2.88}, "classifications": ["Speech", "Inside, small room", "Inside, large room or hall"], "labels": ["Speech", "Inside, small room", "Inside, large room or hall"], "confidences": [0.08088498562574387, 0.05949482321739197, 0.059348899871110916], "model": "TF-YAMNet-V1", "inf_time": 0.003967}, {"location": {"start": 2.4, "end": 3.36}, "classifications": ["Walk, footsteps", "Inside, large room or hall"], "labels": ["Walk, footsteps", "Inside, large room or hall"], "confidences": [0.058068301528692245, 0.05789867043495178], "model": "TF-YAMNet-V1", "inf_time": 0.003967}, {"location": {"start": 2.88, "end": 3.84}, "classifications": ["Sliding door", "Inside, small room", "Dishes, pots, and pans"], "labels": ["Sliding door", "Inside, small room", "Dishes, pots, and pans"], "confidences": [0.18563778698444366, 0.1535160392522812, 0.09346463531255722], "model": "TF-YAMNet-V1", "inf_time": 0.003967}, {"location": {"start": 3.36, "end": 4.32}, "classifications": ["Sliding door", "Dishes, pots, and pans", "Door"], "labels": ["Sliding door", "Dishes, pots, and pans", "Door"], "confidences": [0.37971872091293335, 0.31230682134628296, 0.19645732641220093], "model": "TF-YAMNet-V1", "inf_time": 0.003967}, {"location": {"start": 3.84, "end": 4.8}, "classifications": ["Sliding door", "Microwave oven", "Inside, small room"], "labels": ["Sliding door", "Microwave oven", "Inside, small room"], "confidences": [0.47140219807624817, 0.2532188594341278, 0.22308993339538574], "model": "TF-YAMNet-V1", "inf_time": 0.003967}, {"location": {"start": 4.32, "end": 5.28}, "classifications": ["Inside, small room", "Inside, large room or hall"], "labels": ["Inside, small room", "Inside, large room or hall"], "confidences": [0.2454356551170349, 0.06801849603652954], "model": "TF-YAMNet-V1", "inf_time": 0.003967}, {"location": {"start": 4.8, "end": 5.76}, "classifications": ["Inside, small room", "Speech"], "labels": ["Inside, small room", "Speech"], "confidences": [0.12334446609020233, 0.08243723958730698], "model": "TF-YAMNet-V1", "inf_time": 0.003967}, {"location": {"start": 5.28, "end": 6.24}, "classifications": ["Sliding door", "Inside, small room", "Mechanical fan"], "labels": ["Sliding door", "Inside, small room", "Mechanical fan"], "confidences": [0.14847484230995178, 0.11961255967617035, 0.09728056192398071], "model": "TF-YAMNet-V1", "inf_time": 0.003967}]}}