{"filename": "6fdd4ba1-ebe1-4678-a0fe-dc001b20fc41", "time": "2022-10-27T16:36:12Z", "device_manufacturer": "samsung", "device_model": "SM-T870", "device_callsign": "Galaxy Tab S7 - Wagner", "mac_address": "02:00:00:00:00:00", "extension": "wav", "data_type": "audio", "sample_rate": 44100, "events": [{"classifications": ["door"], "confidences": [0.9677814841270447], "location": {"start": 0, "end": 10}, "labels": ["door"]}, {"classifications": ["voices"], "confidences": [0.9205700755119324], "location": {"start": 0, "end": 11}, "labels": ["voices"]}], "labels": ["door", "voices"], "confidences": [0.9677814841270447, 0.9205700755119324], "s3_bucket": "pi-zero-audio-data", "audio": "https://pi-zero-audio-data.s3.us-east-2.amazonaws.com/Galaxy_Tab_S7_-_Wagner/2022-12-01/door/6fdd4ba1-ebe1-4678-a0fe-dc001b20fc41.wav", "object_key": "Galaxy_Tab_S7_-_Wagner/2022-12-01/door/6fdd4ba1-ebe1-4678-a0fe-dc001b20fc41.wav", "json_key": "Galaxy_Tab_S7_-_Wagner/2022-12-01/door/6fdd4ba1-ebe1-4678-a0fe-dc001b20fc41.json", "autolabels": {"YAMNet_aggregate": [{"location": {"start": 0.0, "end": 2.0}, "classifications": ["Speech", "Snort", "Inside, small room"], "labels": ["Speech", "Snort", "Inside, small room"], "confidences": [0.3761387765407562, 0.07539712637662888, 0.0656636580824852], "model": "TF-YAMNet-V1", "inf_time": 0.040093}], "YAMNet": [{"location": {"start": 0.0, "end": 0.96}, "classifications": ["Snort", "Breathing", "Speech"], "labels": ["Snort", "Breathing", "Speech"], "confidences": [0.24047337472438812, 0.12239697575569153, 0.10658404976129532], "model": "TF-YAMNet-V1", "inf_time": 0.010023}, {"location": {"start": 0.48, "end": 1.44}, "classifications": ["Inside, small room", "Inside, large room or hall", "Sliding door"], "labels": ["Inside, small room", "Inside, large room or hall", "Sliding door"], "confidences": [0.17580454051494598, 0.07209651172161102, 0.07085611671209335], "model": "TF-YAMNet-V1", "inf_time": 0.010023}, {"location": {"start": 0.96, "end": 1.92}, "classifications": ["Speech"], "labels": ["Speech"], "confidences": [0.6630102396011353], "model": "TF-YAMNet-V1", "inf_time": 0.010023}, {"location": {"start": 1.44, "end": 2.4}, "classifications": ["Speech"], "labels": ["Speech"], "confidences": [0.6673742532730103], "model": "TF-YAMNet-V1", "inf_time": 0.010023}]}}