{"filename": "730519f1-f1cd-4422-9d9b-67183152f9b4", "time": "2022-10-27T18:51:20Z", "device_manufacturer": "samsung", "device_model": "SM-T870", "device_callsign": "Galaxy Tab S7 - Wagner", "mac_address": "02:00:00:00:00:00", "extension": "wav", "data_type": "audio", "sample_rate": 44100, "events": [{"classifications": ["door"], "confidences": [0.9239826202392578], "location": {"start": 0, "end": 9}, "labels": ["door"]}, {"classifications": ["likely_door"], "confidences": [0.6622248291969299], "location": {"start": 0, "end": 10}, "labels": ["door"]}], "labels": ["door", "likely_door"], "confidences": [0.9239826202392578, 0.6622248291969299], "s3_bucket": "pi-zero-audio-data", "audio": "https://pi-zero-audio-data.s3.us-east-2.amazonaws.com/Galaxy_Tab_S7_-_Wagner/2022-12-01/door/730519f1-f1cd-4422-9d9b-67183152f9b4.wav", "object_key": "Galaxy_Tab_S7_-_Wagner/2022-12-01/door/730519f1-f1cd-4422-9d9b-67183152f9b4.wav", "json_key": "Galaxy_Tab_S7_-_Wagner/2022-12-01/door/730519f1-f1cd-4422-9d9b-67183152f9b4.json", "autolabels": {"YAMNet_aggregate": [{"location": {"start": 0.0, "end": 2.0}, "classifications": ["Inside, small room", "Squish", "Sliding door", "Keys jangling"], "labels": ["Inside, small room", "Squish", "Sliding door", "Keys jangling"], "confidences": [0.1642020344734192, 0.09562353789806366, 0.08764339983463287, 0.05256141722202301], "model": "TF-YAMNet-V1", "inf_time": 0.059848}], "YAMNet": [{"location": {"start": 0.0, "end": 0.96}, "classifications": ["Inside, small room", "Squish", "Zipper (clothing)"], "labels": ["Inside, small room", "Squish", "Zipper (clothing)"], "confidences": [0.33867934346199036, 0.21383845806121826, 0.17330750823020935], "model": "TF-YAMNet-V1", "inf_time": 0.014962}, {"location": {"start": 0.48, "end": 1.44}, "classifications": ["Inside, small room", "Keys jangling", "Squish"], "labels": ["Inside, small room", "Keys jangling", "Squish"], "confidences": [0.16131643950939178, 0.1594386249780655, 0.12765154242515564], "model": "TF-YAMNet-V1", "inf_time": 0.014962}, {"location": {"start": 0.96, "end": 1.92}, "classifications": ["Animal", "Inside, small room", "Vehicle"], "labels": ["Animal", "Inside, small room", "Vehicle"], "confidences": [0.11725451797246933, 0.09958358108997345, 0.06169085204601288], "model": "TF-YAMNet-V1", "inf_time": 0.014962}, {"location": {"start": 1.44, "end": 2.4}, "classifications": ["Sliding door", "Mechanisms", "Inside, small room"], "labels": ["Sliding door", "Mechanisms", "Inside, small room"], "confidences": [0.1772303283214569, 0.07354651391506195, 0.05722880735993385], "model": "TF-YAMNet-V1", "inf_time": 0.014962}]}}