{"filename": "7380da76-55e1-4a97-a275-759443d1d8b6", "time": "2022-10-26T20:20:48Z", "device_manufacturer": "samsung", "device_model": "SM-T870", "device_callsign": "Galaxy Tab S7 - Wagner", "mac_address": "02:00:00:00:00:00", "extension": "wav", "data_type": "audio", "sample_rate": 44100, "events": [{"classifications": ["door"], "confidences": [0.9894437193870544], "location": {"start": 0, "end": 9}, "labels": ["door"]}], "labels": ["door"], "confidences": [0.9894437193870544], "s3_bucket": "pi-zero-audio-data", "audio": "https://pi-zero-audio-data.s3.us-east-2.amazonaws.com/Galaxy_Tab_S7_-_Wagner/2022-12-01/door/7380da76-55e1-4a97-a275-759443d1d8b6.wav", "object_key": "Galaxy_Tab_S7_-_Wagner/2022-12-01/door/7380da76-55e1-4a97-a275-759443d1d8b6.wav", "json_key": "Galaxy_Tab_S7_-_Wagner/2022-12-01/door/7380da76-55e1-4a97-a275-759443d1d8b6.json", "autolabels": {"YAMNet_aggregate": [{"location": {"start": 0.0, "end": 0.0}, "classifications": ["Silence"], "labels": ["Silence"], "confidences": [1.0], "model": "TF-YAMNet-V1", "inf_time": 0.047832}], "YAMNet": [{"location": {"start": 0.0, "end": 0.96}, "classifications": ["Silence"], "labels": ["Silence"], "confidences": [1.0], "model": "TF-YAMNet-V1", "inf_time": 0.047832}]}}