{"filename": "74737aec-7006-4340-9e72-515eca7a4656", "time": "2022-10-27T16:41:06Z", "device_manufacturer": "samsung", "device_model": "SM-T870", "device_callsign": "Galaxy Tab S7 - Wagner", "mac_address": "02:00:00:00:00:00", "extension": "wav", "data_type": "audio", "sample_rate": 44100, "events": [{"classifications": ["likely_door"], "confidences": [0.7273728251457214], "location": {"start": 0, "end": 13}, "labels": ["door"]}, {"classifications": ["door"], "confidences": [0.9992427229881287], "location": {"start": 0, "end": 9}, "labels": ["door"]}, {"classifications": ["door"], "confidences": [0.997146725654602], "location": {"start": 0, "end": 12}, "labels": ["door"]}, {"classifications": ["door"], "confidences": [0.9699872732162476], "location": {"start": 0, "end": 16}, "labels": ["door"]}], "labels": ["likely_door", "door"], "confidences": [0.7273728251457214, 0.9992427229881287], "s3_bucket": "pi-zero-audio-data", "audio": "https://pi-zero-audio-data.s3.us-east-2.amazonaws.com/Galaxy_Tab_S7_-_Wagner/2022-12-01/door/74737aec-7006-4340-9e72-515eca7a4656.wav", "object_key": "Galaxy_Tab_S7_-_Wagner/2022-12-01/door/74737aec-7006-4340-9e72-515eca7a4656.wav", "json_key": "Galaxy_Tab_S7_-_Wagner/2022-12-01/door/74737aec-7006-4340-9e72-515eca7a4656.json", "autolabels": {"YAMNet_aggregate": [{"location": {"start": 0.0, "end": 0.0}, "classifications": ["Silence"], "labels": ["Silence"], "confidences": [1.0], "model": "TF-YAMNet-V1", "inf_time": 0.036705}], "YAMNet": [{"location": {"start": 0.0, "end": 0.96}, "classifications": ["Silence"], "labels": ["Silence"], "confidences": [1.0], "model": "TF-YAMNet-V1", "inf_time": 0.036705}]}}