{"filename": "77b3d273-366f-4b83-8b8b-fd482a7af430", "time": "2022-10-27T19:06:35Z", "device_manufacturer": "samsung", "device_model": "SM-T870", "device_callsign": "Galaxy Tab S7 - Wagner", "mac_address": "02:00:00:00:00:00", "extension": "wav", "data_type": "audio", "sample_rate": 44100, "events": [{"classifications": ["door"], "confidences": [0.9138040542602539], "location": {"start": 0, "end": 15}, "labels": ["door"]}, {"classifications": ["door"], "confidences": [0.8762949705123901], "location": {"start": 0, "end": 9}, "labels": ["door"]}], "labels": ["door"], "confidences": [0.9138040542602539], "s3_bucket": "pi-zero-audio-data", "audio": "https://pi-zero-audio-data.s3.us-east-2.amazonaws.com/Galaxy_Tab_S7_-_Wagner/2022-12-01/door/77b3d273-366f-4b83-8b8b-fd482a7af430.wav", "object_key": "Galaxy_Tab_S7_-_Wagner/2022-12-01/door/77b3d273-366f-4b83-8b8b-fd482a7af430.wav", "json_key": "Galaxy_Tab_S7_-_Wagner/2022-12-01/door/77b3d273-366f-4b83-8b8b-fd482a7af430.json", "autolabels": {"YAMNet_aggregate": [{"location": {"start": 0.0, "end": 2.0}, "classifications": ["Wild animals", "Animal", "Pigeon, dove", "Bird", "Inside, small room"], "labels": ["Wild animals", "Animal", "Pigeon, dove", "Bird", "Inside, small room"], "confidences": [0.1497611701488495, 0.12307433784008026, 0.1127038225531578, 0.11027421802282333, 0.0792929083108902], "model": "TF-YAMNet-V1", "inf_time": 0.061157}], "YAMNet": [{"location": {"start": 0.0, "end": 0.96}, "classifications": ["Bird", "Wild animals", "Pigeon, dove"], "labels": ["Bird", "Wild animals", "Pigeon, dove"], "confidences": [0.2794381082057953, 0.277484267950058, 0.2622402012348175], "model": "TF-YAMNet-V1", "inf_time": 0.015289}, {"location": {"start": 0.48, "end": 1.44}, "classifications": ["Pigeon, dove", "Animal", "Wild animals"], "labels": ["Pigeon, dove", "Animal", "Wild animals"], "confidences": [0.12975122034549713, 0.11732366681098938, 0.11484728008508682], "model": "TF-YAMNet-V1", "inf_time": 0.015289}, {"location": {"start": 0.96, "end": 1.92}, "classifications": ["Wild animals", "Animal", "Inside, small room"], "labels": ["Wild animals", "Animal", "Inside, small room"], "confidences": [0.14537310600280762, 0.13239450752735138, 0.0759367123246193], "model": "TF-YAMNet-V1", "inf_time": 0.015289}, {"location": {"start": 1.44, "end": 2.4}, "classifications": ["Eruption", "Silence", "Rustle"], "labels": ["Eruption", "Silence", "Rustle"], "confidences": [0.24557901918888092, 0.18980732560157776, 0.17614614963531494], "model": "TF-YAMNet-V1", "inf_time": 0.015289}]}}