{"filename": "79b451e9-722e-4213-a287-61d17a0c85ba", "time": "2022-10-20T17:52:45Z", "device_manufacturer": "samsung", "device_model": "SM-T870", "device_callsign": "Galaxy Tab S7 - Wagner", "mac_address": "02:00:00:00:00:00", "extension": "wav", "data_type": "audio", "sample_rate": 44100, "events": [{"classifications": ["door"], "confidences": [0.955274224281311], "location": {"start": 0, "end": 6}, "labels": ["door"]}], "labels": ["door"], "confidences": [0.955274224281311], "s3_bucket": "pi-zero-audio-data", "audio": "https://pi-zero-audio-data.s3.us-east-2.amazonaws.com/Galaxy_Tab_S7_-_Wagner/2022-12-01/door/79b451e9-722e-4213-a287-61d17a0c85ba.wav", "object_key": "Galaxy_Tab_S7_-_Wagner/2022-12-01/door/79b451e9-722e-4213-a287-61d17a0c85ba.wav", "json_key": "Galaxy_Tab_S7_-_Wagner/2022-12-01/door/79b451e9-722e-4213-a287-61d17a0c85ba.json", "autolabels": {"YAMNet_aggregate": [{"location": {"start": 0.0, "end": 0.0}, "classifications": ["Silence"], "labels": ["Silence"], "confidences": [1.0], "model": "TF-YAMNet-V1", "inf_time": 0.040804}], "YAMNet": [{"location": {"start": 0.0, "end": 0.96}, "classifications": ["Silence"], "labels": ["Silence"], "confidences": [1.0], "model": "TF-YAMNet-V1", "inf_time": 0.040804}]}}