{"filename": "7b31618f-7b44-44ed-8d7a-3df25f31de22", "time": "2022-10-27T01:52:30Z", "device_manufacturer": "samsung", "device_model": "SM-T870", "device_callsign": "Galaxy Tab S7 - Wagner", "mac_address": "02:00:00:00:00:00", "extension": "wav", "data_type": "audio", "sample_rate": 44100, "events": [{"classifications": ["door"], "confidences": [0.9917943477630615], "location": {"start": 0, "end": 8}, "labels": ["door"]}, {"classifications": ["door"], "confidences": [0.9979751110076904], "location": {"start": 0, "end": 12}, "labels": ["door"]}, {"classifications": ["door"], "confidences": [0.9869779348373413], "location": {"start": 0, "end": 10}, "labels": ["door"]}, {"classifications": ["door"], "confidences": [0.9971336722373962], "location": {"start": 0, "end": 9}, "labels": ["door"]}], "labels": ["door"], "confidences": [0.9979751110076904], "s3_bucket": "pi-zero-audio-data", "audio": "https://pi-zero-audio-data.s3.us-east-2.amazonaws.com/Galaxy_Tab_S7_-_Wagner/2022-12-01/door/7b31618f-7b44-44ed-8d7a-3df25f31de22.wav", "object_key": "Galaxy_Tab_S7_-_Wagner/2022-12-01/door/7b31618f-7b44-44ed-8d7a-3df25f31de22.wav", "json_key": "Galaxy_Tab_S7_-_Wagner/2022-12-01/door/7b31618f-7b44-44ed-8d7a-3df25f31de22.json", "autolabels": {"YAMNet_aggregate": [{"location": {"start": 0.0, "end": 6.0}, "classifications": ["Inside, small room", "Sliding door", "Mechanisms", "Dishes, pots, and pans", "Door"], "labels": ["Inside, small room", "Sliding door", "Mechanisms", "Dishes, pots, and pans", "Door"], "confidences": [0.19746942818164825, 0.10596027970314026, 0.08839833736419678, 0.07161837071180344, 0.06248404458165169], "model": "TF-YAMNet-V1", "inf_time": 0.041638}], "YAMNet": [{"location": {"start": 0.0, "end": 0.96}, "classifications": ["Domestic animals, pets", "Animal", "Inside, small room"], "labels": ["Domestic animals, pets", "Animal", "Inside, small room"], "confidences": [0.21176770329475403, 0.20005683600902557, 0.18180033564567566], "model": "TF-YAMNet-V1", "inf_time": 0.00347}, {"location": {"start": 0.48, "end": 1.44}, "classifications": ["Inside, small room", "Sliding door", "Mouse"], "labels": ["Inside, small room", "Sliding door", "Mouse"], "confidences": [0.21470165252685547, 0.18526871502399445, 0.18246620893478394], "model": "TF-YAMNet-V1", "inf_time": 0.00347}, {"location": {"start": 0.96, "end": 1.92}, "classifications": ["Dishes, pots, and pans", "Inside, small room", "Cutlery, silverware"], "labels": ["Dishes, pots, and pans", "Inside, small room", "Cutlery, silverware"], "confidences": [0.17719054222106934, 0.17710566520690918, 0.10258419811725616], "model": "TF-YAMNet-V1", "inf_time": 0.00347}, {"location": {"start": 1.44, "end": 2.4}, "classifications": ["Inside, small room", "Inside, large room or hall", "Speech"], "labels": ["Inside, small room", "Inside, large room or hall", "Speech"], "confidences": [0.12898880243301392, 0.07549906522035599, 0.06326542794704437], "model": "TF-YAMNet-V1", "inf_time": 0.00347}, {"location": {"start": 1.92, "end": 2.88}, "classifications": ["Inside, small room", "Pigeon, dove", "Animal"], "labels": ["Inside, small room", "Pigeon, dove", "Animal"], "confidences": [0.1623607873916626, 0.13469894230365753, 0.11423569917678833], "model": "TF-YAMNet-V1", "inf_time": 0.00347}, {"location": {"start": 2.4, "end": 3.36}, "classifications": ["Tick-tock", "Clock", "Tick"], "labels": ["Tick-tock", "Clock", "Tick"], "confidences": [0.13688024878501892, 0.13309544324874878, 0.11596962809562683], "model": "TF-YAMNet-V1", "inf_time": 0.00347}, {"location": {"start": 2.88, "end": 3.84}, "classifications": ["Mechanisms", "Dishes, pots, and pans", "Cutlery, silverware"], "labels": ["Mechanisms", "Dishes, pots, and pans", "Cutlery, silverware"], "confidences": [0.2538548409938812, 0.20189787447452545, 0.1662420779466629], "model": "TF-YAMNet-V1", "inf_time": 0.00347}, {"location": {"start": 3.36, "end": 4.32}, "classifications": ["Dishes, pots, and pans", "Cutlery, silverware", "Inside, small room"], "labels": ["Dishes, pots, and pans", "Cutlery, silverware", "Inside, small room"], "confidences": [0.28416070342063904, 0.15152797102928162, 0.14601656794548035], "model": "TF-YAMNet-V1", "inf_time": 0.00347}, {"location": {"start": 3.84, "end": 4.8}, "classifications": ["Mechanisms", "Inside, small room", "Printer"], "labels": ["Mechanisms", "Inside, small room", "Printer"], "confidences": [0.2715440094470978, 0.26307010650634766, 0.15900938212871552], "model": "TF-YAMNet-V1", "inf_time": 0.00347}, {"location": {"start": 4.32, "end": 5.28}, "classifications": ["Inside, small room"], "labels": ["Inside, small room"], "confidences": [0.5940461158752441], "model": "TF-YAMNet-V1", "inf_time": 0.00347}, {"location": {"start": 4.8, "end": 5.76}, "classifications": ["Sliding door", "Inside, small room", "Door"], "labels": ["Sliding door", "Inside, small room", "Door"], "confidences": [0.32349976897239685, 0.18586860597133636, 0.13557103276252747], "model": "TF-YAMNet-V1", "inf_time": 0.00347}, {"location": {"start": 5.28, "end": 6.24}, "classifications": ["Sliding door", "Door", "Vehicle"], "labels": ["Sliding door", "Door", "Vehicle"], "confidences": [0.44962170720100403, 0.1501886546611786, 0.09617830812931061], "model": "TF-YAMNet-V1", "inf_time": 0.00347}]}}