{"filename": "7e998a9c-d688-4296-a112-5cc53c299b0c", "time": "2022-10-27T17:50:34Z", "device_manufacturer": "samsung", "device_model": "SM-T870", "device_callsign": "Galaxy Tab S7 - Wagner", "mac_address": "02:00:00:00:00:00", "extension": "wav", "data_type": "audio", "sample_rate": 44100, "events": [{"classifications": ["door"], "confidences": [0.9915997982025146], "location": {"start": 0, "end": 12}, "labels": ["door"]}, {"classifications": ["door"], "confidences": [0.971508800983429], "location": {"start": 0, "end": 12}, "labels": ["door"]}, {"classifications": ["likely_door"], "confidences": [0.7375863790512085], "location": {"start": 0, "end": 11}, "labels": ["door"]}], "labels": ["door", "likely_door"], "confidences": [0.9915997982025146, 0.7375863790512085], "s3_bucket": "pi-zero-audio-data", "audio": "https://pi-zero-audio-data.s3.us-east-2.amazonaws.com/Galaxy_Tab_S7_-_Wagner/2022-12-01/door/7e998a9c-d688-4296-a112-5cc53c299b0c.wav", "object_key": "Galaxy_Tab_S7_-_Wagner/2022-12-01/door/7e998a9c-d688-4296-a112-5cc53c299b0c.wav", "json_key": "Galaxy_Tab_S7_-_Wagner/2022-12-01/door/7e998a9c-d688-4296-a112-5cc53c299b0c.json", "autolabels": {"YAMNet_aggregate": [{"location": {"start": 0.0, "end": 4.0}, "classifications": ["Inside, small room", "Typing", "Computer keyboard"], "labels": ["Inside, small room", "Typing", "Computer keyboard"], "confidences": [0.2545483708381653, 0.1307215690612793, 0.09193584322929382], "model": "TF-YAMNet-V1", "inf_time": 0.077729}], "YAMNet": [{"location": {"start": 0.0, "end": 0.96}, "classifications": ["Inside, small room", "Fire", "Crackle"], "labels": ["Inside, small room", "Fire", "Crackle"], "confidences": [0.1716795265674591, 0.12235172092914581, 0.11476446688175201], "model": "TF-YAMNet-V1", "inf_time": 0.009716}, {"location": {"start": 0.48, "end": 1.44}, "classifications": ["Inside, small room", "Crushing", "Shuffling cards"], "labels": ["Inside, small room", "Crushing", "Shuffling cards"], "confidences": [0.2999204397201538, 0.12651100754737854, 0.12332810461521149], "model": "TF-YAMNet-V1", "inf_time": 0.009716}, {"location": {"start": 0.96, "end": 1.92}, "classifications": ["Inside, small room", "Speech"], "labels": ["Inside, small room", "Speech"], "confidences": [0.3512043058872223, 0.06492991745471954], "model": "TF-YAMNet-V1", "inf_time": 0.009716}, {"location": {"start": 1.44, "end": 2.4}, "classifications": ["Inside, small room", "Typing"], "labels": ["Inside, small room", "Typing"], "confidences": [0.2965611219406128, 0.08138872683048248], "model": "TF-YAMNet-V1", "inf_time": 0.009716}, {"location": {"start": 1.92, "end": 2.88}, "classifications": ["Inside, small room", "Shuffling cards", "Crackle"], "labels": ["Inside, small room", "Shuffling cards", "Crackle"], "confidences": [0.321163535118103, 0.05872558057308197, 0.05279222130775452], "model": "TF-YAMNet-V1", "inf_time": 0.009716}, {"location": {"start": 2.4, "end": 3.36}, "classifications": ["Typing", "Computer keyboard", "Inside, small room"], "labels": ["Typing", "Computer keyboard", "Inside, small room"], "confidences": [0.5114672780036926, 0.3475639820098877, 0.18161562085151672], "model": "TF-YAMNet-V1", "inf_time": 0.009716}, {"location": {"start": 2.88, "end": 3.84}, "classifications": ["Inside, small room", "Typing", "Computer keyboard"], "labels": ["Inside, small room", "Typing", "Computer keyboard"], "confidences": [0.37984830141067505, 0.35930201411247253, 0.299735963344574], "model": "TF-YAMNet-V1", "inf_time": 0.009716}, {"location": {"start": 3.36, "end": 4.32}, "classifications": ["Rattle", "Keys jangling", "Snake"], "labels": ["Rattle", "Keys jangling", "Snake"], "confidences": [0.14123311638832092, 0.1208723783493042, 0.07891521602869034], "model": "TF-YAMNet-V1", "inf_time": 0.009716}]}}