{"filename": "826359e8-cc19-4c07-81f3-a9da60c30307", "time": "2022-10-27T18:51:32Z", "device_manufacturer": "samsung", "device_model": "SM-T870", "device_callsign": "Galaxy Tab S7 - Wagner", "mac_address": "02:00:00:00:00:00", "extension": "wav", "data_type": "audio", "sample_rate": 44100, "events": [{"classifications": ["door"], "confidences": [0.9789372682571411], "location": {"start": 0, "end": 10}, "labels": ["door"]}, {"classifications": ["door"], "confidences": [0.9719540476799011], "location": {"start": 0, "end": 9}, "labels": ["door"]}], "labels": ["door"], "confidences": [0.9789372682571411], "s3_bucket": "pi-zero-audio-data", "audio": "https://pi-zero-audio-data.s3.us-east-2.amazonaws.com/Galaxy_Tab_S7_-_Wagner/2022-12-01/door/826359e8-cc19-4c07-81f3-a9da60c30307.wav", "object_key": "Galaxy_Tab_S7_-_Wagner/2022-12-01/door/826359e8-cc19-4c07-81f3-a9da60c30307.wav", "json_key": "Galaxy_Tab_S7_-_Wagner/2022-12-01/door/826359e8-cc19-4c07-81f3-a9da60c30307.json", "autolabels": {"YAMNet_aggregate": [{"location": {"start": 0.0, "end": 2.0}, "classifications": ["Inside, small room", "Glass", "Door", "Rustle", "Dishes, pots, and pans"], "labels": ["Inside, small room", "Glass", "Door", "Rustle", "Dishes, pots, and pans"], "confidences": [0.2221587896347046, 0.07380136847496033, 0.0685243010520935, 0.05439909175038338, 0.05333792790770531], "model": "TF-YAMNet-V1", "inf_time": 0.048835}], "YAMNet": [{"location": {"start": 0.0, "end": 0.96}, "classifications": ["Glass", "Chink, clink", "Dishes, pots, and pans"], "labels": ["Glass", "Chink, clink", "Dishes, pots, and pans"], "confidences": [0.2335788458585739, 0.165227010846138, 0.15975220501422882], "model": "TF-YAMNet-V1", "inf_time": 0.012209}, {"location": {"start": 0.48, "end": 1.44}, "classifications": ["Inside, small room", "Door", "Sliding door"], "labels": ["Inside, small room", "Door", "Sliding door"], "confidences": [0.2964106798171997, 0.1491747945547104, 0.0768248438835144], "model": "TF-YAMNet-V1", "inf_time": 0.012209}, {"location": {"start": 0.96, "end": 1.92}, "classifications": ["Inside, small room", "Mechanical fan"], "labels": ["Inside, small room", "Mechanical fan"], "confidences": [0.44135501980781555, 0.061544060707092285], "model": "TF-YAMNet-V1", "inf_time": 0.012209}, {"location": {"start": 1.44, "end": 2.4}, "classifications": ["Rustle", "Thunderstorm", "Wind"], "labels": ["Rustle", "Thunderstorm", "Wind"], "confidences": [0.18550434708595276, 0.12627646327018738, 0.12158573418855667], "model": "TF-YAMNet-V1", "inf_time": 0.012209}]}}