{"filename": "828e38ec-5388-4d0d-bf18-47e46c62b586", "time": "2022-10-20T18:54:28Z", "device_manufacturer": "samsung", "device_model": "SM-T870", "device_callsign": "Galaxy Tab S7 - Wagner", "mac_address": "02:00:00:00:00:00", "extension": "wav", "data_type": "audio", "sample_rate": 44100, "events": [{"classifications": ["likely_door"], "confidences": [0.5652804374694824], "location": {"start": 0, "end": 9}, "labels": ["door"]}, {"classifications": ["door"], "confidences": [0.9932701587677002], "location": {"start": 0, "end": 14}, "labels": ["door"]}, {"classifications": ["door"], "confidences": [0.8981574773788452], "location": {"start": 0, "end": 7}, "labels": ["door"]}, {"classifications": ["door"], "confidences": [0.903816819190979], "location": {"start": 0, "end": 14}, "labels": ["door"]}], "labels": ["likely_door", "door"], "confidences": [0.5652804374694824, 0.9932701587677002], "s3_bucket": "pi-zero-audio-data", "audio": "https://pi-zero-audio-data.s3.us-east-2.amazonaws.com/Galaxy_Tab_S7_-_Wagner/2022-12-01/door/828e38ec-5388-4d0d-bf18-47e46c62b586.wav", "object_key": "Galaxy_Tab_S7_-_Wagner/2022-12-01/door/828e38ec-5388-4d0d-bf18-47e46c62b586.wav", "json_key": "Galaxy_Tab_S7_-_Wagner/2022-12-01/door/828e38ec-5388-4d0d-bf18-47e46c62b586.json", "autolabels": {"YAMNet_aggregate": [{"location": {"start": 0.0, "end": 6.0}, "classifications": ["Inside, small room", "Sliding door", "Glass", "Inside, large room or hall", "Mechanical fan"], "labels": ["Inside, small room", "Sliding door", "Glass", "Inside, large room or hall", "Mechanical fan"], "confidences": [0.13594594597816467, 0.11530039459466934, 0.07508990913629532, 0.06718702614307404, 0.06028197705745697], "model": "TF-YAMNet-V1", "inf_time": 0.078429}], "YAMNet": [{"location": {"start": 0.0, "end": 0.96}, "classifications": ["Sliding door", "Inside, small room", "Door"], "labels": ["Sliding door", "Inside, small room", "Door"], "confidences": [0.6269105076789856, 0.21563653647899628, 0.21203121542930603], "model": "TF-YAMNet-V1", "inf_time": 0.006536}, {"location": {"start": 0.48, "end": 1.44}, "classifications": ["Inside, small room", "Sliding door", "Keys jangling"], "labels": ["Inside, small room", "Sliding door", "Keys jangling"], "confidences": [0.10966707766056061, 0.08293157070875168, 0.0653194934129715], "model": "TF-YAMNet-V1", "inf_time": 0.006536}, {"location": {"start": 0.96, "end": 1.92}, "classifications": ["Glass", "Chink, clink", "Music"], "labels": ["Glass", "Chink, clink", "Music"], "confidences": [0.2239435315132141, 0.14348477125167847, 0.11397271603345871], "model": "TF-YAMNet-V1", "inf_time": 0.006536}, {"location": {"start": 1.44, "end": 2.4}, "classifications": ["Inside, small room"], "labels": ["Inside, small room"], "confidences": [0.0555797815322876], "model": "TF-YAMNet-V1", "inf_time": 0.006536}, {"location": {"start": 1.92, "end": 2.88}, "classifications": ["Glass", "Chink, clink", "Squish"], "labels": ["Glass", "Chink, clink", "Squish"], "confidences": [0.45501580834388733, 0.4104427397251129, 0.11866901814937592], "model": "TF-YAMNet-V1", "inf_time": 0.006536}, {"location": {"start": 2.4, "end": 3.36}, "classifications": ["Glass", "Squish", "Sliding door"], "labels": ["Glass", "Squish", "Sliding door"], "confidences": [0.1650841385126114, 0.14622095227241516, 0.1258859485387802], "model": "TF-YAMNet-V1", "inf_time": 0.006536}, {"location": {"start": 2.88, "end": 3.84}, "classifications": ["Inside, small room", "Rodents, rats, mice", "Mechanical fan"], "labels": ["Inside, small room", "Rodents, rats, mice", "Mechanical fan"], "confidences": [0.25330424308776855, 0.1425822526216507, 0.14073306322097778], "model": "TF-YAMNet-V1", "inf_time": 0.006536}, {"location": {"start": 3.36, "end": 4.32}, "classifications": ["Inside, small room", "Vehicle", "Inside, large room or hall"], "labels": ["Inside, small room", "Vehicle", "Inside, large room or hall"], "confidences": [0.11892858892679214, 0.1109364852309227, 0.10782956331968307], "model": "TF-YAMNet-V1", "inf_time": 0.006536}, {"location": {"start": 3.84, "end": 4.8}, "classifications": ["Sliding door", "Animal", "Inside, small room"], "labels": ["Sliding door", "Animal", "Inside, small room"], "confidences": [0.26211297512054443, 0.15789052844047546, 0.12513665854930878], "model": "TF-YAMNet-V1", "inf_time": 0.006536}, {"location": {"start": 4.32, "end": 5.28}, "classifications": ["Inside, small room", "Inside, large room or hall"], "labels": ["Inside, small room", "Inside, large room or hall"], "confidences": [0.19893448054790497, 0.05208555981516838], "model": "TF-YAMNet-V1", "inf_time": 0.006536}, {"location": {"start": 4.8, "end": 5.76}, "classifications": ["Inside, small room", "Inside, large room or hall", "Clip-clop"], "labels": ["Inside, small room", "Inside, large room or hall", "Clip-clop"], "confidences": [0.224859356880188, 0.10912297666072845, 0.10072668641805649], "model": "TF-YAMNet-V1", "inf_time": 0.006536}, {"location": {"start": 5.28, "end": 6.24}, "classifications": ["Mechanical fan", "White noise", "Mechanisms"], "labels": ["Mechanical fan", "White noise", "Mechanisms"], "confidences": [0.21773862838745117, 0.09833360463380814, 0.0944281816482544], "model": "TF-YAMNet-V1", "inf_time": 0.006536}]}}