{"filename": "84d55b60-72e1-4a85-81cb-03fb35861bc6", "time": "2022-10-26T19:57:59Z", "device_manufacturer": "samsung", "device_model": "SM-T870", "device_callsign": "Galaxy Tab S7 - Wagner", "mac_address": "02:00:00:00:00:00", "extension": "wav", "data_type": "audio", "sample_rate": 44100, "events": [{"classifications": ["door"], "confidences": [0.9648682475090027], "location": {"start": 0, "end": 9}, "labels": ["door"]}, {"classifications": ["door"], "confidences": [0.9913787841796875], "location": {"start": 0, "end": 9}, "labels": ["door"]}, {"classifications": ["unknown"], "confidences": [0.4516856074333191], "location": {"start": 0, "end": 11}, "labels": ["door"]}, {"classifications": ["likely_door"], "confidences": [0.5896058678627014], "location": {"start": 0, "end": 15}, "labels": ["door"]}], "labels": ["door", "unknown", "likely_door"], "confidences": [0.9913787841796875, 0.4516856074333191, 0.5896058678627014], "s3_bucket": "pi-zero-audio-data", "audio": "https://pi-zero-audio-data.s3.us-east-2.amazonaws.com/Galaxy_Tab_S7_-_Wagner/2022-12-01/door/84d55b60-72e1-4a85-81cb-03fb35861bc6.wav", "object_key": "Galaxy_Tab_S7_-_Wagner/2022-12-01/door/84d55b60-72e1-4a85-81cb-03fb35861bc6.wav", "json_key": "Galaxy_Tab_S7_-_Wagner/2022-12-01/door/84d55b60-72e1-4a85-81cb-03fb35861bc6.json", "autolabels": {"YAMNet_aggregate": [{"location": {"start": 0.0, "end": 6.0}, "classifications": ["Inside, small room", "Sliding door", "Writing", "Rub"], "labels": ["Inside, small room", "Sliding door", "Writing", "Rub"], "confidences": [0.3483293056488037, 0.05903760716319084, 0.05722462758421898, 0.0517004169523716], "model": "TF-YAMNet-V1", "inf_time": 0.051972}], "YAMNet": [{"location": {"start": 0.0, "end": 0.96}, "classifications": ["Inside, small room", "Sliding door", "Mechanisms"], "labels": ["Inside, small room", "Sliding door", "Mechanisms"], "confidences": [0.22383975982666016, 0.21060456335544586, 0.16117921471595764], "model": "TF-YAMNet-V1", "inf_time": 0.004331}, {"location": {"start": 0.48, "end": 1.44}, "classifications": ["Inside, small room", "Inside, large room or hall"], "labels": ["Inside, small room", "Inside, large room or hall"], "confidences": [0.40316808223724365, 0.08507420122623444], "model": "TF-YAMNet-V1", "inf_time": 0.004331}, {"location": {"start": 0.96, "end": 1.92}, "classifications": ["Inside, small room"], "labels": ["Inside, small room"], "confidences": [0.41154366731643677], "model": "TF-YAMNet-V1", "inf_time": 0.004331}, {"location": {"start": 1.44, "end": 2.4}, "classifications": ["Rub", "Writing", "Filing (rasp)"], "labels": ["Rub", "Writing", "Filing (rasp)"], "confidences": [0.23841804265975952, 0.22397218644618988, 0.1551208645105362], "model": "TF-YAMNet-V1", "inf_time": 0.004331}, {"location": {"start": 1.92, "end": 2.88}, "classifications": ["Inside, small room", "Rub", "Writing"], "labels": ["Inside, small room", "Rub", "Writing"], "confidences": [0.39814600348472595, 0.22839497029781342, 0.13639092445373535], "model": "TF-YAMNet-V1", "inf_time": 0.004331}, {"location": {"start": 2.4, "end": 3.36}, "classifications": ["Inside, small room", "Dishes, pots, and pans", "Wood"], "labels": ["Inside, small room", "Dishes, pots, and pans", "Wood"], "confidences": [0.392289400100708, 0.08937183022499084, 0.06137179583311081], "model": "TF-YAMNet-V1", "inf_time": 0.004331}, {"location": {"start": 2.88, "end": 3.84}, "classifications": ["Inside, small room", "Writing", "Pant"], "labels": ["Inside, small room", "Writing", "Pant"], "confidences": [0.3353668749332428, 0.17191143333911896, 0.1423807442188263], "model": "TF-YAMNet-V1", "inf_time": 0.004331}, {"location": {"start": 3.36, "end": 4.32}, "classifications": ["Inside, small room", "Scissors", "Biting"], "labels": ["Inside, small room", "Scissors", "Biting"], "confidences": [0.43463754653930664, 0.1847674399614334, 0.13578300178050995], "model": "TF-YAMNet-V1", "inf_time": 0.004331}, {"location": {"start": 3.84, "end": 4.8}, "classifications": ["Inside, small room", "Door"], "labels": ["Inside, small room", "Door"], "confidences": [0.3095722496509552, 0.06262584775686264], "model": "TF-YAMNet-V1", "inf_time": 0.004331}, {"location": {"start": 4.32, "end": 5.28}, "classifications": ["Inside, small room", "Camera", "Shuffling cards"], "labels": ["Inside, small room", "Camera", "Shuffling cards"], "confidences": [0.4068523347377777, 0.35371190309524536, 0.23826611042022705], "model": "TF-YAMNet-V1", "inf_time": 0.004331}, {"location": {"start": 4.8, "end": 5.76}, "classifications": ["Inside, small room", "Drawer open or close"], "labels": ["Inside, small room", "Drawer open or close"], "confidences": [0.5412886142730713, 0.11202902346849442], "model": "TF-YAMNet-V1", "inf_time": 0.004331}, {"location": {"start": 5.28, "end": 6.24}, "classifications": ["Sliding door", "Inside, small room", "Door"], "labels": ["Sliding door", "Inside, small room", "Door"], "confidences": [0.3830546736717224, 0.1947883516550064, 0.16352714598178864], "model": "TF-YAMNet-V1", "inf_time": 0.004331}]}}