{"filename": "867d8225-5acb-4f85-943a-b83a6fb5a8cf", "time": "2022-10-20T18:45:35Z", "device_manufacturer": "samsung", "device_model": "SM-T870", "device_callsign": "Galaxy Tab S7 - Wagner", "mac_address": "02:00:00:00:00:00", "extension": "wav", "data_type": "audio", "sample_rate": 44100, "events": [{"classifications": ["likely_door"], "confidences": [0.8409393429756165], "location": {"start": 0, "end": 7}, "labels": ["door"]}, {"classifications": ["likely_door"], "confidences": [0.6290076971054077], "location": {"start": 0, "end": 15}, "labels": ["door"]}, {"classifications": ["likely_door"], "confidences": [0.7148029208183289], "location": {"start": 0, "end": 20}, "labels": ["door"]}, {"classifications": ["door"], "confidences": [0.9945143461227417], "location": {"start": 0, "end": 8}, "labels": ["door"]}], "labels": ["likely_door", "door"], "confidences": [0.8409393429756165, 0.9945143461227417], "s3_bucket": "pi-zero-audio-data", "audio": "https://pi-zero-audio-data.s3.us-east-2.amazonaws.com/Galaxy_Tab_S7_-_Wagner/2022-12-01/door/867d8225-5acb-4f85-943a-b83a6fb5a8cf.wav", "object_key": "Galaxy_Tab_S7_-_Wagner/2022-12-01/door/867d8225-5acb-4f85-943a-b83a6fb5a8cf.wav", "json_key": "Galaxy_Tab_S7_-_Wagner/2022-12-01/door/867d8225-5acb-4f85-943a-b83a6fb5a8cf.json", "autolabels": {"YAMNet_aggregate": [{"location": {"start": 0.0, "end": 6.0}, "classifications": ["Inside, small room", "Sliding door", "Door", "Drawer open or close", "Cupboard open or close"], "labels": ["Inside, small room", "Sliding door", "Door", "Drawer open or close", "Cupboard open or close"], "confidences": [0.1664648801088333, 0.12805171310901642, 0.12382880598306656, 0.0902831181883812, 0.06639688462018967], "model": "TF-YAMNet-V1", "inf_time": 0.060052}], "YAMNet": [{"location": {"start": 0.0, "end": 0.96}, "classifications": ["Inside, small room", "Inside, large room or hall"], "labels": ["Inside, small room", "Inside, large room or hall"], "confidences": [0.20944763720035553, 0.05197474732995033], "model": "TF-YAMNet-V1", "inf_time": 0.005004}, {"location": {"start": 0.48, "end": 1.44}, "classifications": ["Drawer open or close", "Inside, small room", "Dishes, pots, and pans"], "labels": ["Drawer open or close", "Inside, small room", "Dishes, pots, and pans"], "confidences": [0.3236786723136902, 0.3163166642189026, 0.15187659859657288], "model": "TF-YAMNet-V1", "inf_time": 0.005004}, {"location": {"start": 0.96, "end": 1.92}, "classifications": ["Drum", "Percussion", "Musical instrument"], "labels": ["Drum", "Percussion", "Musical instrument"], "confidences": [0.238188698887825, 0.22895383834838867, 0.17132653295993805], "model": "TF-YAMNet-V1", "inf_time": 0.005004}, {"location": {"start": 1.44, "end": 2.4}, "classifications": ["Inside, small room", "Inside, large room or hall", "Door"], "labels": ["Inside, small room", "Inside, large room or hall", "Door"], "confidences": [0.14163784682750702, 0.09869527071714401, 0.09594308584928513], "model": "TF-YAMNet-V1", "inf_time": 0.005004}, {"location": {"start": 1.92, "end": 2.88}, "classifications": ["Door", "Sliding door", "Slam"], "labels": ["Door", "Sliding door", "Slam"], "confidences": [0.2159309834241867, 0.19874976575374603, 0.16543643176555634], "model": "TF-YAMNet-V1", "inf_time": 0.005004}, {"location": {"start": 2.4, "end": 3.36}, "classifications": ["Inside, small room", "Dishes, pots, and pans", "Door"], "labels": ["Inside, small room", "Dishes, pots, and pans", "Door"], "confidences": [0.20614948868751526, 0.13896755874156952, 0.0665229931473732], "model": "TF-YAMNet-V1", "inf_time": 0.005004}, {"location": {"start": 2.88, "end": 3.84}, "classifications": ["Door", "Inside, large room or hall", "Sliding door"], "labels": ["Door", "Inside, large room or hall", "Sliding door"], "confidences": [0.11569559574127197, 0.11472862213850021, 0.10590371489524841], "model": "TF-YAMNet-V1", "inf_time": 0.005004}, {"location": {"start": 3.36, "end": 4.32}, "classifications": ["Cupboard open or close", "Door", "Slam"], "labels": ["Cupboard open or close", "Door", "Slam"], "confidences": [0.5917912721633911, 0.515500009059906, 0.453840434551239], "model": "TF-YAMNet-V1", "inf_time": 0.005004}, {"location": {"start": 3.84, "end": 4.8}, "classifications": ["Inside, small room", "Drawer open or close", "Sliding door"], "labels": ["Inside, small room", "Drawer open or close", "Sliding door"], "confidences": [0.245475172996521, 0.19527383148670197, 0.17061306536197662], "model": "TF-YAMNet-V1", "inf_time": 0.005004}, {"location": {"start": 4.32, "end": 5.28}, "classifications": ["Inside, small room", "Printer", "Mechanisms"], "labels": ["Inside, small room", "Printer", "Mechanisms"], "confidences": [0.23766228556632996, 0.06519337743520737, 0.05066679045557976], "model": "TF-YAMNet-V1", "inf_time": 0.005004}, {"location": {"start": 4.8, "end": 5.76}, "classifications": ["Speech", "Squish", "Inside, small room"], "labels": ["Speech", "Squish", "Inside, small room"], "confidences": [0.17574866116046906, 0.09170196950435638, 0.08150285482406616], "model": "TF-YAMNet-V1", "inf_time": 0.005004}, {"location": {"start": 5.28, "end": 6.24}, "classifications": ["Sliding door", "Door", "Whoosh, swoosh, swish"], "labels": ["Sliding door", "Door", "Whoosh, swoosh, swish"], "confidences": [0.37238720059394836, 0.1479802429676056, 0.11620250344276428], "model": "TF-YAMNet-V1", "inf_time": 0.005004}]}}