{"filename": "872faf28-57e1-481c-98e0-4052503bd5ab", "time": "2022-10-27T16:48:32Z", "device_manufacturer": "samsung", "device_model": "SM-T870", "device_callsign": "Galaxy Tab S7 - Wagner", "mac_address": "02:00:00:00:00:00", "extension": "wav", "data_type": "audio", "sample_rate": 44100, "events": [{"classifications": ["door"], "confidences": [0.9536072015762329], "location": {"start": 0, "end": 10}, "labels": ["door"]}], "labels": ["door"], "confidences": [0.9536072015762329], "s3_bucket": "pi-zero-audio-data", "audio": "https://pi-zero-audio-data.s3.us-east-2.amazonaws.com/Galaxy_Tab_S7_-_Wagner/2022-12-01/door/872faf28-57e1-481c-98e0-4052503bd5ab.wav", "object_key": "Galaxy_Tab_S7_-_Wagner/2022-12-01/door/872faf28-57e1-481c-98e0-4052503bd5ab.wav", "json_key": "Galaxy_Tab_S7_-_Wagner/2022-12-01/door/872faf28-57e1-481c-98e0-4052503bd5ab.json", "autolabels": {"YAMNet_aggregate": [{"location": {"start": 0.0, "end": 0.0}, "classifications": ["Silence"], "labels": ["Silence"], "confidences": [1.0], "model": "TF-YAMNet-V1", "inf_time": 0.063327}], "YAMNet": [{"location": {"start": 0.0, "end": 0.96}, "classifications": ["Silence"], "labels": ["Silence"], "confidences": [1.0], "model": "TF-YAMNet-V1", "inf_time": 0.063327}]}}