{"filename": "8b17c22a-7722-41cb-9e28-e4c50e3652fe", "time": "2022-10-20T19:10:26Z", "device_manufacturer": "samsung", "device_model": "SM-T870", "device_callsign": "Galaxy Tab S7 - Wagner", "mac_address": "02:00:00:00:00:00", "extension": "wav", "data_type": "audio", "sample_rate": 44100, "events": [{"classifications": ["door"], "confidences": [0.9906972646713257], "location": {"start": 0, "end": 9}, "labels": ["door"]}], "labels": ["door"], "confidences": [0.9906972646713257], "s3_bucket": "pi-zero-audio-data", "audio": "https://pi-zero-audio-data.s3.us-east-2.amazonaws.com/Galaxy_Tab_S7_-_Wagner/2022-12-01/door/8b17c22a-7722-41cb-9e28-e4c50e3652fe.wav", "object_key": "Galaxy_Tab_S7_-_Wagner/2022-12-01/door/8b17c22a-7722-41cb-9e28-e4c50e3652fe.wav", "json_key": "Galaxy_Tab_S7_-_Wagner/2022-12-01/door/8b17c22a-7722-41cb-9e28-e4c50e3652fe.json", "autolabels": {"YAMNet_aggregate": [{"location": {"start": 0.0, "end": 0.0}, "classifications": ["Silence"], "labels": ["Silence"], "confidences": [1.0], "model": "TF-YAMNet-V1", "inf_time": 0.048224}], "YAMNet": [{"location": {"start": 0.0, "end": 0.96}, "classifications": ["Silence"], "labels": ["Silence"], "confidences": [1.0], "model": "TF-YAMNet-V1", "inf_time": 0.048224}]}}