{"filename": "8c456562-d8f9-4eae-97ee-d757c6a86f9d", "time": "2022-10-20T17:52:12Z", "device_manufacturer": "samsung", "device_model": "SM-T870", "device_callsign": "Galaxy Tab S7 - Wagner", "mac_address": "02:00:00:00:00:00", "extension": "wav", "data_type": "audio", "sample_rate": 44100, "events": [{"classifications": ["door"], "confidences": [0.9970046877861023], "location": {"start": 0, "end": 7}, "labels": ["door"]}], "labels": ["door"], "confidences": [0.9970046877861023], "s3_bucket": "pi-zero-audio-data", "audio": "https://pi-zero-audio-data.s3.us-east-2.amazonaws.com/Galaxy_Tab_S7_-_Wagner/2022-12-01/door/8c456562-d8f9-4eae-97ee-d757c6a86f9d.wav", "object_key": "Galaxy_Tab_S7_-_Wagner/2022-12-01/door/8c456562-d8f9-4eae-97ee-d757c6a86f9d.wav", "json_key": "Galaxy_Tab_S7_-_Wagner/2022-12-01/door/8c456562-d8f9-4eae-97ee-d757c6a86f9d.json", "autolabels": {"YAMNet_aggregate": [{"location": {"start": 0.0, "end": 0.0}, "classifications": ["Silence"], "labels": ["Silence"], "confidences": [1.0], "model": "TF-YAMNet-V1", "inf_time": 0.039271}], "YAMNet": [{"location": {"start": 0.0, "end": 0.96}, "classifications": ["Silence"], "labels": ["Silence"], "confidences": [1.0], "model": "TF-YAMNet-V1", "inf_time": 0.039271}]}}