{"filename": "8c4a45d5-a3e8-49d4-a619-e9a0c1defea5", "time": "2022-10-26T20:38:30Z", "device_manufacturer": "samsung", "device_model": "SM-T870", "device_callsign": "Galaxy Tab S7 - Wagner", "mac_address": "02:00:00:00:00:00", "extension": "wav", "data_type": "audio", "sample_rate": 44100, "events": [{"classifications": ["door"], "confidences": [0.9975938200950623], "location": {"start": 0, "end": 13}, "labels": ["door"]}], "labels": ["door"], "confidences": [0.9975938200950623], "s3_bucket": "pi-zero-audio-data", "audio": "https://pi-zero-audio-data.s3.us-east-2.amazonaws.com/Galaxy_Tab_S7_-_Wagner/2022-12-01/door/8c4a45d5-a3e8-49d4-a619-e9a0c1defea5.wav", "object_key": "Galaxy_Tab_S7_-_Wagner/2022-12-01/door/8c4a45d5-a3e8-49d4-a619-e9a0c1defea5.wav", "json_key": "Galaxy_Tab_S7_-_Wagner/2022-12-01/door/8c4a45d5-a3e8-49d4-a619-e9a0c1defea5.json", "autolabels": {"YAMNet_aggregate": [{"location": {"start": 0.0, "end": 0.0}, "classifications": ["Silence"], "labels": ["Silence"], "confidences": [1.0], "model": "TF-YAMNet-V1", "inf_time": 0.040894}], "YAMNet": [{"location": {"start": 0.0, "end": 0.96}, "classifications": ["Silence"], "labels": ["Silence"], "confidences": [1.0], "model": "TF-YAMNet-V1", "inf_time": 0.040894}]}}