{"filename": "8d17904c-0308-4aa3-8e99-ce78ded531a8", "time": "2022-10-20T18:17:51Z", "device_manufacturer": "samsung", "device_model": "SM-T870", "device_callsign": "Galaxy Tab S7 - Wagner", "mac_address": "02:00:00:00:00:00", "extension": "wav", "data_type": "audio", "sample_rate": 44100, "events": [{"classifications": ["likely_door"], "confidences": [0.5252882838249207], "location": {"start": 0, "end": 6}, "labels": ["door"]}, {"classifications": ["door"], "confidences": [0.9485506415367126], "location": {"start": 0, "end": 14}, "labels": ["door"]}, {"classifications": ["door"], "confidences": [0.9485651254653931], "location": {"start": 0, "end": 8}, "labels": ["door"]}, {"classifications": ["unknown"], "confidences": [0.4782181680202484], "location": {"start": 0, "end": 20}, "labels": ["door"]}], "labels": ["likely_door", "door", "unknown"], "confidences": [0.5252882838249207, 0.9485651254653931, 0.4782181680202484], "s3_bucket": "pi-zero-audio-data", "audio": "https://pi-zero-audio-data.s3.us-east-2.amazonaws.com/Galaxy_Tab_S7_-_Wagner/2022-12-01/door/8d17904c-0308-4aa3-8e99-ce78ded531a8.wav", "object_key": "Galaxy_Tab_S7_-_Wagner/2022-12-01/door/8d17904c-0308-4aa3-8e99-ce78ded531a8.wav", "json_key": "Galaxy_Tab_S7_-_Wagner/2022-12-01/door/8d17904c-0308-4aa3-8e99-ce78ded531a8.json", "autolabels": {"YAMNet_aggregate": [{"location": {"start": 0.0, "end": 0.0}, "classifications": ["Silence"], "labels": ["Silence"], "confidences": [1.0], "model": "TF-YAMNet-V1", "inf_time": 0.051317}], "YAMNet": [{"location": {"start": 0.0, "end": 0.96}, "classifications": ["Silence"], "labels": ["Silence"], "confidences": [1.0], "model": "TF-YAMNet-V1", "inf_time": 0.051317}]}}