{"filename": "906fd1c5-23d5-4ea9-b9a0-bc7ced0155a1", "time": "2022-10-27T21:04:03Z", "device_manufacturer": "samsung", "device_model": "SM-T870", "device_callsign": "Galaxy Tab S7 - Wagner", "mac_address": "02:00:00:00:00:00", "extension": "wav", "data_type": "audio", "sample_rate": 44100, "events": [{"classifications": ["door"], "confidences": [0.9997766613960266], "location": {"start": 0, "end": 10}, "labels": ["door"]}], "labels": ["door"], "confidences": [0.9997766613960266], "s3_bucket": "pi-zero-audio-data", "audio": "https://pi-zero-audio-data.s3.us-east-2.amazonaws.com/Galaxy_Tab_S7_-_Wagner/2022-12-01/door/906fd1c5-23d5-4ea9-b9a0-bc7ced0155a1.wav", "object_key": "Galaxy_Tab_S7_-_Wagner/2022-12-01/door/906fd1c5-23d5-4ea9-b9a0-bc7ced0155a1.wav", "json_key": "Galaxy_Tab_S7_-_Wagner/2022-12-01/door/906fd1c5-23d5-4ea9-b9a0-bc7ced0155a1.json", "autolabels": {"YAMNet_aggregate": [{"location": {"start": 0.0, "end": 0.0}, "classifications": ["Silence"], "labels": ["Silence"], "confidences": [1.0], "model": "TF-YAMNet-V1", "inf_time": 0.040916}], "YAMNet": [{"location": {"start": 0.0, "end": 0.96}, "classifications": ["Silence"], "labels": ["Silence"], "confidences": [1.0], "model": "TF-YAMNet-V1", "inf_time": 0.040916}]}}