{"filename": "940c2052-7c4a-46bb-8be9-b045674a4472", "time": "2022-10-26T20:20:23Z", "device_manufacturer": "samsung", "device_model": "SM-T870", "device_callsign": "Galaxy Tab S7 - Wagner", "mac_address": "02:00:00:00:00:00", "extension": "wav", "data_type": "audio", "sample_rate": 44100, "events": [{"classifications": ["door"], "confidences": [0.9957483410835266], "location": {"start": 0, "end": 15}, "labels": ["door"]}, {"classifications": ["door"], "confidences": [0.9991301894187927], "location": {"start": 0, "end": 11}, "labels": ["door"]}, {"classifications": ["door"], "confidences": [0.9966816902160645], "location": {"start": 0, "end": 9}, "labels": ["door"]}, {"classifications": ["door"], "confidences": [0.9897491931915283], "location": {"start": 0, "end": 11}, "labels": ["door"]}], "labels": ["door"], "confidences": [0.9991301894187927], "s3_bucket": "pi-zero-audio-data", "audio": "https://pi-zero-audio-data.s3.us-east-2.amazonaws.com/Galaxy_Tab_S7_-_Wagner/2022-12-01/door/940c2052-7c4a-46bb-8be9-b045674a4472.wav", "object_key": "Galaxy_Tab_S7_-_Wagner/2022-12-01/door/940c2052-7c4a-46bb-8be9-b045674a4472.wav", "json_key": "Galaxy_Tab_S7_-_Wagner/2022-12-01/door/940c2052-7c4a-46bb-8be9-b045674a4472.json", "autolabels": {"YAMNet_aggregate": [{"location": {"start": 0.0, "end": 6.0}, "classifications": ["Printer", "Inside, small room", "Mechanisms", "Sliding door", "Door"], "labels": ["Printer", "Inside, small room", "Mechanisms", "Sliding door", "Door"], "confidences": [0.2284609079360962, 0.19492559134960175, 0.16981665790081024, 0.12867088615894318, 0.08107446879148483], "model": "TF-YAMNet-V1", "inf_time": 0.049559}], "YAMNet": [{"location": {"start": 0.0, "end": 0.96}, "classifications": ["Speech", "Inside, small room", "Sliding door"], "labels": ["Speech", "Inside, small room", "Sliding door"], "confidences": [0.29994258284568787, 0.13323409855365753, 0.0685972347855568], "model": "TF-YAMNet-V1", "inf_time": 0.00413}, {"location": {"start": 0.48, "end": 1.44}, "classifications": ["Animal", "Domestic animals, pets", "Inside, small room"], "labels": ["Animal", "Domestic animals, pets", "Inside, small room"], "confidences": [0.16663914918899536, 0.1405554562807083, 0.10468831658363342], "model": "TF-YAMNet-V1", "inf_time": 0.00413}, {"location": {"start": 0.96, "end": 1.92}, "classifications": ["Inside, small room", "Drawer open or close", "Sliding door"], "labels": ["Inside, small room", "Drawer open or close", "Sliding door"], "confidences": [0.5532830953598022, 0.22261275351047516, 0.11658257991075516], "model": "TF-YAMNet-V1", "inf_time": 0.00413}, {"location": {"start": 1.44, "end": 2.4}, "classifications": ["Inside, small room", "Inside, large room or hall", "Sliding door"], "labels": ["Inside, small room", "Inside, large room or hall", "Sliding door"], "confidences": [0.3660544455051422, 0.0712747722864151, 0.06760744005441666], "model": "TF-YAMNet-V1", "inf_time": 0.00413}, {"location": {"start": 1.92, "end": 2.88}, "classifications": ["Sliding door", "Cupboard open or close", "Drawer open or close"], "labels": ["Sliding door", "Cupboard open or close", "Drawer open or close"], "confidences": [0.4612288475036621, 0.41080883145332336, 0.35668274760246277], "model": "TF-YAMNet-V1", "inf_time": 0.00413}, {"location": {"start": 2.4, "end": 3.36}, "classifications": ["Inside, small room", "Door", "Sliding door"], "labels": ["Inside, small room", "Door", "Sliding door"], "confidences": [0.35829243063926697, 0.10518588870763779, 0.09958866983652115], "model": "TF-YAMNet-V1", "inf_time": 0.00413}, {"location": {"start": 2.88, "end": 3.84}, "classifications": ["Printer", "Mechanisms", "Inside, small room"], "labels": ["Printer", "Mechanisms", "Inside, small room"], "confidences": [0.8378738164901733, 0.5395015478134155, 0.10566070675849915], "model": "TF-YAMNet-V1", "inf_time": 0.00413}, {"location": {"start": 3.36, "end": 4.32}, "classifications": ["Printer", "Mechanisms", "Vehicle"], "labels": ["Printer", "Mechanisms", "Vehicle"], "confidences": [0.26698946952819824, 0.24848610162734985, 0.09560010582208633], "model": "TF-YAMNet-V1", "inf_time": 0.00413}, {"location": {"start": 3.84, "end": 4.8}, "classifications": ["Printer", "Mechanisms", "Vehicle"], "labels": ["Printer", "Mechanisms", "Vehicle"], "confidences": [0.8322712182998657, 0.6097587943077087, 0.06724211573600769], "model": "TF-YAMNet-V1", "inf_time": 0.00413}, {"location": {"start": 4.32, "end": 5.28}, "classifications": ["Printer", "Mechanisms", "Inside, small room"], "labels": ["Printer", "Mechanisms", "Inside, small room"], "confidences": [0.4198809862136841, 0.23568378388881683, 0.1342170387506485], "model": "TF-YAMNet-V1", "inf_time": 0.00413}, {"location": {"start": 4.8, "end": 5.76}, "classifications": ["Sliding door", "Printer", "Mechanisms"], "labels": ["Sliding door", "Printer", "Mechanisms"], "confidences": [0.3938673734664917, 0.26785266399383545, 0.18562711775302887], "model": "TF-YAMNet-V1", "inf_time": 0.00413}, {"location": {"start": 5.28, "end": 6.24}, "classifications": ["Sliding door", "Mechanisms", "Door"], "labels": ["Sliding door", "Mechanisms", "Door"], "confidences": [0.19430242478847504, 0.14816249907016754, 0.11955120414495468], "model": "TF-YAMNet-V1", "inf_time": 0.00413}]}}