{"filename": "95486623-1a57-43fd-b52b-3cde428e889f", "time": "2022-10-27T16:41:52Z", "device_manufacturer": "samsung", "device_model": "SM-T870", "device_callsign": "Galaxy Tab S7 - Wagner", "mac_address": "02:00:00:00:00:00", "extension": "wav", "data_type": "audio", "sample_rate": 44100, "events": [{"classifications": ["door"], "confidences": [0.9230859279632568], "location": {"start": 0, "end": 16}, "labels": ["door"]}, {"classifications": ["door"], "confidences": [0.9562587738037109], "location": {"start": 0, "end": 8}, "labels": ["door"]}], "labels": ["door"], "confidences": [0.9562587738037109], "s3_bucket": "pi-zero-audio-data", "audio": "https://pi-zero-audio-data.s3.us-east-2.amazonaws.com/Galaxy_Tab_S7_-_Wagner/2022-12-01/door/95486623-1a57-43fd-b52b-3cde428e889f.wav", "object_key": "Galaxy_Tab_S7_-_Wagner/2022-12-01/door/95486623-1a57-43fd-b52b-3cde428e889f.wav", "json_key": "Galaxy_Tab_S7_-_Wagner/2022-12-01/door/95486623-1a57-43fd-b52b-3cde428e889f.json", "autolabels": {"YAMNet_aggregate": [{"location": {"start": 0.0, "end": 2.0}, "classifications": ["Domestic animals, pets", "Inside, small room", "Dog", "Animal", "Whimper (dog)"], "labels": ["Domestic animals, pets", "Inside, small room", "Dog", "Animal", "Whimper (dog)"], "confidences": [0.21204209327697754, 0.2028958946466446, 0.1715819537639618, 0.15852975845336914, 0.08360791206359863], "model": "TF-YAMNet-V1", "inf_time": 0.036864}], "YAMNet": [{"location": {"start": 0.0, "end": 0.96}, "classifications": ["Inside, small room", "Dishes, pots, and pans", "Cutlery, silverware"], "labels": ["Inside, small room", "Dishes, pots, and pans", "Cutlery, silverware"], "confidences": [0.3282182216644287, 0.20700252056121826, 0.20097526907920837], "model": "TF-YAMNet-V1", "inf_time": 0.009216}, {"location": {"start": 0.48, "end": 1.44}, "classifications": ["Inside, small room", "Speech", "Domestic animals, pets"], "labels": ["Inside, small room", "Speech", "Domestic animals, pets"], "confidences": [0.19102980196475983, 0.155291348695755, 0.08631503582000732], "model": "TF-YAMNet-V1", "inf_time": 0.009216}, {"location": {"start": 0.96, "end": 1.92}, "classifications": ["Domestic animals, pets", "Dog", "Animal"], "labels": ["Domestic animals, pets", "Dog", "Animal"], "confidences": [0.4555187523365021, 0.39982399344444275, 0.3382093906402588], "model": "TF-YAMNet-V1", "inf_time": 0.009216}, {"location": {"start": 1.44, "end": 2.4}, "classifications": ["Domestic animals, pets", "Animal", "Dog"], "labels": ["Domestic animals, pets", "Animal", "Dog"], "confidences": [0.30181416869163513, 0.23677101731300354, 0.22391462326049805], "model": "TF-YAMNet-V1", "inf_time": 0.009216}]}}