{"filename": "9738a1c3-7e9b-4edb-a423-c3d21b6c36b8", "time": "2022-10-20T17:37:46Z", "device_manufacturer": "samsung", "device_model": "SM-T870", "device_callsign": "Galaxy Tab S7 - Wagner", "mac_address": "02:00:00:00:00:00", "extension": "wav", "data_type": "audio", "sample_rate": 44100, "events": [{"classifications": ["door"], "confidences": [0.9806686639785767], "location": {"start": 0, "end": 20}, "labels": ["door"]}, {"classifications": ["door"], "confidences": [0.9889975786209106], "location": {"start": 0, "end": 7}, "labels": ["door"]}], "labels": ["door"], "confidences": [0.9889975786209106], "s3_bucket": "pi-zero-audio-data", "audio": "https://pi-zero-audio-data.s3.us-east-2.amazonaws.com/Galaxy_Tab_S7_-_Wagner/2022-12-01/door/9738a1c3-7e9b-4edb-a423-c3d21b6c36b8.wav", "object_key": "Galaxy_Tab_S7_-_Wagner/2022-12-01/door/9738a1c3-7e9b-4edb-a423-c3d21b6c36b8.wav", "json_key": "Galaxy_Tab_S7_-_Wagner/2022-12-01/door/9738a1c3-7e9b-4edb-a423-c3d21b6c36b8.json", "autolabels": {"YAMNet_aggregate": [{"location": {"start": 0.0, "end": 2.0}, "classifications": ["Inside, small room", "Music", "Printer"], "labels": ["Inside, small room", "Music", "Printer"], "confidences": [0.11326071619987488, 0.07262960076332092, 0.06461679190397263], "model": "TF-YAMNet-V1", "inf_time": 0.050017}], "YAMNet": [{"location": {"start": 0.0, "end": 0.96}, "classifications": ["Printer", "Mechanisms", "Microwave oven"], "labels": ["Printer", "Mechanisms", "Microwave oven"], "confidences": [0.25351324677467346, 0.13175679743289948, 0.09146131575107574], "model": "TF-YAMNet-V1", "inf_time": 0.012504}, {"location": {"start": 0.48, "end": 1.44}, "classifications": ["Rustle", "Sonar", "Inside, small room"], "labels": ["Rustle", "Sonar", "Inside, small room"], "confidences": [0.16734851896762848, 0.131771057844162, 0.12573377788066864], "model": "TF-YAMNet-V1", "inf_time": 0.012504}, {"location": {"start": 0.96, "end": 1.92}, "classifications": ["Inside, small room"], "labels": ["Inside, small room"], "confidences": [0.23202718794345856], "model": "TF-YAMNet-V1", "inf_time": 0.012504}, {"location": {"start": 1.44, "end": 2.4}, "classifications": ["Music"], "labels": ["Music"], "confidences": [0.24985140562057495], "model": "TF-YAMNet-V1", "inf_time": 0.012504}]}}