{"filename": "994a5569-2874-4123-942a-b6a03465f4c6", "time": "2022-10-27T16:36:57Z", "device_manufacturer": "samsung", "device_model": "SM-T870", "device_callsign": "Galaxy Tab S7 - Wagner", "mac_address": "02:00:00:00:00:00", "extension": "wav", "data_type": "audio", "sample_rate": 44100, "events": [{"classifications": ["likely_door"], "confidences": [0.7792996168136597], "location": {"start": 0, "end": 11}, "labels": ["door"]}, {"classifications": ["door"], "confidences": [0.9604375958442688], "location": {"start": 0, "end": 16}, "labels": ["door"]}], "labels": ["likely_door", "door"], "confidences": [0.7792996168136597, 0.9604375958442688], "s3_bucket": "pi-zero-audio-data", "audio": "https://pi-zero-audio-data.s3.us-east-2.amazonaws.com/Galaxy_Tab_S7_-_Wagner/2022-12-01/door/994a5569-2874-4123-942a-b6a03465f4c6.wav", "object_key": "Galaxy_Tab_S7_-_Wagner/2022-12-01/door/994a5569-2874-4123-942a-b6a03465f4c6.wav", "json_key": "Galaxy_Tab_S7_-_Wagner/2022-12-01/door/994a5569-2874-4123-942a-b6a03465f4c6.json", "autolabels": {"YAMNet_aggregate": [{"location": {"start": 0.0, "end": 2.0}, "classifications": ["Inside, small room", "Sliding door"], "labels": ["Inside, small room", "Sliding door"], "confidences": [0.33590635657310486, 0.06824875622987747], "model": "TF-YAMNet-V1", "inf_time": 0.075216}], "YAMNet": [{"location": {"start": 0.0, "end": 0.96}, "classifications": ["Inside, small room", "Domestic animals, pets", "Writing"], "labels": ["Inside, small room", "Domestic animals, pets", "Writing"], "confidences": [0.24986669421195984, 0.07071540504693985, 0.05492279678583145], "model": "TF-YAMNet-V1", "inf_time": 0.018804}, {"location": {"start": 0.48, "end": 1.44}, "classifications": ["Inside, small room", "Squish", "Rodents, rats, mice"], "labels": ["Inside, small room", "Squish", "Rodents, rats, mice"], "confidences": [0.28298312425613403, 0.12150496989488602, 0.11123175173997879], "model": "TF-YAMNet-V1", "inf_time": 0.018804}, {"location": {"start": 0.96, "end": 1.92}, "classifications": ["Inside, small room"], "labels": ["Inside, small room"], "confidences": [0.6634634137153625], "model": "TF-YAMNet-V1", "inf_time": 0.018804}, {"location": {"start": 1.44, "end": 2.4}, "classifications": ["Sliding door", "Inside, small room", "Door"], "labels": ["Sliding door", "Inside, small room", "Door"], "confidences": [0.24172885715961456, 0.1473122537136078, 0.107408307492733], "model": "TF-YAMNet-V1", "inf_time": 0.018804}]}}