{"filename": "9acadb24-d7cd-4c3c-8e00-bd52e9b269ad", "time": "2022-10-18T21:09:06Z", "device_manufacturer": "samsung", "device_model": "SM-T870", "device_callsign": "Galaxy Tab S7 - Wagner", "mac_address": "02:00:00:00:00:00", "extension": "wav", "data_type": "audio", "sample_rate": 44100, "events": [{"classifications": ["door"], "confidences": [0.99810791015625], "location": {"start": 0, "end": 17}, "labels": ["door"]}, {"classifications": ["door"], "confidences": [0.8944560885429382], "location": {"start": 0, "end": 7}, "labels": ["door"]}], "labels": ["door"], "confidences": [0.99810791015625], "s3_bucket": "pi-zero-audio-data", "audio": "https://pi-zero-audio-data.s3.us-east-2.amazonaws.com/Galaxy_Tab_S7_-_Wagner/2022-12-01/door/9acadb24-d7cd-4c3c-8e00-bd52e9b269ad.wav", "object_key": "Galaxy_Tab_S7_-_Wagner/2022-12-01/door/9acadb24-d7cd-4c3c-8e00-bd52e9b269ad.wav", "json_key": "Galaxy_Tab_S7_-_Wagner/2022-12-01/door/9acadb24-d7cd-4c3c-8e00-bd52e9b269ad.json", "autolabels": {"YAMNet_aggregate": [{"location": {"start": 0.0, "end": 0.0}, "classifications": ["Silence"], "labels": ["Silence"], "confidences": [1.0], "model": "TF-YAMNet-V1", "inf_time": 0.061671}], "YAMNet": [{"location": {"start": 0.0, "end": 0.96}, "classifications": ["Silence"], "labels": ["Silence"], "confidences": [1.0], "model": "TF-YAMNet-V1", "inf_time": 0.061671}]}}