{"filename": "9b1e26a4-d200-4010-8226-b83f9b4944bb", "time": "2022-10-26T20:49:22Z", "device_manufacturer": "samsung", "device_model": "SM-T870", "device_callsign": "Galaxy Tab S7 - Wagner", "mac_address": "02:00:00:00:00:00", "extension": "wav", "data_type": "audio", "sample_rate": 44100, "events": [{"classifications": ["door"], "confidences": [0.9157748222351074], "location": {"start": 0, "end": 12}, "labels": ["door"]}], "labels": ["door"], "confidences": [0.9157748222351074], "s3_bucket": "pi-zero-audio-data", "audio": "https://pi-zero-audio-data.s3.us-east-2.amazonaws.com/Galaxy_Tab_S7_-_Wagner/2022-12-01/door/9b1e26a4-d200-4010-8226-b83f9b4944bb.wav", "object_key": "Galaxy_Tab_S7_-_Wagner/2022-12-01/door/9b1e26a4-d200-4010-8226-b83f9b4944bb.wav", "json_key": "Galaxy_Tab_S7_-_Wagner/2022-12-01/door/9b1e26a4-d200-4010-8226-b83f9b4944bb.json", "autolabels": {"YAMNet_aggregate": [{"location": {"start": 0.0, "end": 0.0}, "classifications": ["Silence"], "labels": ["Silence"], "confidences": [1.0], "model": "TF-YAMNet-V1", "inf_time": 0.045971}], "YAMNet": [{"location": {"start": 0.0, "end": 0.96}, "classifications": ["Silence"], "labels": ["Silence"], "confidences": [1.0], "model": "TF-YAMNet-V1", "inf_time": 0.045971}]}}