{"filename": "9f71933b-64fd-4041-a02b-c6f8e78c3ab7", "time": "2022-10-26T20:21:10Z", "device_manufacturer": "samsung", "device_model": "SM-T870", "device_callsign": "Galaxy Tab S7 - Wagner", "mac_address": "02:00:00:00:00:00", "extension": "wav", "data_type": "audio", "sample_rate": 44100, "events": [{"classifications": ["door"], "confidences": [0.9984415173530579], "location": {"start": 0, "end": 13}, "labels": ["door"]}], "labels": ["door"], "confidences": [0.9984415173530579], "s3_bucket": "pi-zero-audio-data", "audio": "https://pi-zero-audio-data.s3.us-east-2.amazonaws.com/Galaxy_Tab_S7_-_Wagner/2022-12-01/door/9f71933b-64fd-4041-a02b-c6f8e78c3ab7.wav", "object_key": "Galaxy_Tab_S7_-_Wagner/2022-12-01/door/9f71933b-64fd-4041-a02b-c6f8e78c3ab7.wav", "json_key": "Galaxy_Tab_S7_-_Wagner/2022-12-01/door/9f71933b-64fd-4041-a02b-c6f8e78c3ab7.json", "autolabels": {"YAMNet_aggregate": [{"location": {"start": 0.0, "end": 0.0}, "classifications": ["Silence"], "labels": ["Silence"], "confidences": [1.0], "model": "TF-YAMNet-V1", "inf_time": 0.050719}], "YAMNet": [{"location": {"start": 0.0, "end": 0.96}, "classifications": ["Silence"], "labels": ["Silence"], "confidences": [1.0], "model": "TF-YAMNet-V1", "inf_time": 0.050719}]}}