{"filename": "9fd54e9f-212d-4b5d-977c-88d9aad8e916", "time": "2022-10-27T18:41:09Z", "device_manufacturer": "samsung", "device_model": "SM-T870", "device_callsign": "Galaxy Tab S7 - Wagner", "mac_address": "02:00:00:00:00:00", "extension": "wav", "data_type": "audio", "sample_rate": 44100, "events": [{"classifications": ["likely_door"], "confidences": [0.6953598856925964], "location": {"start": 0, "end": 12}, "labels": ["door"]}, {"classifications": ["door"], "confidences": [0.9533892273902893], "location": {"start": 0, "end": 11}, "labels": ["door"]}, {"classifications": ["likely_door"], "confidences": [0.5702010989189148], "location": {"start": 0, "end": 8}, "labels": ["door"]}, {"classifications": ["likely_door"], "confidences": [0.7991073131561279], "location": {"start": 0, "end": 9}, "labels": ["door"]}], "labels": ["likely_door", "door"], "confidences": [0.7991073131561279, 0.9533892273902893], "s3_bucket": "pi-zero-audio-data", "audio": "https://pi-zero-audio-data.s3.us-east-2.amazonaws.com/Galaxy_Tab_S7_-_Wagner/2022-12-01/door/9fd54e9f-212d-4b5d-977c-88d9aad8e916.wav", "object_key": "Galaxy_Tab_S7_-_Wagner/2022-12-01/door/9fd54e9f-212d-4b5d-977c-88d9aad8e916.wav", "json_key": "Galaxy_Tab_S7_-_Wagner/2022-12-01/door/9fd54e9f-212d-4b5d-977c-88d9aad8e916.json", "autolabels": {"YAMNet_aggregate": [{"location": {"start": 0.0, "end": 6.0}, "classifications": ["Inside, small room", "Sliding door", "Animal", "Rodents, rats, mice", "Wild animals"], "labels": ["Inside, small room", "Sliding door", "Animal", "Rodents, rats, mice", "Wild animals"], "confidences": [0.2251424789428711, 0.12267404049634933, 0.1121668592095375, 0.10152790695428848, 0.07459426671266556], "model": "TF-YAMNet-V1", "inf_time": 0.085228}], "YAMNet": [{"location": {"start": 0.0, "end": 0.96}, "classifications": ["Rodents, rats, mice", "Animal", "Wild animals"], "labels": ["Rodents, rats, mice", "Animal", "Wild animals"], "confidences": [0.6747910976409912, 0.5618723630905151, 0.4771973192691803], "model": "TF-YAMNet-V1", "inf_time": 0.007102}, {"location": {"start": 0.48, "end": 1.44}, "classifications": ["Pant", "Animal", "Wild animals"], "labels": ["Pant", "Animal", "Wild animals"], "confidences": [0.34827756881713867, 0.2813798487186432, 0.17253904044628143], "model": "TF-YAMNet-V1", "inf_time": 0.007102}, {"location": {"start": 0.96, "end": 1.92}, "classifications": ["Inside, small room", "Sliding door", "Door"], "labels": ["Inside, small room", "Sliding door", "Door"], "confidences": [0.31224629282951355, 0.20774677395820618, 0.15993905067443848], "model": "TF-YAMNet-V1", "inf_time": 0.007102}, {"location": {"start": 1.44, "end": 2.4}, "classifications": ["Inside, small room", "Dishes, pots, and pans", "Squish"], "labels": ["Inside, small room", "Dishes, pots, and pans", "Squish"], "confidences": [0.2874070107936859, 0.11771835386753082, 0.08061900734901428], "model": "TF-YAMNet-V1", "inf_time": 0.007102}, {"location": {"start": 1.92, "end": 2.88}, "classifications": ["Squish", "Creak", "Sliding door"], "labels": ["Squish", "Creak", "Sliding door"], "confidences": [0.6473183631896973, 0.4213954508304596, 0.3498424291610718], "model": "TF-YAMNet-V1", "inf_time": 0.007102}, {"location": {"start": 2.4, "end": 3.36}, "classifications": ["Inside, small room", "Animal", "Domestic animals, pets"], "labels": ["Inside, small room", "Animal", "Domestic animals, pets"], "confidences": [0.19976969063282013, 0.1850331574678421, 0.11140833050012589], "model": "TF-YAMNet-V1", "inf_time": 0.007102}, {"location": {"start": 2.88, "end": 3.84}, "classifications": ["Sliding door", "Inside, small room", "Door"], "labels": ["Sliding door", "Inside, small room", "Door"], "confidences": [0.3316863775253296, 0.28870889544487, 0.12492358684539795], "model": "TF-YAMNet-V1", "inf_time": 0.007102}, {"location": {"start": 3.36, "end": 4.32}, "classifications": ["Inside, small room", "Sliding door", "Inside, large room or hall"], "labels": ["Inside, small room", "Sliding door", "Inside, large room or hall"], "confidences": [0.193978413939476, 0.0977557972073555, 0.07989128679037094], "model": "TF-YAMNet-V1", "inf_time": 0.007102}, {"location": {"start": 3.84, "end": 4.8}, "classifications": ["Sliding door", "Inside, small room", "Animal"], "labels": ["Sliding door", "Inside, small room", "Animal"], "confidences": [0.2593558132648468, 0.1404133290052414, 0.09650304168462753], "model": "TF-YAMNet-V1", "inf_time": 0.007102}, {"location": {"start": 4.32, "end": 5.28}, "classifications": ["Inside, small room", "Inside, large room or hall", "Sliding door"], "labels": ["Inside, small room", "Inside, large room or hall", "Sliding door"], "confidences": [0.4880434274673462, 0.09790518879890442, 0.05173526704311371], "model": "TF-YAMNet-V1", "inf_time": 0.007102}, {"location": {"start": 4.8, "end": 5.76}, "classifications": ["Inside, small room"], "labels": ["Inside, small room"], "confidences": [0.4019329249858856], "model": "TF-YAMNet-V1", "inf_time": 0.007102}, {"location": {"start": 5.28, "end": 6.24}, "classifications": ["Sliding door", "Vehicle", "Motor vehicle (road)"], "labels": ["Sliding door", "Vehicle", "Motor vehicle (road)"], "confidences": [0.12339897453784943, 0.1130208894610405, 0.10623469948768616], "model": "TF-YAMNet-V1", "inf_time": 0.007102}]}}