{"filename": "a307a947-24fa-4201-a7ad-3ffdab756889", "time": "2022-10-20T17:43:39Z", "device_manufacturer": "samsung", "device_model": "SM-T870", "device_callsign": "Galaxy Tab S7 - Wagner", "mac_address": "02:00:00:00:00:00", "extension": "wav", "data_type": "audio", "sample_rate": 44100, "events": [{"classifications": ["door"], "confidences": [0.9972390532493591], "location": {"start": 0, "end": 17}, "labels": ["door"]}], "labels": ["door"], "confidences": [0.9972390532493591], "s3_bucket": "pi-zero-audio-data", "audio": "https://pi-zero-audio-data.s3.us-east-2.amazonaws.com/Galaxy_Tab_S7_-_Wagner/2022-12-01/door/a307a947-24fa-4201-a7ad-3ffdab756889.wav", "object_key": "Galaxy_Tab_S7_-_Wagner/2022-12-01/door/a307a947-24fa-4201-a7ad-3ffdab756889.wav", "json_key": "Galaxy_Tab_S7_-_Wagner/2022-12-01/door/a307a947-24fa-4201-a7ad-3ffdab756889.json", "autolabels": {"YAMNet_aggregate": [{"location": {"start": 0.0, "end": 0.0}, "classifications": ["Silence"], "labels": ["Silence"], "confidences": [1.0], "model": "TF-YAMNet-V1", "inf_time": 0.04026}], "YAMNet": [{"location": {"start": 0.0, "end": 0.96}, "classifications": ["Silence"], "labels": ["Silence"], "confidences": [1.0], "model": "TF-YAMNet-V1", "inf_time": 0.04026}]}}