{"filename": "a363bbb8-bb46-41d5-bad9-066786a38b1f", "time": "2022-10-20T19:04:00Z", "device_manufacturer": "samsung", "device_model": "SM-T870", "device_callsign": "Galaxy Tab S7 - Wagner", "mac_address": "02:00:00:00:00:00", "extension": "wav", "data_type": "audio", "sample_rate": 44100, "events": [{"classifications": ["door"], "confidences": [0.950700044631958], "location": {"start": 0, "end": 14}, "labels": ["door"]}], "labels": ["door"], "confidences": [0.950700044631958], "s3_bucket": "pi-zero-audio-data", "audio": "https://pi-zero-audio-data.s3.us-east-2.amazonaws.com/Galaxy_Tab_S7_-_Wagner/2022-12-01/door/a363bbb8-bb46-41d5-bad9-066786a38b1f.wav", "object_key": "Galaxy_Tab_S7_-_Wagner/2022-12-01/door/a363bbb8-bb46-41d5-bad9-066786a38b1f.wav", "json_key": "Galaxy_Tab_S7_-_Wagner/2022-12-01/door/a363bbb8-bb46-41d5-bad9-066786a38b1f.json", "autolabels": {"YAMNet_aggregate": [{"location": {"start": 0.0, "end": 0.0}, "classifications": ["Silence"], "labels": ["Silence"], "confidences": [1.0], "model": "TF-YAMNet-V1", "inf_time": 0.036238}], "YAMNet": [{"location": {"start": 0.0, "end": 0.96}, "classifications": ["Silence"], "labels": ["Silence"], "confidences": [1.0], "model": "TF-YAMNet-V1", "inf_time": 0.036238}]}}