{"filename": "a3695719-ee51-442f-95a9-b82b5874a4cc", "time": "2022-10-27T01:36:24Z", "device_manufacturer": "samsung", "device_model": "SM-T870", "device_callsign": "Galaxy Tab S7 - Wagner", "mac_address": "02:00:00:00:00:00", "extension": "wav", "data_type": "audio", "sample_rate": 44100, "events": [{"classifications": ["door"], "confidences": [0.9995647072792053], "location": {"start": 0, "end": 17}, "labels": ["door"]}, {"classifications": ["door"], "confidences": [0.991225004196167], "location": {"start": 0, "end": 9}, "labels": ["door"]}], "labels": ["door"], "confidences": [0.9995647072792053], "s3_bucket": "pi-zero-audio-data", "audio": "https://pi-zero-audio-data.s3.us-east-2.amazonaws.com/Galaxy_Tab_S7_-_Wagner/2022-12-01/door/a3695719-ee51-442f-95a9-b82b5874a4cc.wav", "object_key": "Galaxy_Tab_S7_-_Wagner/2022-12-01/door/a3695719-ee51-442f-95a9-b82b5874a4cc.wav", "json_key": "Galaxy_Tab_S7_-_Wagner/2022-12-01/door/a3695719-ee51-442f-95a9-b82b5874a4cc.json", "autolabels": {"YAMNet_aggregate": [{"location": {"start": 0.0, "end": 2.0}, "classifications": ["Animal", "Bird", "Wild animals", "Pigeon, dove", "Speech"], "labels": ["Animal", "Bird", "Wild animals", "Pigeon, dove", "Speech"], "confidences": [0.14193901419639587, 0.11800988763570786, 0.11269129067659378, 0.10881617665290833, 0.09920159727334976], "model": "TF-YAMNet-V1", "inf_time": 0.073543}], "YAMNet": [{"location": {"start": 0.0, "end": 0.96}, "classifications": ["Sliding door", "Inside, large room or hall", "Inside, small room"], "labels": ["Sliding door", "Inside, large room or hall", "Inside, small room"], "confidences": [0.18568624556064606, 0.12344793975353241, 0.11848133057355881], "model": "TF-YAMNet-V1", "inf_time": 0.018386}, {"location": {"start": 0.48, "end": 1.44}, "classifications": ["Animal", "Bird", "Inside, small room"], "labels": ["Animal", "Bird", "Inside, small room"], "confidences": [0.20605985820293427, 0.11891178786754608, 0.10440555959939957], "model": "TF-YAMNet-V1", "inf_time": 0.018386}, {"location": {"start": 0.96, "end": 1.92}, "classifications": ["Speech", "Inside, large room or hall"], "labels": ["Speech", "Inside, large room or hall"], "confidences": [0.3007439970970154, 0.07427790760993958], "model": "TF-YAMNet-V1", "inf_time": 0.018386}, {"location": {"start": 1.44, "end": 2.4}, "classifications": ["Pigeon, dove", "Bird", "Animal"], "labels": ["Pigeon, dove", "Bird", "Animal"], "confidences": [0.34644815325737, 0.34148097038269043, 0.34046849608421326], "model": "TF-YAMNet-V1", "inf_time": 0.018386}]}}