{"filename": "a7d14532-a0e2-4837-aa60-94e43c861bca", "time": "2022-10-27T17:55:43Z", "device_manufacturer": "samsung", "device_model": "SM-T870", "device_callsign": "Galaxy Tab S7 - Wagner", "mac_address": "02:00:00:00:00:00", "extension": "wav", "data_type": "audio", "sample_rate": 44100, "events": [{"classifications": ["door"], "confidences": [0.9599784016609192], "location": {"start": 0, "end": 13}, "labels": ["door"]}], "labels": ["door"], "confidences": [0.9599784016609192], "s3_bucket": "pi-zero-audio-data", "audio": "https://pi-zero-audio-data.s3.us-east-2.amazonaws.com/Galaxy_Tab_S7_-_Wagner/2022-12-01/door/a7d14532-a0e2-4837-aa60-94e43c861bca.wav", "object_key": "Galaxy_Tab_S7_-_Wagner/2022-12-01/door/a7d14532-a0e2-4837-aa60-94e43c861bca.wav", "json_key": "Galaxy_Tab_S7_-_Wagner/2022-12-01/door/a7d14532-a0e2-4837-aa60-94e43c861bca.json", "autolabels": {"YAMNet_aggregate": [{"location": {"start": 0.0, "end": 0.0}, "classifications": ["Silence"], "labels": ["Silence"], "confidences": [1.0], "model": "TF-YAMNet-V1", "inf_time": 0.044557}], "YAMNet": [{"location": {"start": 0.0, "end": 0.96}, "classifications": ["Silence"], "labels": ["Silence"], "confidences": [1.0], "model": "TF-YAMNet-V1", "inf_time": 0.044557}]}}