{"filename": "a9b2c405-677f-4e39-8696-7c2843b90e5d", "time": "2022-10-20T18:45:11Z", "device_manufacturer": "samsung", "device_model": "SM-T870", "device_callsign": "Galaxy Tab S7 - Wagner", "mac_address": "02:00:00:00:00:00", "extension": "wav", "data_type": "audio", "sample_rate": 44100, "events": [{"classifications": ["door"], "confidences": [0.9984543919563293], "location": {"start": 0, "end": 13}, "labels": ["door"]}, {"classifications": ["voices"], "confidences": [0.99619460105896], "location": {"start": 0, "end": 7}, "labels": ["voices"]}, {"classifications": ["voices"], "confidences": [0.9248627424240112], "location": {"start": 0, "end": 11}, "labels": ["voices"]}], "labels": ["door", "voices"], "confidences": [0.9984543919563293, 0.99619460105896], "s3_bucket": "pi-zero-audio-data", "audio": "https://pi-zero-audio-data.s3.us-east-2.amazonaws.com/Galaxy_Tab_S7_-_Wagner/2022-12-01/door/a9b2c405-677f-4e39-8696-7c2843b90e5d.wav", "object_key": "Galaxy_Tab_S7_-_Wagner/2022-12-01/door/a9b2c405-677f-4e39-8696-7c2843b90e5d.wav", "json_key": "Galaxy_Tab_S7_-_Wagner/2022-12-01/door/a9b2c405-677f-4e39-8696-7c2843b90e5d.json", "autolabels": {"YAMNet_aggregate": [{"location": {"start": 0.0, "end": 4.0}, "classifications": ["Speech"], "labels": ["Speech"], "confidences": [0.6098846793174744], "model": "TF-YAMNet-V1", "inf_time": 0.05546}], "YAMNet": [{"location": {"start": 0.0, "end": 0.96}, "classifications": ["Speech"], "labels": ["Speech"], "confidences": [0.9700841903686523], "model": "TF-YAMNet-V1", "inf_time": 0.006933}, {"location": {"start": 0.48, "end": 1.44}, "classifications": ["Speech"], "labels": ["Speech"], "confidences": [0.9911054372787476], "model": "TF-YAMNet-V1", "inf_time": 0.006933}, {"location": {"start": 0.96, "end": 1.92}, "classifications": ["Speech"], "labels": ["Speech"], "confidences": [0.7959728837013245], "model": "TF-YAMNet-V1", "inf_time": 0.006933}, {"location": {"start": 1.44, "end": 2.4}, "classifications": ["Speech"], "labels": ["Speech"], "confidences": [0.32348623871803284], "model": "TF-YAMNet-V1", "inf_time": 0.006933}, {"location": {"start": 1.92, "end": 2.88}, "classifications": ["Speech"], "labels": ["Speech"], "confidences": [0.9140720367431641], "model": "TF-YAMNet-V1", "inf_time": 0.006933}, {"location": {"start": 2.4, "end": 3.36}, "classifications": ["Speech"], "labels": ["Speech"], "confidences": [0.8552919030189514], "model": "TF-YAMNet-V1", "inf_time": 0.006933}, {"location": {"start": 2.88, "end": 3.84}, "classifications": ["Sliding door", "Inside, small room", "Door"], "labels": ["Sliding door", "Inside, small room", "Door"], "confidences": [0.2554163634777069, 0.19052091240882874, 0.13435980677604675], "model": "TF-YAMNet-V1", "inf_time": 0.006933}, {"location": {"start": 3.36, "end": 4.32}, "classifications": ["Animal", "Wild animals", "Bird"], "labels": ["Animal", "Wild animals", "Bird"], "confidences": [0.15483032166957855, 0.10108467936515808, 0.08405570685863495], "model": "TF-YAMNet-V1", "inf_time": 0.006933}]}}