{"filename": "aa175cd8-5f4f-4315-82c0-3226c2cf5a22", "time": "2022-10-27T18:22:21Z", "device_manufacturer": "samsung", "device_model": "SM-T870", "device_callsign": "Galaxy Tab S7 - Wagner", "mac_address": "02:00:00:00:00:00", "extension": "wav", "data_type": "audio", "sample_rate": 44100, "events": [{"classifications": ["door"], "confidences": [0.9809505939483643], "location": {"start": 0, "end": 13}, "labels": ["door"]}, {"classifications": ["voices"], "confidences": [0.8776341676712036], "location": {"start": 0, "end": 10}, "labels": ["voices"]}], "labels": ["door", "voices"], "confidences": [0.9809505939483643, 0.8776341676712036], "s3_bucket": "pi-zero-audio-data", "audio": "https://pi-zero-audio-data.s3.us-east-2.amazonaws.com/Galaxy_Tab_S7_-_Wagner/2022-12-01/door/aa175cd8-5f4f-4315-82c0-3226c2cf5a22.wav", "object_key": "Galaxy_Tab_S7_-_Wagner/2022-12-01/door/aa175cd8-5f4f-4315-82c0-3226c2cf5a22.wav", "json_key": "Galaxy_Tab_S7_-_Wagner/2022-12-01/door/aa175cd8-5f4f-4315-82c0-3226c2cf5a22.json", "autolabels": {"YAMNet_aggregate": [{"location": {"start": 0.0, "end": 2.0}, "classifications": ["Dishes, pots, and pans", "Cutlery, silverware", "Inside, small room", "Speech", "Bird"], "labels": ["Dishes, pots, and pans", "Cutlery, silverware", "Inside, small room", "Speech", "Bird"], "confidences": [0.17112110555171967, 0.1544080674648285, 0.08703190833330154, 0.07722850143909454, 0.0660553053021431], "model": "TF-YAMNet-V1", "inf_time": 0.044303}], "YAMNet": [{"location": {"start": 0.0, "end": 0.96}, "classifications": ["Speech"], "labels": ["Speech"], "confidences": [0.25017938017845154], "model": "TF-YAMNet-V1", "inf_time": 0.011076}, {"location": {"start": 0.48, "end": 1.44}, "classifications": ["Bird", "Wild animals", "Animal"], "labels": ["Bird", "Wild animals", "Animal"], "confidences": [0.26101258397102356, 0.2490314096212387, 0.23876534402370453], "model": "TF-YAMNet-V1", "inf_time": 0.011076}, {"location": {"start": 0.96, "end": 1.92}, "classifications": ["Dishes, pots, and pans", "Cutlery, silverware", "Glass"], "labels": ["Dishes, pots, and pans", "Cutlery, silverware", "Glass"], "confidences": [0.6596256494522095, 0.6157658100128174, 0.1578880250453949], "model": "TF-YAMNet-V1", "inf_time": 0.011076}, {"location": {"start": 1.44, "end": 2.4}, "classifications": ["Percussion", "Wood block", "Musical instrument"], "labels": ["Percussion", "Wood block", "Musical instrument"], "confidences": [0.11009874194860458, 0.10439218580722809, 0.09194403141736984], "model": "TF-YAMNet-V1", "inf_time": 0.011076}]}}