{"filename": "ab4ab85b-da50-4f9c-9224-4ca2663e7e79", "time": "2022-10-27T01:38:21Z", "device_manufacturer": "samsung", "device_model": "SM-T870", "device_callsign": "Galaxy Tab S7 - Wagner", "mac_address": "02:00:00:00:00:00", "extension": "wav", "data_type": "audio", "sample_rate": 44100, "events": [{"classifications": ["door"], "confidences": [0.9717063307762146], "location": {"start": 0, "end": 12}, "labels": ["door"]}, {"classifications": ["door"], "confidences": [0.9423434138298035], "location": {"start": 0, "end": 13}, "labels": ["door"]}], "labels": ["door"], "confidences": [0.9717063307762146], "s3_bucket": "pi-zero-audio-data", "audio": "https://pi-zero-audio-data.s3.us-east-2.amazonaws.com/Galaxy_Tab_S7_-_Wagner/2022-12-01/door/ab4ab85b-da50-4f9c-9224-4ca2663e7e79.wav", "object_key": "Galaxy_Tab_S7_-_Wagner/2022-12-01/door/ab4ab85b-da50-4f9c-9224-4ca2663e7e79.wav", "json_key": "Galaxy_Tab_S7_-_Wagner/2022-12-01/door/ab4ab85b-da50-4f9c-9224-4ca2663e7e79.json", "autolabels": {"YAMNet_aggregate": [{"location": {"start": 0.0, "end": 2.0}, "classifications": ["Sliding door", "Inside, small room", "Door", "Animal", "Inside, large room or hall"], "labels": ["Sliding door", "Inside, small room", "Door", "Animal", "Inside, large room or hall"], "confidences": [0.17411094903945923, 0.15162032842636108, 0.1210918053984642, 0.057563915848731995, 0.054754242300987244], "model": "TF-YAMNet-V1", "inf_time": 0.047095}], "YAMNet": [{"location": {"start": 0.0, "end": 0.96}, "classifications": ["Sliding door", "Door", "Inside, small room"], "labels": ["Sliding door", "Door", "Inside, small room"], "confidences": [0.25278496742248535, 0.24593126773834229, 0.18012584745883942], "model": "TF-YAMNet-V1", "inf_time": 0.011774}, {"location": {"start": 0.48, "end": 1.44}, "classifications": ["Sliding door", "Inside, small room", "Door"], "labels": ["Sliding door", "Inside, small room", "Door"], "confidences": [0.3324337899684906, 0.29711878299713135, 0.18683327734470367], "model": "TF-YAMNet-V1", "inf_time": 0.011774}, {"location": {"start": 0.96, "end": 1.92}, "classifications": ["Inside, small room", "Animal", "Domestic animals, pets"], "labels": ["Inside, small room", "Animal", "Domestic animals, pets"], "confidences": [0.09442058205604553, 0.0933300033211708, 0.05927983298897743], "model": "TF-YAMNet-V1", "inf_time": 0.011774}, {"location": {"start": 1.44, "end": 2.4}, "classifications": ["Sliding door", "Vehicle", "Outside, urban or manmade"], "labels": ["Sliding door", "Vehicle", "Outside, urban or manmade"], "confidences": [0.11108408123254776, 0.07504617422819138, 0.052685901522636414], "model": "TF-YAMNet-V1", "inf_time": 0.011774}]}}