{"filename": "ae94de07-d2a1-4a44-a2c8-03e9cab7f74b", "time": "2022-10-27T20:55:00Z", "device_manufacturer": "samsung", "device_model": "SM-T870", "device_callsign": "Galaxy Tab S7 - Wagner", "mac_address": "02:00:00:00:00:00", "extension": "wav", "data_type": "audio", "sample_rate": 44100, "events": [{"classifications": ["door"], "confidences": [0.9997301697731018], "location": {"start": 0, "end": 8}, "labels": ["door"]}, {"classifications": ["likely_door"], "confidences": [0.5125362873077393], "location": {"start": 0, "end": 9}, "labels": ["door"]}], "labels": ["door", "likely_door"], "confidences": [0.9997301697731018, 0.5125362873077393], "s3_bucket": "pi-zero-audio-data", "audio": "https://pi-zero-audio-data.s3.us-east-2.amazonaws.com/Galaxy_Tab_S7_-_Wagner/2022-12-01/door/ae94de07-d2a1-4a44-a2c8-03e9cab7f74b.wav", "object_key": "Galaxy_Tab_S7_-_Wagner/2022-12-01/door/ae94de07-d2a1-4a44-a2c8-03e9cab7f74b.wav", "json_key": "Galaxy_Tab_S7_-_Wagner/2022-12-01/door/ae94de07-d2a1-4a44-a2c8-03e9cab7f74b.json", "autolabels": {"YAMNet_aggregate": [{"location": {"start": 0.0, "end": 2.0}, "classifications": ["Inside, small room", "Animal", "Inside, large room or hall", "Sliding door", "Wild animals"], "labels": ["Inside, small room", "Animal", "Inside, large room or hall", "Sliding door", "Wild animals"], "confidences": [0.15488338470458984, 0.07044071704149246, 0.06489098817110062, 0.05979363992810249, 0.054253458976745605], "model": "TF-YAMNet-V1", "inf_time": 0.044682}], "YAMNet": [{"location": {"start": 0.0, "end": 0.96}, "classifications": ["Animal", "Wild animals", "Rodents, rats, mice"], "labels": ["Animal", "Wild animals", "Rodents, rats, mice"], "confidences": [0.22070787847042084, 0.19867591559886932, 0.18161822855472565], "model": "TF-YAMNet-V1", "inf_time": 0.01117}, {"location": {"start": 0.48, "end": 1.44}, "classifications": ["Speech"], "labels": ["Speech"], "confidences": [0.12440788745880127], "model": "TF-YAMNet-V1", "inf_time": 0.01117}, {"location": {"start": 0.96, "end": 1.92}, "classifications": ["Inside, small room", "Inside, large room or hall"], "labels": ["Inside, small room", "Inside, large room or hall"], "confidences": [0.3278317153453827, 0.09591910243034363], "model": "TF-YAMNet-V1", "inf_time": 0.01117}, {"location": {"start": 1.44, "end": 2.4}, "classifications": ["Inside, small room", "Sliding door", "Door"], "labels": ["Inside, small room", "Sliding door", "Door"], "confidences": [0.15717382729053497, 0.13505671918392181, 0.09664719551801682], "model": "TF-YAMNet-V1", "inf_time": 0.01117}]}}