{"filename": "aff94a5a-9b40-4496-afa4-97da01600cd7", "time": "2022-10-20T18:28:40Z", "device_manufacturer": "samsung", "device_model": "SM-T870", "device_callsign": "Galaxy Tab S7 - Wagner", "mac_address": "02:00:00:00:00:00", "extension": "wav", "data_type": "audio", "sample_rate": 44100, "events": [{"classifications": ["door"], "confidences": [0.9855027198791504], "location": {"start": 0, "end": 9}, "labels": ["door"]}, {"classifications": ["door"], "confidences": [0.9957374930381775], "location": {"start": 0, "end": 20}, "labels": ["door"]}, {"classifications": ["door"], "confidences": [0.9997833967208862], "location": {"start": 0, "end": 8}, "labels": ["door"]}, {"classifications": ["voices"], "confidences": [0.9989370107650757], "location": {"start": 0, "end": 15}, "labels": ["voices"]}, {"classifications": ["voices"], "confidences": [0.9895831942558289], "location": {"start": 0, "end": 8}, "labels": ["voices"]}], "labels": ["door", "voices"], "confidences": [0.9997833967208862, 0.9989370107650757], "s3_bucket": "pi-zero-audio-data", "audio": "https://pi-zero-audio-data.s3.us-east-2.amazonaws.com/Galaxy_Tab_S7_-_Wagner/2022-12-01/door/aff94a5a-9b40-4496-afa4-97da01600cd7.wav", "object_key": "Galaxy_Tab_S7_-_Wagner/2022-12-01/door/aff94a5a-9b40-4496-afa4-97da01600cd7.wav", "json_key": "Galaxy_Tab_S7_-_Wagner/2022-12-01/door/aff94a5a-9b40-4496-afa4-97da01600cd7.json", "autolabels": {"YAMNet_aggregate": [{"location": {"start": 0.0, "end": 4.0}, "classifications": ["Speech", "Squish", "Glass", "Sliding door"], "labels": ["Speech", "Squish", "Glass", "Sliding door"], "confidences": [0.7321969866752625, 0.08909541368484497, 0.056594692170619965, 0.05278414860367775], "model": "TF-YAMNet-V1", "inf_time": 0.070519}], "YAMNet": [{"location": {"start": 0.0, "end": 0.96}, "classifications": ["Speech"], "labels": ["Speech"], "confidences": [0.9625057578086853], "model": "TF-YAMNet-V1", "inf_time": 0.008815}, {"location": {"start": 0.48, "end": 1.44}, "classifications": ["Speech"], "labels": ["Speech"], "confidences": [0.9758526086807251], "model": "TF-YAMNet-V1", "inf_time": 0.008815}, {"location": {"start": 0.96, "end": 1.92}, "classifications": ["Speech"], "labels": ["Speech"], "confidences": [0.987136721611023], "model": "TF-YAMNet-V1", "inf_time": 0.008815}, {"location": {"start": 1.44, "end": 2.4}, "classifications": ["Speech", "Narration, monologue"], "labels": ["Speech", "Narration, monologue"], "confidences": [0.9870208501815796, 0.0620158426463604], "model": "TF-YAMNet-V1", "inf_time": 0.008815}, {"location": {"start": 1.92, "end": 2.88}, "classifications": ["Speech"], "labels": ["Speech"], "confidences": [0.9439707398414612], "model": "TF-YAMNet-V1", "inf_time": 0.008815}, {"location": {"start": 2.4, "end": 3.36}, "classifications": ["Speech"], "labels": ["Speech"], "confidences": [0.9685706496238708], "model": "TF-YAMNet-V1", "inf_time": 0.008815}, {"location": {"start": 2.88, "end": 3.84}, "classifications": ["Squish", "Inside, small room", "Crack"], "labels": ["Squish", "Inside, small room", "Crack"], "confidences": [0.35203245282173157, 0.2745029926300049, 0.25228026509284973], "model": "TF-YAMNet-V1", "inf_time": 0.008815}, {"location": {"start": 3.36, "end": 4.32}, "classifications": ["Squish", "Sliding door", "Glass"], "labels": ["Squish", "Sliding door", "Glass"], "confidences": [0.36072492599487305, 0.30929163098335266, 0.2892962694168091], "model": "TF-YAMNet-V1", "inf_time": 0.008815}]}}