{"filename": "b1c6bb5d-1eec-4871-99c2-bd4ed4b7d764", "time": "2022-10-26T20:23:41Z", "device_manufacturer": "samsung", "device_model": "SM-T870", "device_callsign": "Galaxy Tab S7 - Wagner", "mac_address": "02:00:00:00:00:00", "extension": "wav", "data_type": "audio", "sample_rate": 44100, "events": [{"classifications": ["door"], "confidences": [0.8706496357917786], "location": {"start": 0, "end": 10}, "labels": ["door"]}, {"classifications": ["likely_door"], "confidences": [0.8041004538536072], "location": {"start": 0, "end": 15}, "labels": ["door"]}], "labels": ["door", "likely_door"], "confidences": [0.8706496357917786, 0.8041004538536072], "s3_bucket": "pi-zero-audio-data", "audio": "https://pi-zero-audio-data.s3.us-east-2.amazonaws.com/Galaxy_Tab_S7_-_Wagner/2022-12-01/door/b1c6bb5d-1eec-4871-99c2-bd4ed4b7d764.wav", "object_key": "Galaxy_Tab_S7_-_Wagner/2022-12-01/door/b1c6bb5d-1eec-4871-99c2-bd4ed4b7d764.wav", "json_key": "Galaxy_Tab_S7_-_Wagner/2022-12-01/door/b1c6bb5d-1eec-4871-99c2-bd4ed4b7d764.json", "autolabels": {"YAMNet_aggregate": [{"location": {"start": 0.0, "end": 2.0}, "classifications": ["Sliding door", "Inside, small room", "Cupboard open or close", "Door", "Drawer open or close"], "labels": ["Sliding door", "Inside, small room", "Cupboard open or close", "Door", "Drawer open or close"], "confidences": [0.2181948870420456, 0.19538173079490662, 0.16297565400600433, 0.12292324751615524, 0.10534211993217468], "model": "TF-YAMNet-V1", "inf_time": 0.048919}], "YAMNet": [{"location": {"start": 0.0, "end": 0.96}, "classifications": ["Inside, small room", "Sliding door", "Door"], "labels": ["Inside, small room", "Sliding door", "Door"], "confidences": [0.24067740142345428, 0.12192663550376892, 0.11298912018537521], "model": "TF-YAMNet-V1", "inf_time": 0.01223}, {"location": {"start": 0.48, "end": 1.44}, "classifications": ["Inside, small room", "Sliding door", "Door"], "labels": ["Inside, small room", "Sliding door", "Door"], "confidences": [0.21791157126426697, 0.1523672193288803, 0.08996273577213287], "model": "TF-YAMNet-V1", "inf_time": 0.01223}, {"location": {"start": 0.96, "end": 1.92}, "classifications": ["Sliding door", "Cupboard open or close", "Drawer open or close"], "labels": ["Sliding door", "Cupboard open or close", "Drawer open or close"], "confidences": [0.5919332504272461, 0.5525193214416504, 0.32659822702407837], "model": "TF-YAMNet-V1", "inf_time": 0.01223}, {"location": {"start": 1.44, "end": 2.4}, "classifications": ["Silence", "Vehicle", "Rustle"], "labels": ["Silence", "Vehicle", "Rustle"], "confidences": [0.14827203750610352, 0.10565131902694702, 0.07837142050266266], "model": "TF-YAMNet-V1", "inf_time": 0.01223}]}}