{"filename": "b3234aec-2d54-4778-8e48-34a5ea3f5964", "time": "2022-10-27T18:50:09Z", "device_manufacturer": "samsung", "device_model": "SM-T870", "device_callsign": "Galaxy Tab S7 - Wagner", "mac_address": "02:00:00:00:00:00", "extension": "wav", "data_type": "audio", "sample_rate": 44100, "events": [{"classifications": ["likely_door"], "confidences": [0.6347424983978271], "location": {"start": 0, "end": 14}, "labels": ["door"]}, {"classifications": ["door"], "confidences": [0.9971126914024353], "location": {"start": 0, "end": 9}, "labels": ["door"]}, {"classifications": ["door"], "confidences": [0.9960085153579712], "location": {"start": 0, "end": 14}, "labels": ["door"]}, {"classifications": ["unknown"], "confidences": [0.4553622007369995], "location": {"start": 0, "end": 10}, "labels": ["door"]}], "labels": ["likely_door", "door", "unknown"], "confidences": [0.6347424983978271, 0.9971126914024353, 0.4553622007369995], "s3_bucket": "pi-zero-audio-data", "audio": "https://pi-zero-audio-data.s3.us-east-2.amazonaws.com/Galaxy_Tab_S7_-_Wagner/2022-12-01/door/b3234aec-2d54-4778-8e48-34a5ea3f5964.wav", "object_key": "Galaxy_Tab_S7_-_Wagner/2022-12-01/door/b3234aec-2d54-4778-8e48-34a5ea3f5964.wav", "json_key": "Galaxy_Tab_S7_-_Wagner/2022-12-01/door/b3234aec-2d54-4778-8e48-34a5ea3f5964.json", "autolabels": {"YAMNet_aggregate": [{"location": {"start": 0.0, "end": 6.0}, "classifications": ["Sliding door", "Inside, small room", "Door", "Inside, large room or hall", "Vehicle"], "labels": ["Sliding door", "Inside, small room", "Door", "Inside, large room or hall", "Vehicle"], "confidences": [0.21791549026966095, 0.1392313838005066, 0.11929968744516373, 0.08461293578147888, 0.06747715175151825], "model": "TF-YAMNet-V1", "inf_time": 0.046253}], "YAMNet": [{"location": {"start": 0.0, "end": 0.96}, "classifications": ["White noise", "Inside, small room"], "labels": ["White noise", "Inside, small room"], "confidences": [0.14787782728672028, 0.09599920362234116], "model": "TF-YAMNet-V1", "inf_time": 0.003854}, {"location": {"start": 0.48, "end": 1.44}, "classifications": ["Sliding door", "Door", "Inside, small room"], "labels": ["Sliding door", "Door", "Inside, small room"], "confidences": [0.46463918685913086, 0.2445652335882187, 0.18172667920589447], "model": "TF-YAMNet-V1", "inf_time": 0.003854}, {"location": {"start": 0.96, "end": 1.92}, "classifications": ["Sliding door", "Door", "Inside, small room"], "labels": ["Sliding door", "Door", "Inside, small room"], "confidences": [0.41700074076652527, 0.16330119967460632, 0.16224779188632965], "model": "TF-YAMNet-V1", "inf_time": 0.003854}, {"location": {"start": 1.44, "end": 2.4}, "classifications": ["Thump, thud", "Arrow", "Music"], "labels": ["Thump, thud", "Arrow", "Music"], "confidences": [0.30746009945869446, 0.24329082667827606, 0.12383082509040833], "model": "TF-YAMNet-V1", "inf_time": 0.003854}, {"location": {"start": 1.92, "end": 2.88}, "classifications": ["Music", "Inside, large room or hall"], "labels": ["Music", "Inside, large room or hall"], "confidences": [0.552647590637207, 0.05011565983295441], "model": "TF-YAMNet-V1", "inf_time": 0.003854}, {"location": {"start": 2.4, "end": 3.36}, "classifications": ["Sliding door", "Door", "Bus"], "labels": ["Sliding door", "Door", "Bus"], "confidences": [0.5944837927818298, 0.3298822045326233, 0.20203688740730286], "model": "TF-YAMNet-V1", "inf_time": 0.003854}, {"location": {"start": 2.88, "end": 3.84}, "classifications": ["Vehicle", "Rail transport", "Train"], "labels": ["Vehicle", "Rail transport", "Train"], "confidences": [0.38686859607696533, 0.3147352933883667, 0.29001137614250183], "model": "TF-YAMNet-V1", "inf_time": 0.003854}, {"location": {"start": 3.36, "end": 4.32}, "classifications": ["Inside, small room", "Mechanisms", "Vehicle"], "labels": ["Inside, small room", "Mechanisms", "Vehicle"], "confidences": [0.1311074048280716, 0.08148716390132904, 0.07121406495571136], "model": "TF-YAMNet-V1", "inf_time": 0.003854}, {"location": {"start": 3.84, "end": 4.8}, "classifications": ["Inside, small room", "Inside, large room or hall"], "labels": ["Inside, small room", "Inside, large room or hall"], "confidences": [0.11501971632242203, 0.07761611044406891], "model": "TF-YAMNet-V1", "inf_time": 0.003854}, {"location": {"start": 4.32, "end": 5.28}, "classifications": ["Inside, small room", "Sliding door", "Drawer open or close"], "labels": ["Inside, small room", "Sliding door", "Drawer open or close"], "confidences": [0.4214307367801666, 0.20028431713581085, 0.11806300282478333], "model": "TF-YAMNet-V1", "inf_time": 0.003854}, {"location": {"start": 4.8, "end": 5.76}, "classifications": ["Cupboard open or close", "Sliding door", "Drawer open or close"], "labels": ["Cupboard open or close", "Sliding door", "Drawer open or close"], "confidences": [0.6590859889984131, 0.6556143760681152, 0.45032450556755066], "model": "TF-YAMNet-V1", "inf_time": 0.003854}, {"location": {"start": 5.28, "end": 6.24}, "classifications": ["Whoosh, swoosh, swish", "Arrow", "Explosion"], "labels": ["Whoosh, swoosh, swish", "Arrow", "Explosion"], "confidences": [0.23683209717273712, 0.1997610181570053, 0.17708371579647064], "model": "TF-YAMNet-V1", "inf_time": 0.003854}]}}