{"filename": "b67543af-f855-4188-8deb-303eeeb88af8", "time": "2022-10-27T00:19:52Z", "device_manufacturer": "samsung", "device_model": "SM-T870", "device_callsign": "Galaxy Tab S7 - Wagner", "mac_address": "02:00:00:00:00:00", "extension": "wav", "data_type": "audio", "sample_rate": 44100, "events": [{"classifications": ["unknown"], "confidences": [0.41190892457962036], "location": {"start": 0, "end": 10}, "labels": ["door"]}, {"classifications": ["door"], "confidences": [0.9821195006370544], "location": {"start": 0, "end": 9}, "labels": ["door"]}], "labels": ["unknown", "door"], "confidences": [0.41190892457962036, 0.9821195006370544], "s3_bucket": "pi-zero-audio-data", "audio": "https://pi-zero-audio-data.s3.us-east-2.amazonaws.com/Galaxy_Tab_S7_-_Wagner/2022-12-01/door/b67543af-f855-4188-8deb-303eeeb88af8.wav", "object_key": "Galaxy_Tab_S7_-_Wagner/2022-12-01/door/b67543af-f855-4188-8deb-303eeeb88af8.wav", "json_key": "Galaxy_Tab_S7_-_Wagner/2022-12-01/door/b67543af-f855-4188-8deb-303eeeb88af8.json", "autolabels": {"YAMNet_aggregate": [{"location": {"start": 0.0, "end": 2.0}, "classifications": ["Inside, small room", "Inside, large room or hall"], "labels": ["Inside, small room", "Inside, large room or hall"], "confidences": [0.2526763677597046, 0.052195481956005096], "model": "TF-YAMNet-V1", "inf_time": 0.055535}], "YAMNet": [{"location": {"start": 0.0, "end": 0.96}, "classifications": ["Inside, small room", "Drawer open or close", "Inside, large room or hall"], "labels": ["Inside, small room", "Drawer open or close", "Inside, large room or hall"], "confidences": [0.4795399010181427, 0.1427014321088791, 0.14132718741893768], "model": "TF-YAMNet-V1", "inf_time": 0.013884}, {"location": {"start": 0.48, "end": 1.44}, "classifications": ["Inside, small room", "Mechanical fan", "Sliding door"], "labels": ["Inside, small room", "Mechanical fan", "Sliding door"], "confidences": [0.2715606391429901, 0.053234439343214035, 0.05188858509063721], "model": "TF-YAMNet-V1", "inf_time": 0.013884}, {"location": {"start": 0.96, "end": 1.92}, "classifications": ["Inside, small room"], "labels": ["Inside, small room"], "confidences": [0.24407191574573517], "model": "TF-YAMNet-V1", "inf_time": 0.013884}, {"location": {"start": 1.44, "end": 2.4}, "classifications": ["Rustle", "Wind", "Silence"], "labels": ["Rustle", "Wind", "Silence"], "confidences": [0.13425908982753754, 0.10440117120742798, 0.08892599493265152], "model": "TF-YAMNet-V1", "inf_time": 0.013884}]}}