{"filename": "bc6816e6-f202-4077-9d0a-c80f9b06a755", "time": "2022-10-26T22:49:39Z", "device_manufacturer": "samsung", "device_model": "SM-T870", "device_callsign": "Galaxy Tab S7 - Wagner", "mac_address": "02:00:00:00:00:00", "extension": "wav", "data_type": "audio", "sample_rate": 44100, "events": [{"classifications": ["door"], "confidences": [0.9992258548736572], "location": {"start": 0, "end": 10}, "labels": ["door"]}, {"classifications": ["door"], "confidences": [0.9963725805282593], "location": {"start": 0, "end": 11}, "labels": ["door"]}, {"classifications": ["door"], "confidences": [0.9591144919395447], "location": {"start": 0, "end": 9}, "labels": ["door"]}], "labels": ["door"], "confidences": [0.9992258548736572], "s3_bucket": "pi-zero-audio-data", "audio": "https://pi-zero-audio-data.s3.us-east-2.amazonaws.com/Galaxy_Tab_S7_-_Wagner/2022-12-01/door/bc6816e6-f202-4077-9d0a-c80f9b06a755.wav", "object_key": "Galaxy_Tab_S7_-_Wagner/2022-12-01/door/bc6816e6-f202-4077-9d0a-c80f9b06a755.wav", "json_key": "Galaxy_Tab_S7_-_Wagner/2022-12-01/door/bc6816e6-f202-4077-9d0a-c80f9b06a755.json", "autolabels": {"YAMNet_aggregate": [{"location": {"start": 0.0, "end": 4.0}, "classifications": ["Speech", "Inside, small room", "Dog", "Domestic animals, pets"], "labels": ["Speech", "Inside, small room", "Dog", "Domestic animals, pets"], "confidences": [0.32667669653892517, 0.06589992344379425, 0.06222831830382347, 0.05907028540968895], "model": "TF-YAMNet-V1", "inf_time": 0.049803}], "YAMNet": [{"location": {"start": 0.0, "end": 0.96}, "classifications": ["Speech"], "labels": ["Speech"], "confidences": [0.08109556138515472], "model": "TF-YAMNet-V1", "inf_time": 0.006225}, {"location": {"start": 0.48, "end": 1.44}, "classifications": ["Speech", "Inside, small room"], "labels": ["Speech", "Inside, small room"], "confidences": [0.17765682935714722, 0.054833367466926575], "model": "TF-YAMNet-V1", "inf_time": 0.006225}, {"location": {"start": 0.96, "end": 1.92}, "classifications": ["Speech", "Domestic animals, pets", "Dog"], "labels": ["Speech", "Domestic animals, pets", "Dog"], "confidences": [0.18774782121181488, 0.1071290522813797, 0.10434497892856598], "model": "TF-YAMNet-V1", "inf_time": 0.006225}, {"location": {"start": 1.44, "end": 2.4}, "classifications": ["Speech", "Inside, small room"], "labels": ["Speech", "Inside, small room"], "confidences": [0.36567744612693787, 0.08768560737371445], "model": "TF-YAMNet-V1", "inf_time": 0.006225}, {"location": {"start": 1.92, "end": 2.88}, "classifications": ["Dog", "Domestic animals, pets", "Animal"], "labels": ["Dog", "Domestic animals, pets", "Animal"], "confidences": [0.3611489534378052, 0.32879090309143066, 0.2854352295398712], "model": "TF-YAMNet-V1", "inf_time": 0.006225}, {"location": {"start": 2.4, "end": 3.36}, "classifications": ["Speech", "Dishes, pots, and pans", "Inside, small room"], "labels": ["Speech", "Dishes, pots, and pans", "Inside, small room"], "confidences": [0.5948299169540405, 0.10338786244392395, 0.10230714827775955], "model": "TF-YAMNet-V1", "inf_time": 0.006225}, {"location": {"start": 2.88, "end": 3.84}, "classifications": ["Speech", "Inside, small room"], "labels": ["Speech", "Inside, small room"], "confidences": [0.5696232318878174, 0.05852850154042244], "model": "TF-YAMNet-V1", "inf_time": 0.006225}, {"location": {"start": 3.36, "end": 4.32}, "classifications": ["Speech", "Inside, small room"], "labels": ["Speech", "Inside, small room"], "confidences": [0.5477900505065918, 0.050573237240314484], "model": "TF-YAMNet-V1", "inf_time": 0.006225}]}}