{"filename": "bd2b3e34-aed7-4e52-ac05-16db5d446717", "time": "2022-10-27T17:01:48Z", "device_manufacturer": "samsung", "device_model": "SM-T870", "device_callsign": "Galaxy Tab S7 - Wagner", "mac_address": "02:00:00:00:00:00", "extension": "wav", "data_type": "audio", "sample_rate": 44100, "events": [{"classifications": ["door"], "confidences": [0.9443994760513306], "location": {"start": 0, "end": 10}, "labels": ["door"]}, {"classifications": ["door"], "confidences": [0.9798256158828735], "location": {"start": 0, "end": 15}, "labels": ["door"]}], "labels": ["door"], "confidences": [0.9798256158828735], "s3_bucket": "pi-zero-audio-data", "audio": "https://pi-zero-audio-data.s3.us-east-2.amazonaws.com/Galaxy_Tab_S7_-_Wagner/2022-12-01/door/bd2b3e34-aed7-4e52-ac05-16db5d446717.wav", "object_key": "Galaxy_Tab_S7_-_Wagner/2022-12-01/door/bd2b3e34-aed7-4e52-ac05-16db5d446717.wav", "json_key": "Galaxy_Tab_S7_-_Wagner/2022-12-01/door/bd2b3e34-aed7-4e52-ac05-16db5d446717.json", "autolabels": {"YAMNet_aggregate": [{"location": {"start": 0.0, "end": 2.0}, "classifications": ["Inside, small room", "Inside, large room or hall", "Sliding door"], "labels": ["Inside, small room", "Inside, large room or hall", "Sliding door"], "confidences": [0.27626579999923706, 0.09304387867450714, 0.05473862588405609], "model": "TF-YAMNet-V1", "inf_time": 0.047931}], "YAMNet": [{"location": {"start": 0.0, "end": 0.96}, "classifications": ["Inside, small room", "Inside, large room or hall", "Door"], "labels": ["Inside, small room", "Inside, large room or hall", "Door"], "confidences": [0.18712659180164337, 0.07720950245857239, 0.07596827298402786], "model": "TF-YAMNet-V1", "inf_time": 0.011983}, {"location": {"start": 0.48, "end": 1.44}, "classifications": ["Inside, small room", "Inside, large room or hall", "Sliding door"], "labels": ["Inside, small room", "Inside, large room or hall", "Sliding door"], "confidences": [0.3349434435367584, 0.19531339406967163, 0.07708586007356644], "model": "TF-YAMNet-V1", "inf_time": 0.011983}, {"location": {"start": 0.96, "end": 1.92}, "classifications": ["Inside, small room", "Inside, large room or hall"], "labels": ["Inside, small room", "Inside, large room or hall"], "confidences": [0.5080071687698364, 0.06906446814537048], "model": "TF-YAMNet-V1", "inf_time": 0.011983}, {"location": {"start": 1.44, "end": 2.4}, "classifications": ["Vehicle", "Sliding door", "Mechanisms"], "labels": ["Vehicle", "Sliding door", "Mechanisms"], "confidences": [0.11075171828269958, 0.08217108249664307, 0.07774023711681366], "model": "TF-YAMNet-V1", "inf_time": 0.011983}]}}