{"filename": "bec16234-ca1e-449c-8dbc-4fcb3a75d9eb", "time": "2022-10-27T01:30:41Z", "device_manufacturer": "samsung", "device_model": "SM-T870", "device_callsign": "Galaxy Tab S7 - Wagner", "mac_address": "02:00:00:00:00:00", "extension": "wav", "data_type": "audio", "sample_rate": 44100, "events": [{"classifications": ["door"], "confidences": [0.998154878616333], "location": {"start": 0, "end": 8}, "labels": ["door"]}, {"classifications": ["door"], "confidences": [0.993392825126648], "location": {"start": 0, "end": 17}, "labels": ["door"]}, {"classifications": ["door"], "confidences": [0.9374181032180786], "location": {"start": 0, "end": 10}, "labels": ["door"]}, {"classifications": ["door"], "confidences": [0.8857460021972656], "location": {"start": 0, "end": 9}, "labels": ["door"]}], "labels": ["door"], "confidences": [0.998154878616333], "s3_bucket": "pi-zero-audio-data", "audio": "https://pi-zero-audio-data.s3.us-east-2.amazonaws.com/Galaxy_Tab_S7_-_Wagner/2022-12-01/door/bec16234-ca1e-449c-8dbc-4fcb3a75d9eb.wav", "object_key": "Galaxy_Tab_S7_-_Wagner/2022-12-01/door/bec16234-ca1e-449c-8dbc-4fcb3a75d9eb.wav", "json_key": "Galaxy_Tab_S7_-_Wagner/2022-12-01/door/bec16234-ca1e-449c-8dbc-4fcb3a75d9eb.json", "autolabels": {"YAMNet_aggregate": [{"location": {"start": 0.0, "end": 6.0}, "classifications": ["Inside, small room", "Drawer open or close", "Sliding door", "Door", "Inside, large room or hall"], "labels": ["Inside, small room", "Drawer open or close", "Sliding door", "Door", "Inside, large room or hall"], "confidences": [0.30822211503982544, 0.16558770835399628, 0.10361871123313904, 0.09305304288864136, 0.06287334114313126], "model": "TF-YAMNet-V1", "inf_time": 0.043859}], "YAMNet": [{"location": {"start": 0.0, "end": 0.96}, "classifications": ["Sliding door", "Door", "Drawer open or close"], "labels": ["Sliding door", "Door", "Drawer open or close"], "confidences": [0.5653917789459229, 0.4990077018737793, 0.3225865662097931], "model": "TF-YAMNet-V1", "inf_time": 0.003655}, {"location": {"start": 0.48, "end": 1.44}, "classifications": ["Inside, small room", "Mechanical fan", "Mechanisms"], "labels": ["Inside, small room", "Mechanical fan", "Mechanisms"], "confidences": [0.5495781898498535, 0.212462916970253, 0.07065218687057495], "model": "TF-YAMNet-V1", "inf_time": 0.003655}, {"location": {"start": 0.96, "end": 1.92}, "classifications": ["Inside, small room", "Mechanisms", "Typing"], "labels": ["Inside, small room", "Mechanisms", "Typing"], "confidences": [0.2875835597515106, 0.12734480202198029, 0.11969181150197983], "model": "TF-YAMNet-V1", "inf_time": 0.003655}, {"location": {"start": 1.44, "end": 2.4}, "classifications": ["Inside, small room", "Mechanical fan", "Mechanisms"], "labels": ["Inside, small room", "Mechanical fan", "Mechanisms"], "confidences": [0.3980840742588043, 0.22047285735607147, 0.10354170948266983], "model": "TF-YAMNet-V1", "inf_time": 0.003655}, {"location": {"start": 1.92, "end": 2.88}, "classifications": ["Inside, small room", "Door", "Motor vehicle (road)"], "labels": ["Inside, small room", "Door", "Motor vehicle (road)"], "confidences": [0.2933535575866699, 0.07544216513633728, 0.06889963150024414], "model": "TF-YAMNet-V1", "inf_time": 0.003655}, {"location": {"start": 2.4, "end": 3.36}, "classifications": ["Speech", "Inside, small room"], "labels": ["Speech", "Inside, small room"], "confidences": [0.1810731440782547, 0.14905765652656555], "model": "TF-YAMNet-V1", "inf_time": 0.003655}, {"location": {"start": 2.88, "end": 3.84}, "classifications": ["Drawer open or close", "Inside, small room", "Cupboard open or close"], "labels": ["Drawer open or close", "Inside, small room", "Cupboard open or close"], "confidences": [0.6013212203979492, 0.3202531337738037, 0.15627701580524445], "model": "TF-YAMNet-V1", "inf_time": 0.003655}, {"location": {"start": 3.36, "end": 4.32}, "classifications": ["Drawer open or close", "Inside, small room", "Sliding door"], "labels": ["Drawer open or close", "Inside, small room", "Sliding door"], "confidences": [0.4560973644256592, 0.16979700326919556, 0.1625603586435318], "model": "TF-YAMNet-V1", "inf_time": 0.003655}, {"location": {"start": 3.84, "end": 4.8}, "classifications": ["Inside, small room", "Drawer open or close", "Sliding door"], "labels": ["Inside, small room", "Drawer open or close", "Sliding door"], "confidences": [0.42317289113998413, 0.37121665477752686, 0.1530517190694809], "model": "TF-YAMNet-V1", "inf_time": 0.003655}, {"location": {"start": 4.32, "end": 5.28}, "classifications": ["Inside, small room", "Drawer open or close", "Dishes, pots, and pans"], "labels": ["Inside, small room", "Drawer open or close", "Dishes, pots, and pans"], "confidences": [0.35786914825439453, 0.13883107900619507, 0.13607200980186462], "model": "TF-YAMNet-V1", "inf_time": 0.003655}, {"location": {"start": 4.8, "end": 5.76}, "classifications": ["Inside, small room", "Inside, large room or hall"], "labels": ["Inside, small room", "Inside, large room or hall"], "confidences": [0.4682307243347168, 0.06485822051763535], "model": "TF-YAMNet-V1", "inf_time": 0.003655}, {"location": {"start": 5.28, "end": 6.24}, "classifications": ["Wind", "Rustling leaves", "Mechanical fan"], "labels": ["Wind", "Rustling leaves", "Mechanical fan"], "confidences": [0.15745627880096436, 0.13293437659740448, 0.12285833060741425], "model": "TF-YAMNet-V1", "inf_time": 0.003655}]}}