{"filename": "bf18e071-fa23-4808-86c2-4f2e22fb320f", "time": "2022-10-27T16:49:55Z", "device_manufacturer": "samsung", "device_model": "SM-T870", "device_callsign": "Galaxy Tab S7 - Wagner", "mac_address": "02:00:00:00:00:00", "extension": "wav", "data_type": "audio", "sample_rate": 44100, "events": [{"classifications": ["door"], "confidences": [0.9492868185043335], "location": {"start": 0, "end": 10}, "labels": ["door"]}], "labels": ["door"], "confidences": [0.9492868185043335], "s3_bucket": "pi-zero-audio-data", "audio": "https://pi-zero-audio-data.s3.us-east-2.amazonaws.com/Galaxy_Tab_S7_-_Wagner/2022-12-01/door/bf18e071-fa23-4808-86c2-4f2e22fb320f.wav", "object_key": "Galaxy_Tab_S7_-_Wagner/2022-12-01/door/bf18e071-fa23-4808-86c2-4f2e22fb320f.wav", "json_key": "Galaxy_Tab_S7_-_Wagner/2022-12-01/door/bf18e071-fa23-4808-86c2-4f2e22fb320f.json", "autolabels": {"YAMNet_aggregate": [{"location": {"start": 0.0, "end": 0.0}, "classifications": ["Silence"], "labels": ["Silence"], "confidences": [1.0], "model": "TF-YAMNet-V1", "inf_time": 0.03329}], "YAMNet": [{"location": {"start": 0.0, "end": 0.96}, "classifications": ["Silence"], "labels": ["Silence"], "confidences": [1.0], "model": "TF-YAMNet-V1", "inf_time": 0.03329}]}}