{"filename": "c1aa89c5-7e35-4448-b927-7a4212c6b363", "time": "2022-10-26T19:58:57Z", "device_manufacturer": "samsung", "device_model": "SM-T870", "device_callsign": "Galaxy Tab S7 - Wagner", "mac_address": "02:00:00:00:00:00", "extension": "wav", "data_type": "audio", "sample_rate": 44100, "events": [{"classifications": ["door"], "confidences": [0.9643973708152771], "location": {"start": 0, "end": 11}, "labels": ["door"]}, {"classifications": ["door"], "confidences": [0.9999675750732422], "location": {"start": 0, "end": 16}, "labels": ["door"]}, {"classifications": ["door"], "confidences": [0.9988158345222473], "location": {"start": 0, "end": 10}, "labels": ["door"]}], "labels": ["door"], "confidences": [0.9999675750732422], "s3_bucket": "pi-zero-audio-data", "audio": "https://pi-zero-audio-data.s3.us-east-2.amazonaws.com/Galaxy_Tab_S7_-_Wagner/2022-12-01/door/c1aa89c5-7e35-4448-b927-7a4212c6b363.wav", "object_key": "Galaxy_Tab_S7_-_Wagner/2022-12-01/door/c1aa89c5-7e35-4448-b927-7a4212c6b363.wav", "json_key": "Galaxy_Tab_S7_-_Wagner/2022-12-01/door/c1aa89c5-7e35-4448-b927-7a4212c6b363.json", "autolabels": {"YAMNet_aggregate": [{"location": {"start": 0.0, "end": 4.0}, "classifications": ["Printer", "Mechanisms", "Inside, small room"], "labels": ["Printer", "Mechanisms", "Inside, small room"], "confidences": [0.29084551334381104, 0.25951915979385376, 0.16673828661441803], "model": "TF-YAMNet-V1", "inf_time": 0.040527}], "YAMNet": [{"location": {"start": 0.0, "end": 0.96}, "classifications": ["Inside, small room", "Rustle", "Silence"], "labels": ["Inside, small room", "Rustle", "Silence"], "confidences": [0.2290623039007187, 0.07494113594293594, 0.07000864297151566], "model": "TF-YAMNet-V1", "inf_time": 0.005066}, {"location": {"start": 0.48, "end": 1.44}, "classifications": ["Inside, small room"], "labels": ["Inside, small room"], "confidences": [0.14593884348869324], "model": "TF-YAMNet-V1", "inf_time": 0.005066}, {"location": {"start": 0.96, "end": 1.92}, "classifications": ["Printer", "Mechanisms", "Inside, small room"], "labels": ["Printer", "Mechanisms", "Inside, small room"], "confidences": [0.44776928424835205, 0.38217103481292725, 0.1743033230304718], "model": "TF-YAMNet-V1", "inf_time": 0.005066}, {"location": {"start": 1.44, "end": 2.4}, "classifications": ["Printer", "Inside, small room", "Mechanisms"], "labels": ["Printer", "Inside, small room", "Mechanisms"], "confidences": [0.3905087411403656, 0.38394999504089355, 0.1787576526403427], "model": "TF-YAMNet-V1", "inf_time": 0.005066}, {"location": {"start": 1.92, "end": 2.88}, "classifications": ["Printer", "Mechanisms", "Inside, small room"], "labels": ["Printer", "Mechanisms", "Inside, small room"], "confidences": [0.5931984782218933, 0.5362571477890015, 0.10259488224983215], "model": "TF-YAMNet-V1", "inf_time": 0.005066}, {"location": {"start": 2.4, "end": 3.36}, "classifications": ["Printer", "Mechanisms", "Inside, small room"], "labels": ["Printer", "Mechanisms", "Inside, small room"], "confidences": [0.7892049551010132, 0.7009928226470947, 0.1869327872991562], "model": "TF-YAMNet-V1", "inf_time": 0.005066}, {"location": {"start": 2.88, "end": 3.84}, "classifications": ["Sonar", "White noise", "Inside, small room"], "labels": ["Sonar", "White noise", "Inside, small room"], "confidences": [0.139840766787529, 0.13838861882686615, 0.09337355196475983], "model": "TF-YAMNet-V1", "inf_time": 0.005066}, {"location": {"start": 3.36, "end": 4.32}, "classifications": ["Mechanisms", "Clock", "Tick"], "labels": ["Mechanisms", "Clock", "Tick"], "confidences": [0.23847998678684235, 0.20820480585098267, 0.18987421691417694], "model": "TF-YAMNet-V1", "inf_time": 0.005066}]}}