{"filename": "c5458300-16c2-48e2-917b-5e3ce62e2cad", "time": "2022-10-26T21:24:25Z", "device_manufacturer": "samsung", "device_model": "SM-T870", "device_callsign": "Galaxy Tab S7 - Wagner", "mac_address": "02:00:00:00:00:00", "extension": "wav", "data_type": "audio", "sample_rate": 44100, "events": [{"classifications": ["door"], "confidences": [0.9997715950012207], "location": {"start": 0, "end": 13}, "labels": ["door"]}, {"classifications": ["door"], "confidences": [0.999855637550354], "location": {"start": 0, "end": 9}, "labels": ["door"]}], "labels": ["door"], "confidences": [0.999855637550354], "s3_bucket": "pi-zero-audio-data", "audio": "https://pi-zero-audio-data.s3.us-east-2.amazonaws.com/Galaxy_Tab_S7_-_Wagner/2022-12-01/door/c5458300-16c2-48e2-917b-5e3ce62e2cad.wav", "object_key": "Galaxy_Tab_S7_-_Wagner/2022-12-01/door/c5458300-16c2-48e2-917b-5e3ce62e2cad.wav", "json_key": "Galaxy_Tab_S7_-_Wagner/2022-12-01/door/c5458300-16c2-48e2-917b-5e3ce62e2cad.json", "autolabels": {"YAMNet_aggregate": [{"location": {"start": 0.0, "end": 2.0}, "classifications": ["Door", "Sliding door", "Inside, large room or hall", "Arrow", "Silence"], "labels": ["Door", "Sliding door", "Inside, large room or hall", "Arrow", "Silence"], "confidences": [0.12439167499542236, 0.10666339844465256, 0.10485976934432983, 0.07932978868484497, 0.07478521764278412], "model": "TF-YAMNet-V1", "inf_time": 0.056244}], "YAMNet": [{"location": {"start": 0.0, "end": 0.96}, "classifications": ["Sliding door", "Door", "Inside, large room or hall"], "labels": ["Sliding door", "Door", "Inside, large room or hall"], "confidences": [0.31525421142578125, 0.30911844968795776, 0.18833568692207336], "model": "TF-YAMNet-V1", "inf_time": 0.014061}, {"location": {"start": 0.48, "end": 1.44}, "classifications": ["Door", "Inside, large room or hall", "Arrow"], "labels": ["Door", "Inside, large room or hall", "Arrow"], "confidences": [0.17774109542369843, 0.17449335753917694, 0.12034792453050613], "model": "TF-YAMNet-V1", "inf_time": 0.014061}, {"location": {"start": 0.96, "end": 1.92}, "classifications": ["Inside, small room", "Animal", "Rustle"], "labels": ["Inside, small room", "Animal", "Rustle"], "confidences": [0.09078860282897949, 0.08558055758476257, 0.07407057285308838], "model": "TF-YAMNet-V1", "inf_time": 0.014061}, {"location": {"start": 1.44, "end": 2.4}, "classifications": ["Silence", "Wind", "Rustle"], "labels": ["Silence", "Wind", "Rustle"], "confidences": [0.23850563168525696, 0.14321881532669067, 0.11818827688694], "model": "TF-YAMNet-V1", "inf_time": 0.014061}]}}