{"filename": "c6e34f5a-7dcd-415c-a82e-0895c097c286", "time": "2022-10-20T18:17:49Z", "device_manufacturer": "samsung", "device_model": "SM-T870", "device_callsign": "Galaxy Tab S7 - Wagner", "mac_address": "02:00:00:00:00:00", "extension": "wav", "data_type": "audio", "sample_rate": 44100, "events": [{"classifications": ["door"], "confidences": [0.8868674635887146], "location": {"start": 0, "end": 11}, "labels": ["door"]}, {"classifications": ["door"], "confidences": [0.9737905263900757], "location": {"start": 0, "end": 10}, "labels": ["door"]}], "labels": ["door"], "confidences": [0.9737905263900757], "s3_bucket": "pi-zero-audio-data", "audio": "https://pi-zero-audio-data.s3.us-east-2.amazonaws.com/Galaxy_Tab_S7_-_Wagner/2022-12-01/door/c6e34f5a-7dcd-415c-a82e-0895c097c286.wav", "object_key": "Galaxy_Tab_S7_-_Wagner/2022-12-01/door/c6e34f5a-7dcd-415c-a82e-0895c097c286.wav", "json_key": "Galaxy_Tab_S7_-_Wagner/2022-12-01/door/c6e34f5a-7dcd-415c-a82e-0895c097c286.json", "autolabels": {"YAMNet_aggregate": [{"location": {"start": 0.0, "end": 0.0}, "classifications": ["Silence"], "labels": ["Silence"], "confidences": [1.0], "model": "TF-YAMNet-V1", "inf_time": 0.057171}], "YAMNet": [{"location": {"start": 0.0, "end": 0.96}, "classifications": ["Silence"], "labels": ["Silence"], "confidences": [1.0], "model": "TF-YAMNet-V1", "inf_time": 0.057171}]}}