{"filename": "c7d91a96-ae89-45d5-a890-6a62fa2f4fc2", "time": "2022-10-27T01:36:45Z", "device_manufacturer": "samsung", "device_model": "SM-T870", "device_callsign": "Galaxy Tab S7 - Wagner", "mac_address": "02:00:00:00:00:00", "extension": "wav", "data_type": "audio", "sample_rate": 44100, "events": [{"classifications": ["door"], "confidences": [0.9968990087509155], "location": {"start": 0, "end": 10}, "labels": ["door"]}, {"classifications": ["door"], "confidences": [0.9888389110565186], "location": {"start": 0, "end": 12}, "labels": ["door"]}], "labels": ["door"], "confidences": [0.9968990087509155], "s3_bucket": "pi-zero-audio-data", "audio": "https://pi-zero-audio-data.s3.us-east-2.amazonaws.com/Galaxy_Tab_S7_-_Wagner/2022-12-01/door/c7d91a96-ae89-45d5-a890-6a62fa2f4fc2.wav", "object_key": "Galaxy_Tab_S7_-_Wagner/2022-12-01/door/c7d91a96-ae89-45d5-a890-6a62fa2f4fc2.wav", "json_key": "Galaxy_Tab_S7_-_Wagner/2022-12-01/door/c7d91a96-ae89-45d5-a890-6a62fa2f4fc2.json", "autolabels": {"YAMNet_aggregate": [{"location": {"start": 0.0, "end": 2.0}, "classifications": ["Inside, small room", "Animal", "Mouse", "Sliding door", "Domestic animals, pets"], "labels": ["Inside, small room", "Animal", "Mouse", "Sliding door", "Domestic animals, pets"], "confidences": [0.33941686153411865, 0.07545419782400131, 0.07080643624067307, 0.0678173303604126, 0.06586109101772308], "model": "TF-YAMNet-V1", "inf_time": 0.062627}], "YAMNet": [{"location": {"start": 0.0, "end": 0.96}, "classifications": ["Inside, small room", "Cupboard open or close", "Drawer open or close"], "labels": ["Inside, small room", "Cupboard open or close", "Drawer open or close"], "confidences": [0.42081624269485474, 0.1482582539319992, 0.10444211959838867], "model": "TF-YAMNet-V1", "inf_time": 0.015657}, {"location": {"start": 0.48, "end": 1.44}, "classifications": ["Inside, small room", "Domestic animals, pets"], "labels": ["Inside, small room", "Domestic animals, pets"], "confidences": [0.42484140396118164, 0.05006791278719902], "model": "TF-YAMNet-V1", "inf_time": 0.015657}, {"location": {"start": 0.96, "end": 1.92}, "classifications": ["Inside, small room", "Writing", "Animal"], "labels": ["Inside, small room", "Writing", "Animal"], "confidences": [0.3646455705165863, 0.13625596463680267, 0.05370381474494934], "model": "TF-YAMNet-V1", "inf_time": 0.015657}, {"location": {"start": 1.44, "end": 2.4}, "classifications": ["Mouse", "Rodents, rats, mice", "Sliding door"], "labels": ["Mouse", "Rodents, rats, mice", "Sliding door"], "confidences": [0.25904321670532227, 0.2024243175983429, 0.16620837152004242], "model": "TF-YAMNet-V1", "inf_time": 0.015657}]}}