{"filename": "cac24264-2825-4a5a-b72b-ea606c6f9b26", "time": "2022-10-27T01:38:26Z", "device_manufacturer": "samsung", "device_model": "SM-T870", "device_callsign": "Galaxy Tab S7 - Wagner", "mac_address": "02:00:00:00:00:00", "extension": "wav", "data_type": "audio", "sample_rate": 44100, "events": [{"classifications": ["likely_door"], "confidences": [0.7701826095581055], "location": {"start": 0, "end": 16}, "labels": ["door"]}, {"classifications": ["door"], "confidences": [0.9629262685775757], "location": {"start": 0, "end": 10}, "labels": ["door"]}, {"classifications": ["door"], "confidences": [0.9565632343292236], "location": {"start": 0, "end": 11}, "labels": ["door"]}], "labels": ["likely_door", "door"], "confidences": [0.7701826095581055, 0.9629262685775757], "s3_bucket": "pi-zero-audio-data", "audio": "https://pi-zero-audio-data.s3.us-east-2.amazonaws.com/Galaxy_Tab_S7_-_Wagner/2022-12-01/door/cac24264-2825-4a5a-b72b-ea606c6f9b26.wav", "object_key": "Galaxy_Tab_S7_-_Wagner/2022-12-01/door/cac24264-2825-4a5a-b72b-ea606c6f9b26.wav", "json_key": "Galaxy_Tab_S7_-_Wagner/2022-12-01/door/cac24264-2825-4a5a-b72b-ea606c6f9b26.json", "autolabels": {"YAMNet_aggregate": [{"location": {"start": 0.0, "end": 4.0}, "classifications": ["Inside, small room", "Sliding door", "Door", "Bathtub (filling or washing)"], "labels": ["Inside, small room", "Sliding door", "Door", "Bathtub (filling or washing)"], "confidences": [0.35909974575042725, 0.06385385990142822, 0.05540919303894043, 0.05304465442895889], "model": "TF-YAMNet-V1", "inf_time": 0.068838}], "YAMNet": [{"location": {"start": 0.0, "end": 0.96}, "classifications": ["Inside, small room", "Dishes, pots, and pans"], "labels": ["Inside, small room", "Dishes, pots, and pans"], "confidences": [0.4710211753845215, 0.09614773839712143], "model": "TF-YAMNet-V1", "inf_time": 0.008605}, {"location": {"start": 0.48, "end": 1.44}, "classifications": ["Inside, small room"], "labels": ["Inside, small room"], "confidences": [0.4437018930912018], "model": "TF-YAMNet-V1", "inf_time": 0.008605}, {"location": {"start": 0.96, "end": 1.92}, "classifications": ["Sliding door", "Cupboard open or close", "Inside, small room"], "labels": ["Sliding door", "Cupboard open or close", "Inside, small room"], "confidences": [0.3699796795845032, 0.29067257046699524, 0.20638921856880188], "model": "TF-YAMNet-V1", "inf_time": 0.008605}, {"location": {"start": 1.44, "end": 2.4}, "classifications": ["Inside, small room"], "labels": ["Inside, small room"], "confidences": [0.2623930871486664], "model": "TF-YAMNet-V1", "inf_time": 0.008605}, {"location": {"start": 1.92, "end": 2.88}, "classifications": ["Inside, small room", "Domestic animals, pets"], "labels": ["Inside, small room", "Domestic animals, pets"], "confidences": [0.4664081931114197, 0.07314905524253845], "model": "TF-YAMNet-V1", "inf_time": 0.008605}, {"location": {"start": 2.4, "end": 3.36}, "classifications": ["Inside, small room", "Bathtub (filling or washing)", "Domestic animals, pets"], "labels": ["Inside, small room", "Bathtub (filling or washing)", "Domestic animals, pets"], "confidences": [0.46636757254600525, 0.09118302911520004, 0.08123618364334106], "model": "TF-YAMNet-V1", "inf_time": 0.008605}, {"location": {"start": 2.88, "end": 3.84}, "classifications": ["Inside, small room", "Bathtub (filling or washing)", "Domestic animals, pets"], "labels": ["Inside, small room", "Bathtub (filling or washing)", "Domestic animals, pets"], "confidences": [0.4875747263431549, 0.3179782032966614, 0.06660348922014236], "model": "TF-YAMNet-V1", "inf_time": 0.008605}, {"location": {"start": 3.36, "end": 4.32}, "classifications": ["Zipper (clothing)", "Scrape", "Wood"], "labels": ["Zipper (clothing)", "Scrape", "Wood"], "confidences": [0.16406859457492828, 0.11985629796981812, 0.07904665917158127], "model": "TF-YAMNet-V1", "inf_time": 0.008605}]}}