{"filename": "cccd032f-58cd-45c4-9a5a-40d249f5c344", "time": "2022-10-27T17:37:00Z", "device_manufacturer": "samsung", "device_model": "SM-T870", "device_callsign": "Galaxy Tab S7 - Wagner", "mac_address": "02:00:00:00:00:00", "extension": "wav", "data_type": "audio", "sample_rate": 44100, "events": [{"classifications": ["likely_door"], "confidences": [0.7920957803726196], "location": {"start": 0, "end": 9}, "labels": ["door"]}, {"classifications": ["door"], "confidences": [0.988959014415741], "location": {"start": 0, "end": 13}, "labels": ["door"]}, {"classifications": ["door"], "confidences": [0.9246175289154053], "location": {"start": 0, "end": 10}, "labels": ["door"]}], "labels": ["likely_door", "door"], "confidences": [0.7920957803726196, 0.988959014415741], "s3_bucket": "pi-zero-audio-data", "audio": "https://pi-zero-audio-data.s3.us-east-2.amazonaws.com/Galaxy_Tab_S7_-_Wagner/2022-12-01/door/cccd032f-58cd-45c4-9a5a-40d249f5c344.wav", "object_key": "Galaxy_Tab_S7_-_Wagner/2022-12-01/door/cccd032f-58cd-45c4-9a5a-40d249f5c344.wav", "json_key": "Galaxy_Tab_S7_-_Wagner/2022-12-01/door/cccd032f-58cd-45c4-9a5a-40d249f5c344.json", "autolabels": {"YAMNet_aggregate": [{"location": {"start": 0.0, "end": 0.0}, "classifications": ["Silence"], "labels": ["Silence"], "confidences": [1.0], "model": "TF-YAMNet-V1", "inf_time": 0.043269}], "YAMNet": [{"location": {"start": 0.0, "end": 0.96}, "classifications": ["Silence"], "labels": ["Silence"], "confidences": [1.0], "model": "TF-YAMNet-V1", "inf_time": 0.043269}]}}