{"filename": "cdd61aae-562f-4841-86a7-9250b1a24774", "time": "2022-10-27T18:03:49Z", "device_manufacturer": "samsung", "device_model": "SM-T870", "device_callsign": "Galaxy Tab S7 - Wagner", "mac_address": "02:00:00:00:00:00", "extension": "wav", "data_type": "audio", "sample_rate": 44100, "events": [{"classifications": ["door"], "confidences": [0.9946251511573792], "location": {"start": 0, "end": 9}, "labels": ["door"]}, {"classifications": ["door"], "confidences": [0.9997071623802185], "location": {"start": 0, "end": 14}, "labels": ["door"]}, {"classifications": ["door"], "confidences": [0.9789655208587646], "location": {"start": 0, "end": 19}, "labels": ["door"]}], "labels": ["door"], "confidences": [0.9997071623802185], "s3_bucket": "pi-zero-audio-data", "audio": "https://pi-zero-audio-data.s3.us-east-2.amazonaws.com/Galaxy_Tab_S7_-_Wagner/2022-12-01/door/cdd61aae-562f-4841-86a7-9250b1a24774.wav", "object_key": "Galaxy_Tab_S7_-_Wagner/2022-12-01/door/cdd61aae-562f-4841-86a7-9250b1a24774.wav", "json_key": "Galaxy_Tab_S7_-_Wagner/2022-12-01/door/cdd61aae-562f-4841-86a7-9250b1a24774.json", "autolabels": {"YAMNet_aggregate": [{"location": {"start": 0.0, "end": 4.0}, "classifications": ["Inside, small room", "Printer", "Mechanisms", "Inside, large room or hall", "Clock"], "labels": ["Inside, small room", "Printer", "Mechanisms", "Inside, large room or hall", "Clock"], "confidences": [0.4046711325645447, 0.10922664403915405, 0.10090231150388718, 0.05631828308105469, 0.05080714821815491], "model": "TF-YAMNet-V1", "inf_time": 0.048655}], "YAMNet": [{"location": {"start": 0.0, "end": 0.96}, "classifications": ["Inside, small room", "Inside, large room or hall", "Mechanisms"], "labels": ["Inside, small room", "Inside, large room or hall", "Mechanisms"], "confidences": [0.4281166195869446, 0.08751383423805237, 0.06645797938108444], "model": "TF-YAMNet-V1", "inf_time": 0.006082}, {"location": {"start": 0.48, "end": 1.44}, "classifications": ["Inside, small room", "Mechanisms", "Inside, large room or hall"], "labels": ["Inside, small room", "Mechanisms", "Inside, large room or hall"], "confidences": [0.1885441243648529, 0.081947922706604, 0.05614294484257698], "model": "TF-YAMNet-V1", "inf_time": 0.006082}, {"location": {"start": 0.96, "end": 1.92}, "classifications": ["Inside, small room", "Printer", "Mechanisms"], "labels": ["Inside, small room", "Printer", "Mechanisms"], "confidences": [0.5097730159759521, 0.3973514437675476, 0.25468823313713074], "model": "TF-YAMNet-V1", "inf_time": 0.006082}, {"location": {"start": 1.44, "end": 2.4}, "classifications": ["Inside, small room", "Printer", "Mechanisms"], "labels": ["Inside, small room", "Printer", "Mechanisms"], "confidences": [0.4492064118385315, 0.30150777101516724, 0.15085427463054657], "model": "TF-YAMNet-V1", "inf_time": 0.006082}, {"location": {"start": 1.92, "end": 2.88}, "classifications": ["Inside, small room", "Inside, large room or hall"], "labels": ["Inside, small room", "Inside, large room or hall"], "confidences": [0.7568097114562988, 0.05747489631175995], "model": "TF-YAMNet-V1", "inf_time": 0.006082}, {"location": {"start": 2.4, "end": 3.36}, "classifications": ["Inside, small room"], "labels": ["Inside, small room"], "confidences": [0.6723859310150146], "model": "TF-YAMNet-V1", "inf_time": 0.006082}, {"location": {"start": 2.88, "end": 3.84}, "classifications": ["Inside, small room"], "labels": ["Inside, small room"], "confidences": [0.2240370661020279], "model": "TF-YAMNet-V1", "inf_time": 0.006082}, {"location": {"start": 3.36, "end": 4.32}, "classifications": ["Clock", "Tick", "Tick-tock"], "labels": ["Clock", "Tick", "Tick-tock"], "confidences": [0.3754090666770935, 0.3304643929004669, 0.2941356599330902], "model": "TF-YAMNet-V1", "inf_time": 0.006082}]}}