{"filename": "d1096e8b-d22e-4cf5-9ba7-bcba002f5c6c", "time": "2022-10-20T19:05:48Z", "device_manufacturer": "samsung", "device_model": "SM-T870", "device_callsign": "Galaxy Tab S7 - Wagner", "mac_address": "02:00:00:00:00:00", "extension": "wav", "data_type": "audio", "sample_rate": 44100, "events": [{"classifications": ["unknown"], "confidences": [0.46982690691947937], "location": {"start": 0, "end": 9}, "labels": ["door"]}, {"classifications": ["door"], "confidences": [0.8959528207778931], "location": {"start": 0, "end": 8}, "labels": ["door"]}, {"classifications": ["door"], "confidences": [0.9750556349754333], "location": {"start": 0, "end": 15}, "labels": ["door"]}], "labels": ["unknown", "door"], "confidences": [0.46982690691947937, 0.9750556349754333], "s3_bucket": "pi-zero-audio-data", "audio": "https://pi-zero-audio-data.s3.us-east-2.amazonaws.com/Galaxy_Tab_S7_-_Wagner/2022-12-01/door/d1096e8b-d22e-4cf5-9ba7-bcba002f5c6c.wav", "object_key": "Galaxy_Tab_S7_-_Wagner/2022-12-01/door/d1096e8b-d22e-4cf5-9ba7-bcba002f5c6c.wav", "json_key": "Galaxy_Tab_S7_-_Wagner/2022-12-01/door/d1096e8b-d22e-4cf5-9ba7-bcba002f5c6c.json", "autolabels": {"YAMNet_aggregate": [{"location": {"start": 0.0, "end": 0.0}, "classifications": ["Silence"], "labels": ["Silence"], "confidences": [1.0], "model": "TF-YAMNet-V1", "inf_time": 0.044306}], "YAMNet": [{"location": {"start": 0.0, "end": 0.96}, "classifications": ["Silence"], "labels": ["Silence"], "confidences": [1.0], "model": "TF-YAMNet-V1", "inf_time": 0.044306}]}}