{"filename": "d20f94dc-b5c5-4bba-a2a8-faf65ee2f964", "time": "2022-10-27T18:34:58Z", "device_manufacturer": "samsung", "device_model": "SM-T870", "device_callsign": "Galaxy Tab S7 - Wagner", "mac_address": "02:00:00:00:00:00", "extension": "wav", "data_type": "audio", "sample_rate": 44100, "events": [{"classifications": ["door"], "confidences": [0.9953492283821106], "location": {"start": 0, "end": 12}, "labels": ["door"]}, {"classifications": ["likely_door"], "confidences": [0.7106077671051025], "location": {"start": 0, "end": 8}, "labels": ["door"]}], "labels": ["door", "likely_door"], "confidences": [0.9953492283821106, 0.7106077671051025], "s3_bucket": "pi-zero-audio-data", "audio": "https://pi-zero-audio-data.s3.us-east-2.amazonaws.com/Galaxy_Tab_S7_-_Wagner/2022-12-01/door/d20f94dc-b5c5-4bba-a2a8-faf65ee2f964.wav", "object_key": "Galaxy_Tab_S7_-_Wagner/2022-12-01/door/d20f94dc-b5c5-4bba-a2a8-faf65ee2f964.wav", "json_key": "Galaxy_Tab_S7_-_Wagner/2022-12-01/door/d20f94dc-b5c5-4bba-a2a8-faf65ee2f964.json", "autolabels": {"YAMNet_aggregate": [{"location": {"start": 0.0, "end": 0.0}, "classifications": ["Silence"], "labels": ["Silence"], "confidences": [1.0], "model": "TF-YAMNet-V1", "inf_time": 0.04275}], "YAMNet": [{"location": {"start": 0.0, "end": 0.96}, "classifications": ["Silence"], "labels": ["Silence"], "confidences": [1.0], "model": "TF-YAMNet-V1", "inf_time": 0.04275}]}}