{"filename": "d3f2c519-387e-4ff8-8646-c7e31c58b045", "time": "2022-10-26T20:19:35Z", "device_manufacturer": "samsung", "device_model": "SM-T870", "device_callsign": "Galaxy Tab S7 - Wagner", "mac_address": "02:00:00:00:00:00", "extension": "wav", "data_type": "audio", "sample_rate": 44100, "events": [{"classifications": ["door"], "confidences": [0.9965109825134277], "location": {"start": 0, "end": 9}, "labels": ["door"]}, {"classifications": ["likely_door"], "confidences": [0.6511650085449219], "location": {"start": 0, "end": 20}, "labels": ["door"]}], "labels": ["door", "likely_door"], "confidences": [0.9965109825134277, 0.6511650085449219], "s3_bucket": "pi-zero-audio-data", "audio": "https://pi-zero-audio-data.s3.us-east-2.amazonaws.com/Galaxy_Tab_S7_-_Wagner/2022-12-01/door/d3f2c519-387e-4ff8-8646-c7e31c58b045.wav", "object_key": "Galaxy_Tab_S7_-_Wagner/2022-12-01/door/d3f2c519-387e-4ff8-8646-c7e31c58b045.wav", "json_key": "Galaxy_Tab_S7_-_Wagner/2022-12-01/door/d3f2c519-387e-4ff8-8646-c7e31c58b045.json", "autolabels": {"YAMNet_aggregate": [{"location": {"start": 0.0, "end": 2.0}, "classifications": ["Inside, small room", "Animal", "Mechanical fan", "Wild animals", "Whale vocalization"], "labels": ["Inside, small room", "Animal", "Mechanical fan", "Wild animals", "Whale vocalization"], "confidences": [0.23177818953990936, 0.08816739916801453, 0.06909498572349548, 0.057975657284259796, 0.05593034625053406], "model": "TF-YAMNet-V1", "inf_time": 0.057666}], "YAMNet": [{"location": {"start": 0.0, "end": 0.96}, "classifications": ["Inside, small room", "Scissors", "Spray"], "labels": ["Inside, small room", "Scissors", "Spray"], "confidences": [0.4225480556488037, 0.06967167556285858, 0.05008910968899727], "model": "TF-YAMNet-V1", "inf_time": 0.014416}, {"location": {"start": 0.48, "end": 1.44}, "classifications": ["Inside, small room", "Mechanical fan", "Rodents, rats, mice"], "labels": ["Inside, small room", "Mechanical fan", "Rodents, rats, mice"], "confidences": [0.19793730974197388, 0.13119986653327942, 0.08616840094327927], "model": "TF-YAMNet-V1", "inf_time": 0.014416}, {"location": {"start": 0.96, "end": 1.92}, "classifications": ["Inside, small room", "Mechanical fan", "Silence"], "labels": ["Inside, small room", "Mechanical fan", "Silence"], "confidences": [0.26107704639434814, 0.1382482647895813, 0.06434889137744904], "model": "TF-YAMNet-V1", "inf_time": 0.014416}, {"location": {"start": 1.44, "end": 2.4}, "classifications": ["Animal", "Whale vocalization", "Owl"], "labels": ["Animal", "Whale vocalization", "Owl"], "confidences": [0.24576435983181, 0.22368746995925903, 0.189723938703537], "model": "TF-YAMNet-V1", "inf_time": 0.014416}]}}