{"filename": "d529b874-4e10-4b58-be11-913e7efaab28", "time": "2022-10-26T22:56:25Z", "device_manufacturer": "samsung", "device_model": "SM-T870", "device_callsign": "Galaxy Tab S7 - Wagner", "mac_address": "02:00:00:00:00:00", "extension": "wav", "data_type": "audio", "sample_rate": 44100, "events": [{"classifications": ["door"], "confidences": [0.9451953768730164], "location": {"start": 0, "end": 10}, "labels": ["door"]}, {"classifications": ["door"], "confidences": [0.9800415635108948], "location": {"start": 0, "end": 11}, "labels": ["door"]}, {"classifications": ["door"], "confidences": [0.8656294345855713], "location": {"start": 0, "end": 19}, "labels": ["door"]}, {"classifications": ["likely_door"], "confidences": [0.6026147603988647], "location": {"start": 0, "end": 9}, "labels": ["door"]}], "labels": ["door", "likely_door"], "confidences": [0.9800415635108948, 0.6026147603988647], "s3_bucket": "pi-zero-audio-data", "audio": "https://pi-zero-audio-data.s3.us-east-2.amazonaws.com/Galaxy_Tab_S7_-_Wagner/2022-12-01/door/d529b874-4e10-4b58-be11-913e7efaab28.wav", "object_key": "Galaxy_Tab_S7_-_Wagner/2022-12-01/door/d529b874-4e10-4b58-be11-913e7efaab28.wav", "json_key": "Galaxy_Tab_S7_-_Wagner/2022-12-01/door/d529b874-4e10-4b58-be11-913e7efaab28.json", "autolabels": {"YAMNet_aggregate": [{"location": {"start": 0.0, "end": 6.0}, "classifications": ["Inside, small room", "Inside, large room or hall", "Sliding door", "Door"], "labels": ["Inside, small room", "Inside, large room or hall", "Sliding door", "Door"], "confidences": [0.22027643024921417, 0.09550883620977402, 0.06297820806503296, 0.05741117522120476], "model": "TF-YAMNet-V1", "inf_time": 0.058552}], "YAMNet": [{"location": {"start": 0.0, "end": 0.96}, "classifications": ["Inside, large room or hall", "Inside, small room"], "labels": ["Inside, large room or hall", "Inside, small room"], "confidences": [0.17607608437538147, 0.12965498864650726], "model": "TF-YAMNet-V1", "inf_time": 0.004879}, {"location": {"start": 0.48, "end": 1.44}, "classifications": ["Inside, large room or hall", "Music", "Speech"], "labels": ["Inside, large room or hall", "Music", "Speech"], "confidences": [0.1400279998779297, 0.1143578588962555, 0.06391487270593643], "model": "TF-YAMNet-V1", "inf_time": 0.004879}, {"location": {"start": 0.96, "end": 1.92}, "classifications": ["Music", "Inside, large room or hall", "Musical instrument"], "labels": ["Music", "Inside, large room or hall", "Musical instrument"], "confidences": [0.2033459097146988, 0.1150326281785965, 0.05441585183143616], "model": "TF-YAMNet-V1", "inf_time": 0.004879}, {"location": {"start": 1.44, "end": 2.4}, "classifications": ["Inside, small room", "Dishes, pots, and pans", "Inside, large room or hall"], "labels": ["Inside, small room", "Dishes, pots, and pans", "Inside, large room or hall"], "confidences": [0.13944436609745026, 0.08579010516405106, 0.08238045126199722], "model": "TF-YAMNet-V1", "inf_time": 0.004879}, {"location": {"start": 1.92, "end": 2.88}, "classifications": ["Music", "Inside, large room or hall"], "labels": ["Music", "Inside, large room or hall"], "confidences": [0.1846303939819336, 0.07113713026046753], "model": "TF-YAMNet-V1", "inf_time": 0.004879}, {"location": {"start": 2.4, "end": 3.36}, "classifications": ["Pant", "Inside, small room", "Writing"], "labels": ["Pant", "Inside, small room", "Writing"], "confidences": [0.505359411239624, 0.1879139542579651, 0.16695961356163025], "model": "TF-YAMNet-V1", "inf_time": 0.004879}, {"location": {"start": 2.88, "end": 3.84}, "classifications": ["Inside, small room", "Inside, large room or hall", "Spray"], "labels": ["Inside, small room", "Inside, large room or hall", "Spray"], "confidences": [0.5039604306221008, 0.09736494719982147, 0.05916180461645126], "model": "TF-YAMNet-V1", "inf_time": 0.004879}, {"location": {"start": 3.36, "end": 4.32}, "classifications": ["Inside, small room", "Spray", "Liquid"], "labels": ["Inside, small room", "Spray", "Liquid"], "confidences": [0.11306831240653992, 0.08866194635629654, 0.08418520539999008], "model": "TF-YAMNet-V1", "inf_time": 0.004879}, {"location": {"start": 3.84, "end": 4.8}, "classifications": ["Inside, small room", "Inside, large room or hall", "Writing"], "labels": ["Inside, small room", "Inside, large room or hall", "Writing"], "confidences": [0.2684571146965027, 0.09051965922117233, 0.05159138888120651], "model": "TF-YAMNet-V1", "inf_time": 0.004879}, {"location": {"start": 4.32, "end": 5.28}, "classifications": ["Inside, small room", "Walk, footsteps", "Inside, large room or hall"], "labels": ["Inside, small room", "Walk, footsteps", "Inside, large room or hall"], "confidences": [0.4527958035469055, 0.09724656492471695, 0.0919153019785881], "model": "TF-YAMNet-V1", "inf_time": 0.004879}, {"location": {"start": 4.8, "end": 5.76}, "classifications": ["Inside, small room", "Inside, large room or hall", "Drawer open or close"], "labels": ["Inside, small room", "Inside, large room or hall", "Drawer open or close"], "confidences": [0.4044276177883148, 0.08806999027729034, 0.08189307898283005], "model": "TF-YAMNet-V1", "inf_time": 0.004879}, {"location": {"start": 5.28, "end": 6.24}, "classifications": ["Sliding door", "Cupboard open or close", "Door"], "labels": ["Sliding door", "Cupboard open or close", "Door"], "confidences": [0.5490365028381348, 0.4381035268306732, 0.39142417907714844], "model": "TF-YAMNet-V1", "inf_time": 0.004879}]}}