{"filename": "d5f27a4a-71a2-46af-ae3a-a9ef9f38dead", "time": "2022-10-26T21:04:30Z", "device_manufacturer": "samsung", "device_model": "SM-T870", "device_callsign": "Galaxy Tab S7 - Wagner", "mac_address": "02:00:00:00:00:00", "extension": "wav", "data_type": "audio", "sample_rate": 44100, "events": [{"classifications": ["door"], "confidences": [0.8800162672996521], "location": {"start": 0, "end": 10}, "labels": ["door"]}, {"classifications": ["likely_door"], "confidences": [0.5553699731826782], "location": {"start": 0, "end": 10}, "labels": ["door"]}], "labels": ["door", "likely_door"], "confidences": [0.8800162672996521, 0.5553699731826782], "s3_bucket": "pi-zero-audio-data", "audio": "https://pi-zero-audio-data.s3.us-east-2.amazonaws.com/Galaxy_Tab_S7_-_Wagner/2022-12-01/door/d5f27a4a-71a2-46af-ae3a-a9ef9f38dead.wav", "object_key": "Galaxy_Tab_S7_-_Wagner/2022-12-01/door/d5f27a4a-71a2-46af-ae3a-a9ef9f38dead.wav", "json_key": "Galaxy_Tab_S7_-_Wagner/2022-12-01/door/d5f27a4a-71a2-46af-ae3a-a9ef9f38dead.json", "autolabels": {"YAMNet_aggregate": [{"location": {"start": 0.0, "end": 2.0}, "classifications": ["Music", "Mechanical fan", "Rustle", "Inside, small room", "Squish"], "labels": ["Music", "Mechanical fan", "Rustle", "Inside, small room", "Squish"], "confidences": [0.1213253065943718, 0.08927058428525925, 0.07487700879573822, 0.05979519709944725, 0.057871997356414795], "model": "TF-YAMNet-V1", "inf_time": 0.059337}], "YAMNet": [{"location": {"start": 0.0, "end": 0.96}, "classifications": ["Music", "Timpani", "Inside, large room or hall"], "labels": ["Music", "Timpani", "Inside, large room or hall"], "confidences": [0.36428940296173096, 0.08659172058105469, 0.07876172661781311], "model": "TF-YAMNet-V1", "inf_time": 0.014834}, {"location": {"start": 0.48, "end": 1.44}, "classifications": ["Music", "Speech", "Inside, small room"], "labels": ["Music", "Speech", "Inside, small room"], "confidences": [0.09801648557186127, 0.08481597900390625, 0.051527827978134155], "model": "TF-YAMNet-V1", "inf_time": 0.014834}, {"location": {"start": 0.96, "end": 1.92}, "classifications": ["Mechanical fan", "Rustle", "Squish"], "labels": ["Mechanical fan", "Rustle", "Squish"], "confidences": [0.30666378140449524, 0.1827441304922104, 0.15775032341480255], "model": "TF-YAMNet-V1", "inf_time": 0.014834}, {"location": {"start": 1.44, "end": 2.4}, "classifications": ["Sliding door", "Rustle", "Tick"], "labels": ["Sliding door", "Rustle", "Tick"], "confidences": [0.11515867710113525, 0.11491121351718903, 0.09959420561790466], "model": "TF-YAMNet-V1", "inf_time": 0.014834}]}}