{"filename": "d880ec40-9a43-4ccd-896f-2c9008c5f64f", "time": "2022-10-27T00:19:07Z", "device_manufacturer": "samsung", "device_model": "SM-T870", "device_callsign": "Galaxy Tab S7 - Wagner", "mac_address": "02:00:00:00:00:00", "extension": "wav", "data_type": "audio", "sample_rate": 44100, "events": [{"classifications": ["door"], "confidences": [0.9916733503341675], "location": {"start": 0, "end": 17}, "labels": ["door"]}], "labels": ["door"], "confidences": [0.9916733503341675], "s3_bucket": "pi-zero-audio-data", "audio": "https://pi-zero-audio-data.s3.us-east-2.amazonaws.com/Galaxy_Tab_S7_-_Wagner/2022-12-01/door/d880ec40-9a43-4ccd-896f-2c9008c5f64f.wav", "object_key": "Galaxy_Tab_S7_-_Wagner/2022-12-01/door/d880ec40-9a43-4ccd-896f-2c9008c5f64f.wav", "json_key": "Galaxy_Tab_S7_-_Wagner/2022-12-01/door/d880ec40-9a43-4ccd-896f-2c9008c5f64f.json", "autolabels": {"YAMNet_aggregate": [{"location": {"start": 0.0, "end": 0.0}, "classifications": ["Silence"], "labels": ["Silence"], "confidences": [1.0], "model": "TF-YAMNet-V1", "inf_time": 0.043794}], "YAMNet": [{"location": {"start": 0.0, "end": 0.96}, "classifications": ["Silence"], "labels": ["Silence"], "confidences": [1.0], "model": "TF-YAMNet-V1", "inf_time": 0.043794}]}}