{"filename": "d9a75e95-6128-45ba-9f48-d8f91b6cd131", "time": "2022-10-26T21:03:46Z", "device_manufacturer": "samsung", "device_model": "SM-T870", "device_callsign": "Galaxy Tab S7 - Wagner", "mac_address": "02:00:00:00:00:00", "extension": "wav", "data_type": "audio", "sample_rate": 44100, "events": [{"classifications": ["door"], "confidences": [0.9397248029708862], "location": {"start": 0, "end": 17}, "labels": ["door"]}], "labels": ["door"], "confidences": [0.9397248029708862], "s3_bucket": "pi-zero-audio-data", "audio": "https://pi-zero-audio-data.s3.us-east-2.amazonaws.com/Galaxy_Tab_S7_-_Wagner/2022-12-01/door/d9a75e95-6128-45ba-9f48-d8f91b6cd131.wav", "object_key": "Galaxy_Tab_S7_-_Wagner/2022-12-01/door/d9a75e95-6128-45ba-9f48-d8f91b6cd131.wav", "json_key": "Galaxy_Tab_S7_-_Wagner/2022-12-01/door/d9a75e95-6128-45ba-9f48-d8f91b6cd131.json", "autolabels": {"YAMNet_aggregate": [{"location": {"start": 0.0, "end": 0.0}, "classifications": ["Silence"], "labels": ["Silence"], "confidences": [1.0], "model": "TF-YAMNet-V1", "inf_time": 0.035357}], "YAMNet": [{"location": {"start": 0.0, "end": 0.96}, "classifications": ["Silence"], "labels": ["Silence"], "confidences": [1.0], "model": "TF-YAMNet-V1", "inf_time": 0.035357}]}}