{"filename": "dd0b594e-0b77-4a7b-a5f7-9bde7b2b6d07", "time": "2022-10-27T17:32:50Z", "device_manufacturer": "samsung", "device_model": "SM-T870", "device_callsign": "Galaxy Tab S7 - Wagner", "mac_address": "02:00:00:00:00:00", "extension": "wav", "data_type": "audio", "sample_rate": 44100, "events": [{"classifications": ["likely_door"], "confidences": [0.7644888162612915], "location": {"start": 0, "end": 10}, "labels": ["door"]}, {"classifications": ["likely_door"], "confidences": [0.7309198379516602], "location": {"start": 0, "end": 9}, "labels": ["door"]}, {"classifications": ["door"], "confidences": [0.9644242525100708], "location": {"start": 0, "end": 12}, "labels": ["door"]}], "labels": ["likely_door", "door"], "confidences": [0.7644888162612915, 0.9644242525100708], "s3_bucket": "pi-zero-audio-data", "audio": "https://pi-zero-audio-data.s3.us-east-2.amazonaws.com/Galaxy_Tab_S7_-_Wagner/2022-12-01/door/dd0b594e-0b77-4a7b-a5f7-9bde7b2b6d07.wav", "object_key": "Galaxy_Tab_S7_-_Wagner/2022-12-01/door/dd0b594e-0b77-4a7b-a5f7-9bde7b2b6d07.wav", "json_key": "Galaxy_Tab_S7_-_Wagner/2022-12-01/door/dd0b594e-0b77-4a7b-a5f7-9bde7b2b6d07.json", "autolabels": {"YAMNet_aggregate": [{"location": {"start": 0.0, "end": 4.0}, "classifications": ["Inside, small room", "Coin (dropping)", "Keys jangling", "Typing", "Mechanisms"], "labels": ["Inside, small room", "Coin (dropping)", "Keys jangling", "Typing", "Mechanisms"], "confidences": [0.34219929575920105, 0.07288886606693268, 0.07278067618608475, 0.06055724620819092, 0.05748734623193741], "model": "TF-YAMNet-V1", "inf_time": 0.079747}], "YAMNet": [{"location": {"start": 0.0, "end": 0.96}, "classifications": ["Typing", "Shuffling cards", "Computer keyboard"], "labels": ["Typing", "Shuffling cards", "Computer keyboard"], "confidences": [0.23900319635868073, 0.2161371111869812, 0.1935705840587616], "model": "TF-YAMNet-V1", "inf_time": 0.009968}, {"location": {"start": 0.48, "end": 1.44}, "classifications": ["Chink, clink", "Inside, small room", "Glass"], "labels": ["Chink, clink", "Inside, small room", "Glass"], "confidences": [0.3437318801879883, 0.24101169407367706, 0.20116665959358215], "model": "TF-YAMNet-V1", "inf_time": 0.009968}, {"location": {"start": 0.96, "end": 1.92}, "classifications": ["Inside, small room", "Camera", "Mechanical fan"], "labels": ["Inside, small room", "Camera", "Mechanical fan"], "confidences": [0.5225642919540405, 0.09887483716011047, 0.0947575643658638], "model": "TF-YAMNet-V1", "inf_time": 0.009968}, {"location": {"start": 1.44, "end": 2.4}, "classifications": ["Inside, small room", "Door", "Animal"], "labels": ["Inside, small room", "Door", "Animal"], "confidences": [0.31468817591667175, 0.057378146797418594, 0.0527038648724556], "model": "TF-YAMNet-V1", "inf_time": 0.009968}, {"location": {"start": 1.92, "end": 2.88}, "classifications": ["Inside, small room", "Door", "Inside, large room or hall"], "labels": ["Inside, small room", "Door", "Inside, large room or hall"], "confidences": [0.3380146026611328, 0.07198202610015869, 0.05008470639586449], "model": "TF-YAMNet-V1", "inf_time": 0.009968}, {"location": {"start": 2.4, "end": 3.36}, "classifications": ["Inside, small room"], "labels": ["Inside, small room"], "confidences": [0.5094738006591797], "model": "TF-YAMNet-V1", "inf_time": 0.009968}, {"location": {"start": 2.88, "end": 3.84}, "classifications": ["Inside, small room", "Shuffling cards", "Scissors"], "labels": ["Inside, small room", "Shuffling cards", "Scissors"], "confidences": [0.5848270654678345, 0.1007666140794754, 0.07571160793304443], "model": "TF-YAMNet-V1", "inf_time": 0.009968}, {"location": {"start": 3.36, "end": 4.32}, "classifications": ["Keys jangling", "Coin (dropping)", "Mechanisms"], "labels": ["Keys jangling", "Coin (dropping)", "Mechanisms"], "confidences": [0.3951696753501892, 0.3286582827568054, 0.2732797861099243], "model": "TF-YAMNet-V1", "inf_time": 0.009968}]}}