{"filename": "ddb7441c-0cc4-48ac-a3dc-a66c306fb6b0", "time": "2022-10-27T16:55:57Z", "device_manufacturer": "samsung", "device_model": "SM-T870", "device_callsign": "Galaxy Tab S7 - Wagner", "mac_address": "02:00:00:00:00:00", "extension": "wav", "data_type": "audio", "sample_rate": 44100, "events": [{"classifications": ["door"], "confidences": [0.9934665560722351], "location": {"start": 0, "end": 10}, "labels": ["door"]}, {"classifications": ["door"], "confidences": [0.9988601803779602], "location": {"start": 0, "end": 13}, "labels": ["door"]}], "labels": ["door"], "confidences": [0.9988601803779602], "s3_bucket": "pi-zero-audio-data", "audio": "https://pi-zero-audio-data.s3.us-east-2.amazonaws.com/Galaxy_Tab_S7_-_Wagner/2022-12-01/door/ddb7441c-0cc4-48ac-a3dc-a66c306fb6b0.wav", "object_key": "Galaxy_Tab_S7_-_Wagner/2022-12-01/door/ddb7441c-0cc4-48ac-a3dc-a66c306fb6b0.wav", "json_key": "Galaxy_Tab_S7_-_Wagner/2022-12-01/door/ddb7441c-0cc4-48ac-a3dc-a66c306fb6b0.json", "autolabels": {"YAMNet_aggregate": [{"location": {"start": 0.0, "end": 2.0}, "classifications": ["Sliding door", "Inside, small room", "Door", "Inside, large room or hall", "Rustle"], "labels": ["Sliding door", "Inside, small room", "Door", "Inside, large room or hall", "Rustle"], "confidences": [0.17089766263961792, 0.09665743261575699, 0.09248490631580353, 0.09137050807476044, 0.07112414389848709], "model": "TF-YAMNet-V1", "inf_time": 0.046471}], "YAMNet": [{"location": {"start": 0.0, "end": 0.96}, "classifications": ["Sliding door", "Inside, large room or hall", "Speech"], "labels": ["Sliding door", "Inside, large room or hall", "Speech"], "confidences": [0.2056470364332199, 0.10904838889837265, 0.07983424514532089], "model": "TF-YAMNet-V1", "inf_time": 0.011618}, {"location": {"start": 0.48, "end": 1.44}, "classifications": ["Sliding door", "Door", "Inside, large room or hall"], "labels": ["Sliding door", "Door", "Inside, large room or hall"], "confidences": [0.4166085124015808, 0.25415024161338806, 0.19811050593852997], "model": "TF-YAMNet-V1", "inf_time": 0.011618}, {"location": {"start": 0.96, "end": 1.92}, "classifications": ["Inside, small room"], "labels": ["Inside, small room"], "confidences": [0.10930149257183075], "model": "TF-YAMNet-V1", "inf_time": 0.011618}, {"location": {"start": 1.44, "end": 2.4}, "classifications": ["Rustle", "Squish", "Mechanical fan"], "labels": ["Rustle", "Squish", "Mechanical fan"], "confidences": [0.22434867918491364, 0.1759464591741562, 0.1648532599210739], "model": "TF-YAMNet-V1", "inf_time": 0.011618}]}}