{"filename": "df72d6be-0a04-4a2f-8316-f8bb10e12bd5", "time": "2022-10-27T01:38:49Z", "device_manufacturer": "samsung", "device_model": "SM-T870", "device_callsign": "Galaxy Tab S7 - Wagner", "mac_address": "02:00:00:00:00:00", "extension": "wav", "data_type": "audio", "sample_rate": 44100, "events": [{"classifications": ["unknown"], "confidences": [0.4209662973880768], "location": {"start": 0, "end": 11}, "labels": ["door"]}, {"classifications": ["door"], "confidences": [0.9791344404220581], "location": {"start": 0, "end": 8}, "labels": ["door"]}, {"classifications": ["door"], "confidences": [0.9776509404182434], "location": {"start": 0, "end": 13}, "labels": ["door"]}, {"classifications": ["likely_door"], "confidences": [0.7249165773391724], "location": {"start": 0, "end": 15}, "labels": ["door"]}, {"classifications": ["door"], "confidences": [0.9950530529022217], "location": {"start": 0, "end": 9}, "labels": ["door"]}, {"classifications": ["door"], "confidences": [0.980402410030365], "location": {"start": 0, "end": 9}, "labels": ["door"]}], "labels": ["unknown", "door", "likely_door"], "confidences": [0.4209662973880768, 0.9950530529022217, 0.7249165773391724], "s3_bucket": "pi-zero-audio-data", "audio": "https://pi-zero-audio-data.s3.us-east-2.amazonaws.com/Galaxy_Tab_S7_-_Wagner/2022-12-01/door/df72d6be-0a04-4a2f-8316-f8bb10e12bd5.wav", "object_key": "Galaxy_Tab_S7_-_Wagner/2022-12-01/door/df72d6be-0a04-4a2f-8316-f8bb10e12bd5.wav", "json_key": "Galaxy_Tab_S7_-_Wagner/2022-12-01/door/df72d6be-0a04-4a2f-8316-f8bb10e12bd5.json", "autolabels": {"YAMNet_aggregate": [{"location": {"start": 0.0, "end": 10.0}, "classifications": ["Inside, small room", "Mechanisms"], "labels": ["Inside, small room", "Mechanisms"], "confidences": [0.3532158434391022, 0.06148569658398628], "model": "TF-YAMNet-V1", "inf_time": 0.044535}], "YAMNet": [{"location": {"start": 0.0, "end": 0.96}, "classifications": ["Chop", "Wood", "Hammer"], "labels": ["Chop", "Wood", "Hammer"], "confidences": [0.6964219808578491, 0.6194918751716614, 0.39707258343696594], "model": "TF-YAMNet-V1", "inf_time": 0.002227}, {"location": {"start": 0.48, "end": 1.44}, "classifications": ["Inside, small room", "Hands", "Door"], "labels": ["Inside, small room", "Hands", "Door"], "confidences": [0.5354846119880676, 0.17004483938217163, 0.1009533703327179], "model": "TF-YAMNet-V1", "inf_time": 0.002227}, {"location": {"start": 0.96, "end": 1.92}, "classifications": ["Inside, small room", "Writing", "Snort"], "labels": ["Inside, small room", "Writing", "Snort"], "confidences": [0.22430865466594696, 0.1383819878101349, 0.1362331211566925], "model": "TF-YAMNet-V1", "inf_time": 0.002227}, {"location": {"start": 1.44, "end": 2.4}, "classifications": ["Inside, small room", "Snort", "Domestic animals, pets"], "labels": ["Inside, small room", "Snort", "Domestic animals, pets"], "confidences": [0.1582740694284439, 0.07352779805660248, 0.06709938496351242], "model": "TF-YAMNet-V1", "inf_time": 0.002227}, {"location": {"start": 1.92, "end": 2.88}, "classifications": ["Inside, small room", "Writing"], "labels": ["Inside, small room", "Writing"], "confidences": [0.29636722803115845, 0.06562022119760513], "model": "TF-YAMNet-V1", "inf_time": 0.002227}, {"location": {"start": 2.4, "end": 3.36}, "classifications": ["Inside, small room", "Sliding door", "Printer"], "labels": ["Inside, small room", "Sliding door", "Printer"], "confidences": [0.22590285539627075, 0.06087982654571533, 0.05946404114365578], "model": "TF-YAMNet-V1", "inf_time": 0.002227}, {"location": {"start": 2.88, "end": 3.84}, "classifications": ["Inside, small room"], "labels": ["Inside, small room"], "confidences": [0.6450047492980957], "model": "TF-YAMNet-V1", "inf_time": 0.002227}, {"location": {"start": 3.36, "end": 4.32}, "classifications": ["Inside, small room", "Dishes, pots, and pans"], "labels": ["Inside, small room", "Dishes, pots, and pans"], "confidences": [0.6371279358863831, 0.07836322486400604], "model": "TF-YAMNet-V1", "inf_time": 0.002227}, {"location": {"start": 3.84, "end": 4.8}, "classifications": ["Inside, small room"], "labels": ["Inside, small room"], "confidences": [0.5213224291801453], "model": "TF-YAMNet-V1", "inf_time": 0.002227}, {"location": {"start": 4.32, "end": 5.28}, "classifications": ["Inside, small room", "Typewriter", "Typing"], "labels": ["Inside, small room", "Typewriter", "Typing"], "confidences": [0.39298948645591736, 0.09863760322332382, 0.0811723843216896], "model": "TF-YAMNet-V1", "inf_time": 0.002227}, {"location": {"start": 4.8, "end": 5.76}, "classifications": ["Mechanisms", "Clock", "Tick-tock"], "labels": ["Mechanisms", "Clock", "Tick-tock"], "confidences": [0.17396152019500732, 0.1729462593793869, 0.17232991755008698], "model": "TF-YAMNet-V1", "inf_time": 0.002227}, {"location": {"start": 5.28, "end": 6.24}, "classifications": ["Mechanisms", "Printer", "Inside, small room"], "labels": ["Mechanisms", "Printer", "Inside, small room"], "confidences": [0.40866631269454956, 0.38029351830482483, 0.13446107506752014], "model": "TF-YAMNet-V1", "inf_time": 0.002227}, {"location": {"start": 5.76, "end": 6.72}, "classifications": ["Thunk", "Sliding door", "Thump, thud"], "labels": ["Thunk", "Sliding door", "Thump, thud"], "confidences": [0.21433620154857635, 0.1817762404680252, 0.16021527349948883], "model": "TF-YAMNet-V1", "inf_time": 0.002227}, {"location": {"start": 6.24, "end": 7.2}, "classifications": ["Creak", "Crack", "Inside, small room"], "labels": ["Creak", "Crack", "Inside, small room"], "confidences": [0.42366087436676025, 0.2828792929649353, 0.24188131093978882], "model": "TF-YAMNet-V1", "inf_time": 0.002227}, {"location": {"start": 6.72, "end": 7.68}, "classifications": ["Inside, small room"], "labels": ["Inside, small room"], "confidences": [0.7404762506484985], "model": "TF-YAMNet-V1", "inf_time": 0.002227}, {"location": {"start": 7.2, "end": 8.16}, "classifications": ["Inside, small room", "Dishes, pots, and pans", "Rub"], "labels": ["Inside, small room", "Dishes, pots, and pans", "Rub"], "confidences": [0.4514509439468384, 0.3974912166595459, 0.1566382795572281], "model": "TF-YAMNet-V1", "inf_time": 0.002227}, {"location": {"start": 7.68, "end": 8.64}, "classifications": ["Inside, small room"], "labels": ["Inside, small room"], "confidences": [0.7568783760070801], "model": "TF-YAMNet-V1", "inf_time": 0.002227}, {"location": {"start": 8.16, "end": 9.12}, "classifications": ["Inside, small room", "Dishes, pots, and pans", "Cutlery, silverware"], "labels": ["Inside, small room", "Dishes, pots, and pans", "Cutlery, silverware"], "confidences": [0.5643415451049805, 0.12146551162004471, 0.054570917040109634], "model": "TF-YAMNet-V1", "inf_time": 0.002227}, {"location": {"start": 8.64, "end": 9.6}, "classifications": ["Inside, small room", "Rustle", "White noise"], "labels": ["Inside, small room", "Rustle", "White noise"], "confidences": [0.1836601197719574, 0.11020790785551071, 0.09405700862407684], "model": "TF-YAMNet-V1", "inf_time": 0.002227}, {"location": {"start": 9.12, "end": 10.08}, "classifications": ["Squish", "Drip", "Tick"], "labels": ["Squish", "Drip", "Tick"], "confidences": [0.31817665696144104, 0.2180730402469635, 0.1743336170911789], "model": "TF-YAMNet-V1", "inf_time": 0.002227}]}}