{"filename": "e09b8d4e-f97b-4178-b193-784556abfe4c", "time": "2022-10-20T18:36:18Z", "device_manufacturer": "samsung", "device_model": "SM-T870", "device_callsign": "Galaxy Tab S7 - Wagner", "mac_address": "02:00:00:00:00:00", "extension": "wav", "data_type": "audio", "sample_rate": 44100, "events": [{"classifications": ["door"], "confidences": [0.908916175365448], "location": {"start": 0, "end": 13}, "labels": ["door"]}, {"classifications": ["door"], "confidences": [0.9400956630706787], "location": {"start": 0, "end": 11}, "labels": ["door"]}], "labels": ["door"], "confidences": [0.9400956630706787], "s3_bucket": "pi-zero-audio-data", "audio": "https://pi-zero-audio-data.s3.us-east-2.amazonaws.com/Galaxy_Tab_S7_-_Wagner/2022-12-01/door/e09b8d4e-f97b-4178-b193-784556abfe4c.wav", "object_key": "Galaxy_Tab_S7_-_Wagner/2022-12-01/door/e09b8d4e-f97b-4178-b193-784556abfe4c.wav", "json_key": "Galaxy_Tab_S7_-_Wagner/2022-12-01/door/e09b8d4e-f97b-4178-b193-784556abfe4c.json", "autolabels": {"YAMNet_aggregate": [{"location": {"start": 0.0, "end": 2.0}, "classifications": ["Inside, small room", "Dishes, pots, and pans", "Squish", "Mechanisms"], "labels": ["Inside, small room", "Dishes, pots, and pans", "Squish", "Mechanisms"], "confidences": [0.23883633315563202, 0.06817900389432907, 0.06684723496437073, 0.05563516169786453], "model": "TF-YAMNet-V1", "inf_time": 0.038604}], "YAMNet": [{"location": {"start": 0.0, "end": 0.96}, "classifications": ["Inside, small room", "Dishes, pots, and pans"], "labels": ["Inside, small room", "Dishes, pots, and pans"], "confidences": [0.27902454137802124, 0.2612442374229431], "model": "TF-YAMNet-V1", "inf_time": 0.009651}, {"location": {"start": 0.48, "end": 1.44}, "classifications": ["Inside, small room", "Squish", "Fire"], "labels": ["Inside, small room", "Squish", "Fire"], "confidences": [0.3334413468837738, 0.1992160528898239, 0.10433033853769302], "model": "TF-YAMNet-V1", "inf_time": 0.009651}, {"location": {"start": 0.96, "end": 1.92}, "classifications": ["Inside, small room", "Printer", "Mechanisms"], "labels": ["Inside, small room", "Printer", "Mechanisms"], "confidences": [0.32246068120002747, 0.10621024668216705, 0.06881529837846756], "model": "TF-YAMNet-V1", "inf_time": 0.009651}, {"location": {"start": 1.44, "end": 2.4}, "classifications": ["Glass", "Drip", "Chink, clink"], "labels": ["Glass", "Drip", "Chink, clink"], "confidences": [0.14024260640144348, 0.08222377300262451, 0.07388441264629364], "model": "TF-YAMNet-V1", "inf_time": 0.009651}]}}