{"filename": "e115dfb4-ee39-4583-9815-6b2ef6f26267", "time": "2022-10-20T17:56:01Z", "device_manufacturer": "samsung", "device_model": "SM-T870", "device_callsign": "Galaxy Tab S7 - Wagner", "mac_address": "02:00:00:00:00:00", "extension": "wav", "data_type": "audio", "sample_rate": 44100, "events": [{"classifications": ["likely_door"], "confidences": [0.8075062036514282], "location": {"start": 0, "end": 8}, "labels": ["door"]}, {"classifications": ["door"], "confidences": [0.873620331287384], "location": {"start": 0, "end": 6}, "labels": ["door"]}, {"classifications": ["likely_door"], "confidences": [0.5995244383811951], "location": {"start": 0, "end": 8}, "labels": ["door"]}, {"classifications": ["door"], "confidences": [0.8965071439743042], "location": {"start": 0, "end": 7}, "labels": ["door"]}], "labels": ["likely_door", "door"], "confidences": [0.8075062036514282, 0.8965071439743042], "s3_bucket": "pi-zero-audio-data", "audio": "https://pi-zero-audio-data.s3.us-east-2.amazonaws.com/Galaxy_Tab_S7_-_Wagner/2022-12-01/door/e115dfb4-ee39-4583-9815-6b2ef6f26267.wav", "object_key": "Galaxy_Tab_S7_-_Wagner/2022-12-01/door/e115dfb4-ee39-4583-9815-6b2ef6f26267.wav", "json_key": "Galaxy_Tab_S7_-_Wagner/2022-12-01/door/e115dfb4-ee39-4583-9815-6b2ef6f26267.json", "autolabels": {"YAMNet_aggregate": [{"location": {"start": 0.0, "end": 6.0}, "classifications": ["Inside, small room", "Mechanisms", "Clock", "Tick", "Tick-tock"], "labels": ["Inside, small room", "Mechanisms", "Clock", "Tick", "Tick-tock"], "confidences": [0.22332130372524261, 0.17896348237991333, 0.11520066112279892, 0.10590454190969467, 0.09796950966119766], "model": "TF-YAMNet-V1", "inf_time": 0.04547}], "YAMNet": [{"location": {"start": 0.0, "end": 0.96}, "classifications": ["Clock", "Tick-tock", "Mechanisms"], "labels": ["Clock", "Tick-tock", "Mechanisms"], "confidences": [0.6265066862106323, 0.5997768044471741, 0.5745061635971069], "model": "TF-YAMNet-V1", "inf_time": 0.003789}, {"location": {"start": 0.48, "end": 1.44}, "classifications": ["Inside, small room", "Sliding door", "Mechanisms"], "labels": ["Inside, small room", "Sliding door", "Mechanisms"], "confidences": [0.26088395714759827, 0.15084043145179749, 0.14321033656597137], "model": "TF-YAMNet-V1", "inf_time": 0.003789}, {"location": {"start": 0.96, "end": 1.92}, "classifications": ["Tubular bells", "Clock", "Tick"], "labels": ["Tubular bells", "Clock", "Tick"], "confidences": [0.38857710361480713, 0.22999794781208038, 0.1716741919517517], "model": "TF-YAMNet-V1", "inf_time": 0.003789}, {"location": {"start": 1.44, "end": 2.4}, "classifications": ["Mechanisms", "Typing", "Computer keyboard"], "labels": ["Mechanisms", "Typing", "Computer keyboard"], "confidences": [0.39436399936676025, 0.28939124941825867, 0.23497530817985535], "model": "TF-YAMNet-V1", "inf_time": 0.003789}, {"location": {"start": 1.92, "end": 2.88}, "classifications": ["Inside, small room", "Keys jangling", "Creak"], "labels": ["Inside, small room", "Keys jangling", "Creak"], "confidences": [0.21786101162433624, 0.12229163944721222, 0.10274422913789749], "model": "TF-YAMNet-V1", "inf_time": 0.003789}, {"location": {"start": 2.4, "end": 3.36}, "classifications": ["Inside, small room", "Mechanisms", "Tick"], "labels": ["Inside, small room", "Mechanisms", "Tick"], "confidences": [0.3107415437698364, 0.14822246134281158, 0.14653611183166504], "model": "TF-YAMNet-V1", "inf_time": 0.003789}, {"location": {"start": 2.88, "end": 3.84}, "classifications": ["Inside, small room", "Mechanisms", "Typing"], "labels": ["Inside, small room", "Mechanisms", "Typing"], "confidences": [0.46209952235221863, 0.1894678920507431, 0.17918719351291656], "model": "TF-YAMNet-V1", "inf_time": 0.003789}, {"location": {"start": 3.36, "end": 4.32}, "classifications": ["White noise", "Inside, small room", "Mechanical fan"], "labels": ["White noise", "Inside, small room", "Mechanical fan"], "confidences": [0.22296173870563507, 0.1317356675863266, 0.11381451785564423], "model": "TF-YAMNet-V1", "inf_time": 0.003789}, {"location": {"start": 3.84, "end": 4.8}, "classifications": ["Inside, small room", "Tick", "Ping"], "labels": ["Inside, small room", "Tick", "Ping"], "confidences": [0.29424336552619934, 0.1278679370880127, 0.12508827447891235], "model": "TF-YAMNet-V1", "inf_time": 0.003789}, {"location": {"start": 4.32, "end": 5.28}, "classifications": ["Inside, small room", "Printer", "Mechanisms"], "labels": ["Inside, small room", "Printer", "Mechanisms"], "confidences": [0.3848574161529541, 0.2979406714439392, 0.26109519600868225], "model": "TF-YAMNet-V1", "inf_time": 0.003789}, {"location": {"start": 4.8, "end": 5.76}, "classifications": ["White noise", "Mechanical fan", "Rustle"], "labels": ["White noise", "Mechanical fan", "Rustle"], "confidences": [0.3541604280471802, 0.16902467608451843, 0.1370888501405716], "model": "TF-YAMNet-V1", "inf_time": 0.003789}, {"location": {"start": 5.28, "end": 6.24}, "classifications": ["Sonar", "Beep, bleep", "Tuning fork"], "labels": ["Sonar", "Beep, bleep", "Tuning fork"], "confidences": [0.19748204946517944, 0.14488139748573303, 0.13748615980148315], "model": "TF-YAMNet-V1", "inf_time": 0.003789}]}}