{"filename": "e1d9567e-707a-4955-890b-758b8fcdb5d3", "time": "2022-10-27T17:24:47Z", "device_manufacturer": "samsung", "device_model": "SM-T870", "device_callsign": "Galaxy Tab S7 - Wagner", "mac_address": "02:00:00:00:00:00", "extension": "wav", "data_type": "audio", "sample_rate": 44100, "events": [{"classifications": ["likely_door"], "confidences": [0.7227093577384949], "location": {"start": 0, "end": 8}, "labels": ["door"]}, {"classifications": ["door"], "confidences": [0.9482452273368835], "location": {"start": 0, "end": 17}, "labels": ["door"]}], "labels": ["likely_door", "door"], "confidences": [0.7227093577384949, 0.9482452273368835], "s3_bucket": "pi-zero-audio-data", "audio": "https://pi-zero-audio-data.s3.us-east-2.amazonaws.com/Galaxy_Tab_S7_-_Wagner/2022-12-01/door/e1d9567e-707a-4955-890b-758b8fcdb5d3.wav", "object_key": "Galaxy_Tab_S7_-_Wagner/2022-12-01/door/e1d9567e-707a-4955-890b-758b8fcdb5d3.wav", "json_key": "Galaxy_Tab_S7_-_Wagner/2022-12-01/door/e1d9567e-707a-4955-890b-758b8fcdb5d3.json", "autolabels": {"YAMNet_aggregate": [{"location": {"start": 0.0, "end": 2.0}, "classifications": ["Inside, small room", "Sliding door", "Animal", "Door", "Wild animals"], "labels": ["Inside, small room", "Sliding door", "Animal", "Door", "Wild animals"], "confidences": [0.17711779475212097, 0.10330875217914581, 0.0651826560497284, 0.06212195008993149, 0.052287302911281586], "model": "TF-YAMNet-V1", "inf_time": 0.060578}], "YAMNet": [{"location": {"start": 0.0, "end": 0.96}, "classifications": ["Sliding door", "Door", "Inside, small room"], "labels": ["Sliding door", "Door", "Inside, small room"], "confidences": [0.22998599708080292, 0.13447712361812592, 0.11538714915513992], "model": "TF-YAMNet-V1", "inf_time": 0.015144}, {"location": {"start": 0.48, "end": 1.44}, "classifications": ["Inside, small room", "Animal", "Domestic animals, pets"], "labels": ["Inside, small room", "Animal", "Domestic animals, pets"], "confidences": [0.26197549700737, 0.12739384174346924, 0.09597685933113098], "model": "TF-YAMNet-V1", "inf_time": 0.015144}, {"location": {"start": 0.96, "end": 1.92}, "classifications": ["Inside, small room", "Sliding door", "Door"], "labels": ["Inside, small room", "Sliding door", "Door"], "confidences": [0.25338980555534363, 0.12063334882259369, 0.06421555578708649], "model": "TF-YAMNet-V1", "inf_time": 0.015144}, {"location": {"start": 1.44, "end": 2.4}, "classifications": ["Wild animals", "Whoosh, swoosh, swish", "Animal"], "labels": ["Wild animals", "Whoosh, swoosh, swish", "Animal"], "confidences": [0.12225215882062912, 0.11928145587444305, 0.10927633941173553], "model": "TF-YAMNet-V1", "inf_time": 0.015144}]}}