{"filename": "e28c1463-928f-41bc-bcfc-402e300949c8", "time": "2022-10-27T18:35:10Z", "device_manufacturer": "samsung", "device_model": "SM-T870", "device_callsign": "Galaxy Tab S7 - Wagner", "mac_address": "02:00:00:00:00:00", "extension": "wav", "data_type": "audio", "sample_rate": 44100, "events": [{"classifications": ["door"], "confidences": [0.9955266714096069], "location": {"start": 0, "end": 9}, "labels": ["door"]}, {"classifications": ["likely_door"], "confidences": [0.6570732593536377], "location": {"start": 0, "end": 9}, "labels": ["door"]}], "labels": ["door", "likely_door"], "confidences": [0.9955266714096069, 0.6570732593536377], "s3_bucket": "pi-zero-audio-data", "audio": "https://pi-zero-audio-data.s3.us-east-2.amazonaws.com/Galaxy_Tab_S7_-_Wagner/2022-12-01/door/e28c1463-928f-41bc-bcfc-402e300949c8.wav", "object_key": "Galaxy_Tab_S7_-_Wagner/2022-12-01/door/e28c1463-928f-41bc-bcfc-402e300949c8.wav", "json_key": "Galaxy_Tab_S7_-_Wagner/2022-12-01/door/e28c1463-928f-41bc-bcfc-402e300949c8.json", "autolabels": {"YAMNet_aggregate": [{"location": {"start": 0.0, "end": 2.0}, "classifications": ["Inside, small room", "White noise", "Noise", "Vehicle"], "labels": ["Inside, small room", "White noise", "Noise", "Vehicle"], "confidences": [0.19727805256843567, 0.13721273839473724, 0.060968756675720215, 0.05927633121609688], "model": "TF-YAMNet-V1", "inf_time": 0.043176}], "YAMNet": [{"location": {"start": 0.0, "end": 0.96}, "classifications": ["White noise", "Noise", "Vehicle"], "labels": ["White noise", "Noise", "Vehicle"], "confidences": [0.4632875323295593, 0.22343343496322632, 0.19778428971767426], "model": "TF-YAMNet-V1", "inf_time": 0.010794}, {"location": {"start": 0.48, "end": 1.44}, "classifications": ["Inside, small room", "Animal", "White noise"], "labels": ["Inside, small room", "Animal", "White noise"], "confidences": [0.1074678972363472, 0.10641366988420486, 0.08488086611032486], "model": "TF-YAMNet-V1", "inf_time": 0.010794}, {"location": {"start": 0.96, "end": 1.92}, "classifications": ["Inside, small room", "Typing", "Mechanisms"], "labels": ["Inside, small room", "Typing", "Mechanisms"], "confidences": [0.49732622504234314, 0.14465253055095673, 0.08034063130617142], "model": "TF-YAMNet-V1", "inf_time": 0.010794}, {"location": {"start": 1.44, "end": 2.4}, "classifications": ["Inside, small room", "Sliding door"], "labels": ["Inside, small room", "Sliding door"], "confidences": [0.13562950491905212, 0.05452902242541313], "model": "TF-YAMNet-V1", "inf_time": 0.010794}]}}