{"filename": "e3487d3b-aeed-43a0-9f06-0659a956cf8c", "time": "2022-10-27T19:20:22Z", "device_manufacturer": "samsung", "device_model": "SM-T870", "device_callsign": "Galaxy Tab S7 - Wagner", "mac_address": "02:00:00:00:00:00", "extension": "wav", "data_type": "audio", "sample_rate": 44100, "events": [{"classifications": ["door"], "confidences": [0.8982260823249817], "location": {"start": 0, "end": 8}, "labels": ["door"]}], "labels": ["door"], "confidences": [0.8982260823249817], "s3_bucket": "pi-zero-audio-data", "audio": "https://pi-zero-audio-data.s3.us-east-2.amazonaws.com/Galaxy_Tab_S7_-_Wagner/2022-12-01/door/e3487d3b-aeed-43a0-9f06-0659a956cf8c.wav", "object_key": "Galaxy_Tab_S7_-_Wagner/2022-12-01/door/e3487d3b-aeed-43a0-9f06-0659a956cf8c.wav", "json_key": "Galaxy_Tab_S7_-_Wagner/2022-12-01/door/e3487d3b-aeed-43a0-9f06-0659a956cf8c.json", "autolabels": {"YAMNet_aggregate": [{"location": {"start": 0.0, "end": 0.0}, "classifications": ["Silence"], "labels": ["Silence"], "confidences": [1.0], "model": "TF-YAMNet-V1", "inf_time": 0.042339}], "YAMNet": [{"location": {"start": 0.0, "end": 0.96}, "classifications": ["Silence"], "labels": ["Silence"], "confidences": [1.0], "model": "TF-YAMNet-V1", "inf_time": 0.042339}]}}