{"filename": "e727819c-1c24-4612-a53d-dbbcd27ff711", "time": "2022-10-27T01:53:42Z", "device_manufacturer": "samsung", "device_model": "SM-T870", "device_callsign": "Galaxy Tab S7 - Wagner", "mac_address": "02:00:00:00:00:00", "extension": "wav", "data_type": "audio", "sample_rate": 44100, "events": [{"classifications": ["door"], "confidences": [0.9963091611862183], "location": {"start": 0, "end": 14}, "labels": ["door"]}, {"classifications": ["door"], "confidences": [0.9970212578773499], "location": {"start": 0, "end": 10}, "labels": ["door"]}], "labels": ["door"], "confidences": [0.9970212578773499], "s3_bucket": "pi-zero-audio-data", "audio": "https://pi-zero-audio-data.s3.us-east-2.amazonaws.com/Galaxy_Tab_S7_-_Wagner/2022-12-01/door/e727819c-1c24-4612-a53d-dbbcd27ff711.wav", "object_key": "Galaxy_Tab_S7_-_Wagner/2022-12-01/door/e727819c-1c24-4612-a53d-dbbcd27ff711.wav", "json_key": "Galaxy_Tab_S7_-_Wagner/2022-12-01/door/e727819c-1c24-4612-a53d-dbbcd27ff711.json", "autolabels": {"YAMNet_aggregate": [{"location": {"start": 0.0, "end": 2.0}, "classifications": ["Inside, small room", "Percussion", "Mechanisms", "Printer", "Hammer"], "labels": ["Inside, small room", "Percussion", "Mechanisms", "Printer", "Hammer"], "confidences": [0.2156504988670349, 0.08671027421951294, 0.08017891645431519, 0.06785512715578079, 0.06680011749267578], "model": "TF-YAMNet-V1", "inf_time": 0.048032}], "YAMNet": [{"location": {"start": 0.0, "end": 0.96}, "classifications": ["Percussion", "Hammer", "Drum"], "labels": ["Percussion", "Hammer", "Drum"], "confidences": [0.33379149436950684, 0.26641619205474854, 0.23870685696601868], "model": "TF-YAMNet-V1", "inf_time": 0.012008}, {"location": {"start": 0.48, "end": 1.44}, "classifications": ["Inside, small room", "Silence", "Printer"], "labels": ["Inside, small room", "Silence", "Printer"], "confidences": [0.3806334137916565, 0.056374989449977875, 0.05368679761886597], "model": "TF-YAMNet-V1", "inf_time": 0.012008}, {"location": {"start": 0.96, "end": 1.92}, "classifications": ["Inside, small room", "Inside, large room or hall"], "labels": ["Inside, small room", "Inside, large room or hall"], "confidences": [0.3949168622493744, 0.07825737446546555], "model": "TF-YAMNet-V1", "inf_time": 0.012008}, {"location": {"start": 1.44, "end": 2.4}, "classifications": ["Mechanisms", "Printer", "Vehicle"], "labels": ["Mechanisms", "Printer", "Vehicle"], "confidences": [0.2453273981809616, 0.18793480098247528, 0.062211595475673676], "model": "TF-YAMNet-V1", "inf_time": 0.012008}]}}