{"filename": "eb5caef6-dbbe-49b4-b05b-c75cc97521f2", "time": "2022-10-27T17:02:57Z", "device_manufacturer": "samsung", "device_model": "SM-T870", "device_callsign": "Galaxy Tab S7 - Wagner", "mac_address": "02:00:00:00:00:00", "extension": "wav", "data_type": "audio", "sample_rate": 44100, "events": [{"classifications": ["likely_door"], "confidences": [0.6681126356124878], "location": {"start": 0, "end": 17}, "labels": ["door"]}, {"classifications": ["door"], "confidences": [0.889880359172821], "location": {"start": 0, "end": 7}, "labels": ["door"]}], "labels": ["likely_door", "door"], "confidences": [0.6681126356124878, 0.889880359172821], "s3_bucket": "pi-zero-audio-data", "audio": "https://pi-zero-audio-data.s3.us-east-2.amazonaws.com/Galaxy_Tab_S7_-_Wagner/2022-12-01/door/eb5caef6-dbbe-49b4-b05b-c75cc97521f2.wav", "object_key": "Galaxy_Tab_S7_-_Wagner/2022-12-01/door/eb5caef6-dbbe-49b4-b05b-c75cc97521f2.wav", "json_key": "Galaxy_Tab_S7_-_Wagner/2022-12-01/door/eb5caef6-dbbe-49b4-b05b-c75cc97521f2.json", "autolabels": {"YAMNet_aggregate": [{"location": {"start": 0.0, "end": 2.0}, "classifications": ["Inside, small room", "Sliding door", "Door", "Dishes, pots, and pans", "Inside, large room or hall"], "labels": ["Inside, small room", "Sliding door", "Door", "Dishes, pots, and pans", "Inside, large room or hall"], "confidences": [0.37431496381759644, 0.10845477879047394, 0.0650884136557579, 0.06263118237257004, 0.061724573373794556], "model": "TF-YAMNet-V1", "inf_time": 0.058178}], "YAMNet": [{"location": {"start": 0.0, "end": 0.96}, "classifications": ["Inside, small room", "Dishes, pots, and pans", "Cutlery, silverware"], "labels": ["Inside, small room", "Dishes, pots, and pans", "Cutlery, silverware"], "confidences": [0.3786230981349945, 0.1565825641155243, 0.08005434274673462], "model": "TF-YAMNet-V1", "inf_time": 0.014545}, {"location": {"start": 0.48, "end": 1.44}, "classifications": ["Inside, small room", "Scissors", "Squish"], "labels": ["Inside, small room", "Scissors", "Squish"], "confidences": [0.6007446050643921, 0.07976747304201126, 0.07197102159261703], "model": "TF-YAMNet-V1", "inf_time": 0.014545}, {"location": {"start": 0.96, "end": 1.92}, "classifications": ["Inside, small room", "Drawer open or close", "Cupboard open or close"], "labels": ["Inside, small room", "Drawer open or close", "Cupboard open or close"], "confidences": [0.40235862135887146, 0.15719935297966003, 0.08306258171796799], "model": "TF-YAMNet-V1", "inf_time": 0.014545}, {"location": {"start": 1.44, "end": 2.4}, "classifications": ["Sliding door", "Door", "Inside, small room"], "labels": ["Sliding door", "Door", "Inside, small room"], "confidences": [0.29948171973228455, 0.15618278086185455, 0.1155335083603859], "model": "TF-YAMNet-V1", "inf_time": 0.014545}]}}