{"filename": "ec5ad3bf-c6ff-41eb-b836-fa3277de612d", "time": "2022-10-26T19:49:10Z", "device_manufacturer": "samsung", "device_model": "SM-T870", "device_callsign": "Galaxy Tab S7 - Wagner", "mac_address": "02:00:00:00:00:00", "extension": "wav", "data_type": "audio", "sample_rate": 44100, "events": [{"classifications": ["door"], "confidences": [0.9878755211830139], "location": {"start": 0, "end": 7}, "labels": ["door"]}, {"classifications": ["door"], "confidences": [0.9973707795143127], "location": {"start": 0, "end": 10}, "labels": ["door"]}, {"classifications": ["voices"], "confidences": [0.9973284602165222], "location": {"start": 0, "end": 13}, "labels": ["voices"]}, {"classifications": ["voices"], "confidences": [0.9739426374435425], "location": {"start": 0, "end": 9}, "labels": ["voices"]}, {"classifications": ["voices"], "confidences": [0.9372689127922058], "location": {"start": 0, "end": 17}, "labels": ["voices"]}], "labels": ["door", "voices"], "confidences": [0.9973707795143127, 0.9973284602165222], "s3_bucket": "pi-zero-audio-data", "audio": "https://pi-zero-audio-data.s3.us-east-2.amazonaws.com/Galaxy_Tab_S7_-_Wagner/2022-12-01/door/ec5ad3bf-c6ff-41eb-b836-fa3277de612d.wav", "object_key": "Galaxy_Tab_S7_-_Wagner/2022-12-01/door/ec5ad3bf-c6ff-41eb-b836-fa3277de612d.wav", "json_key": "Galaxy_Tab_S7_-_Wagner/2022-12-01/door/ec5ad3bf-c6ff-41eb-b836-fa3277de612d.json", "autolabels": {"YAMNet_aggregate": [{"location": {"start": 0.0, "end": 6.0}, "classifications": ["Inside, small room", "Typing", "Computer keyboard", "Speech", "Sneeze"], "labels": ["Inside, small room", "Typing", "Computer keyboard", "Speech", "Sneeze"], "confidences": [0.3569435775279999, 0.15924988687038422, 0.13313759863376617, 0.0671859011054039, 0.05918292701244354], "model": "TF-YAMNet-V1", "inf_time": 0.0429}], "YAMNet": [{"location": {"start": 0.0, "end": 0.96}, "classifications": ["Sneeze", "Cough", "Hiccup"], "labels": ["Sneeze", "Cough", "Hiccup"], "confidences": [0.7094876766204834, 0.5260645151138306, 0.20163705945014954], "model": "TF-YAMNet-V1", "inf_time": 0.003575}, {"location": {"start": 0.48, "end": 1.44}, "classifications": ["Speech"], "labels": ["Speech"], "confidences": [0.27913329005241394], "model": "TF-YAMNet-V1", "inf_time": 0.003575}, {"location": {"start": 0.96, "end": 1.92}, "classifications": ["Inside, small room", "Typing", "Computer keyboard"], "labels": ["Inside, small room", "Typing", "Computer keyboard"], "confidences": [0.4801125228404999, 0.19061878323554993, 0.13134734332561493], "model": "TF-YAMNet-V1", "inf_time": 0.003575}, {"location": {"start": 1.44, "end": 2.4}, "classifications": ["Inside, small room", "Typing", "Computer keyboard"], "labels": ["Inside, small room", "Typing", "Computer keyboard"], "confidences": [0.6529480218887329, 0.1614772528409958, 0.1382157951593399], "model": "TF-YAMNet-V1", "inf_time": 0.003575}, {"location": {"start": 1.92, "end": 2.88}, "classifications": ["Inside, small room", "Dishes, pots, and pans", "Cutlery, silverware"], "labels": ["Inside, small room", "Dishes, pots, and pans", "Cutlery, silverware"], "confidences": [0.5545213222503662, 0.3939588665962219, 0.20667412877082825], "model": "TF-YAMNet-V1", "inf_time": 0.003575}, {"location": {"start": 2.4, "end": 3.36}, "classifications": ["Inside, small room", "Mechanisms", "Sewing machine"], "labels": ["Inside, small room", "Mechanisms", "Sewing machine"], "confidences": [0.44704166054725647, 0.07395942509174347, 0.060045503079891205], "model": "TF-YAMNet-V1", "inf_time": 0.003575}, {"location": {"start": 2.88, "end": 3.84}, "classifications": ["Speech", "Inside, small room"], "labels": ["Speech", "Inside, small room"], "confidences": [0.3926151692867279, 0.3040613830089569], "model": "TF-YAMNet-V1", "inf_time": 0.003575}, {"location": {"start": 3.36, "end": 4.32}, "classifications": ["Inside, small room", "Mechanisms", "Camera"], "labels": ["Inside, small room", "Mechanisms", "Camera"], "confidences": [0.4948700964450836, 0.17535500228405, 0.16118796169757843], "model": "TF-YAMNet-V1", "inf_time": 0.003575}, {"location": {"start": 3.84, "end": 4.8}, "classifications": ["Inside, small room"], "labels": ["Inside, small room"], "confidences": [0.49108439683914185], "model": "TF-YAMNet-V1", "inf_time": 0.003575}, {"location": {"start": 4.32, "end": 5.28}, "classifications": ["Inside, small room"], "labels": ["Inside, small room"], "confidences": [0.3149200975894928], "model": "TF-YAMNet-V1", "inf_time": 0.003575}, {"location": {"start": 4.8, "end": 5.76}, "classifications": ["Typing", "Computer keyboard", "Inside, small room"], "labels": ["Typing", "Computer keyboard", "Inside, small room"], "confidences": [0.7049852609634399, 0.5896505117416382, 0.41849055886268616], "model": "TF-YAMNet-V1", "inf_time": 0.003575}, {"location": {"start": 5.28, "end": 6.24}, "classifications": ["Typing", "Computer keyboard", "Rattle"], "labels": ["Typing", "Computer keyboard", "Rattle"], "confidences": [0.7105626463890076, 0.6385456323623657, 0.10308165848255157], "model": "TF-YAMNet-V1", "inf_time": 0.003575}]}}