{"filename": "ef25bac3-6992-4a25-bd62-951a6b52cf6e", "time": "2022-10-26T22:48:39Z", "device_manufacturer": "samsung", "device_model": "SM-T870", "device_callsign": "Galaxy Tab S7 - Wagner", "mac_address": "02:00:00:00:00:00", "extension": "wav", "data_type": "audio", "sample_rate": 44100, "events": [{"classifications": ["door"], "confidences": [0.973762035369873], "location": {"start": 0, "end": 14}, "labels": ["door"]}, {"classifications": ["door"], "confidences": [0.9994674921035767], "location": {"start": 0, "end": 14}, "labels": ["door"]}, {"classifications": ["door"], "confidences": [0.999285876750946], "location": {"start": 0, "end": 10}, "labels": ["door"]}], "labels": ["door"], "confidences": [0.9994674921035767], "s3_bucket": "pi-zero-audio-data", "audio": "https://pi-zero-audio-data.s3.us-east-2.amazonaws.com/Galaxy_Tab_S7_-_Wagner/2022-12-01/door/ef25bac3-6992-4a25-bd62-951a6b52cf6e.wav", "object_key": "Galaxy_Tab_S7_-_Wagner/2022-12-01/door/ef25bac3-6992-4a25-bd62-951a6b52cf6e.wav", "json_key": "Galaxy_Tab_S7_-_Wagner/2022-12-01/door/ef25bac3-6992-4a25-bd62-951a6b52cf6e.json", "autolabels": {"YAMNet_aggregate": [{"location": {"start": 0.0, "end": 4.0}, "classifications": ["Music", "Inside, small room", "Door", "Thump, thud", "Bouncing"], "labels": ["Music", "Inside, small room", "Door", "Thump, thud", "Bouncing"], "confidences": [0.15024808049201965, 0.1108778566122055, 0.07822618633508682, 0.07233359664678574, 0.06965068727731705], "model": "TF-YAMNet-V1", "inf_time": 0.06272}], "YAMNet": [{"location": {"start": 0.0, "end": 0.96}, "classifications": ["Inside, small room"], "labels": ["Inside, small room"], "confidences": [0.35848140716552734], "model": "TF-YAMNet-V1", "inf_time": 0.00784}, {"location": {"start": 0.48, "end": 1.44}, "classifications": ["Bouncing", "Knock", "Hands"], "labels": ["Bouncing", "Knock", "Hands"], "confidences": [0.5566483736038208, 0.4030233323574066, 0.3667556345462799], "model": "TF-YAMNet-V1", "inf_time": 0.00784}, {"location": {"start": 0.96, "end": 1.92}, "classifications": ["Music", "Thump, thud", "Drum"], "labels": ["Music", "Thump, thud", "Drum"], "confidences": [0.38301023840904236, 0.0736849457025528, 0.07197194546461105], "model": "TF-YAMNet-V1", "inf_time": 0.00784}, {"location": {"start": 1.44, "end": 2.4}, "classifications": ["Music", "Drum", "Drum kit"], "labels": ["Music", "Drum", "Drum kit"], "confidences": [0.6664830446243286, 0.22782206535339355, 0.19155685603618622], "model": "TF-YAMNet-V1", "inf_time": 0.00784}, {"location": {"start": 1.92, "end": 2.88}, "classifications": ["Thump, thud", "Thunk", "Door"], "labels": ["Thump, thud", "Thunk", "Door"], "confidences": [0.44554001092910767, 0.3945731222629547, 0.29977691173553467], "model": "TF-YAMNet-V1", "inf_time": 0.00784}, {"location": {"start": 2.4, "end": 3.36}, "classifications": ["Printer", "Inside, small room", "Mechanisms"], "labels": ["Printer", "Inside, small room", "Mechanisms"], "confidences": [0.16899986565113068, 0.1354334056377411, 0.12643319368362427], "model": "TF-YAMNet-V1", "inf_time": 0.00784}, {"location": {"start": 2.88, "end": 3.84}, "classifications": ["White noise", "Mechanical fan", "Silence"], "labels": ["White noise", "Mechanical fan", "Silence"], "confidences": [0.3650619387626648, 0.1570768505334854, 0.11556350439786911], "model": "TF-YAMNet-V1", "inf_time": 0.00784}, {"location": {"start": 3.36, "end": 4.32}, "classifications": ["Tick", "Clock", "Tick-tock"], "labels": ["Tick", "Clock", "Tick-tock"], "confidences": [0.2878238558769226, 0.24290885031223297, 0.2125130146741867], "model": "TF-YAMNet-V1", "inf_time": 0.00784}]}}