{"filename": "f2886384-52df-47ae-a17f-76f96f1c52e5", "time": "2022-10-26T19:43:54Z", "device_manufacturer": "samsung", "device_model": "SM-T870", "device_callsign": "Galaxy Tab S7 - Wagner", "mac_address": "02:00:00:00:00:00", "extension": "wav", "data_type": "audio", "sample_rate": 44100, "events": [{"classifications": ["likely_door"], "confidences": [0.5693251490592957], "location": {"start": 0, "end": 9}, "labels": ["door"]}, {"classifications": ["door"], "confidences": [0.9413484930992126], "location": {"start": 0, "end": 14}, "labels": ["door"]}], "labels": ["likely_door", "door"], "confidences": [0.5693251490592957, 0.9413484930992126], "s3_bucket": "pi-zero-audio-data", "audio": "https://pi-zero-audio-data.s3.us-east-2.amazonaws.com/Galaxy_Tab_S7_-_Wagner/2022-12-01/door/f2886384-52df-47ae-a17f-76f96f1c52e5.wav", "object_key": "Galaxy_Tab_S7_-_Wagner/2022-12-01/door/f2886384-52df-47ae-a17f-76f96f1c52e5.wav", "json_key": "Galaxy_Tab_S7_-_Wagner/2022-12-01/door/f2886384-52df-47ae-a17f-76f96f1c52e5.json", "autolabels": {"YAMNet_aggregate": [{"location": {"start": 0.0, "end": 2.0}, "classifications": ["Inside, small room", "Sliding door", "Typing", "Computer keyboard", "Typewriter"], "labels": ["Inside, small room", "Sliding door", "Typing", "Computer keyboard", "Typewriter"], "confidences": [0.24569599330425262, 0.1474611461162567, 0.1404741108417511, 0.09115425497293472, 0.08749669045209885], "model": "TF-YAMNet-V1", "inf_time": 0.060917}], "YAMNet": [{"location": {"start": 0.0, "end": 0.96}, "classifications": ["Typing", "Computer keyboard", "Typewriter"], "labels": ["Typing", "Computer keyboard", "Typewriter"], "confidences": [0.5370743274688721, 0.35016199946403503, 0.3415227234363556], "model": "TF-YAMNet-V1", "inf_time": 0.015229}, {"location": {"start": 0.48, "end": 1.44}, "classifications": ["Sliding door", "Inside, small room", "Door"], "labels": ["Sliding door", "Inside, small room", "Door"], "confidences": [0.30323201417922974, 0.20671039819717407, 0.1445472091436386], "model": "TF-YAMNet-V1", "inf_time": 0.015229}, {"location": {"start": 0.96, "end": 1.92}, "classifications": ["Inside, small room"], "labels": ["Inside, small room"], "confidences": [0.4987347722053528], "model": "TF-YAMNet-V1", "inf_time": 0.015229}, {"location": {"start": 1.44, "end": 2.4}, "classifications": ["Sliding door", "Squish", "Keys jangling"], "labels": ["Sliding door", "Squish", "Keys jangling"], "confidences": [0.2822357714176178, 0.2252703160047531, 0.17145603895187378], "model": "TF-YAMNet-V1", "inf_time": 0.015229}]}}