{"filename": "f3b7adca-0f58-4c46-968f-e0224825bc91", "time": "2022-10-27T16:55:55Z", "device_manufacturer": "samsung", "device_model": "SM-T870", "device_callsign": "Galaxy Tab S7 - Wagner", "mac_address": "02:00:00:00:00:00", "extension": "wav", "data_type": "audio", "sample_rate": 44100, "events": [{"classifications": ["door"], "confidences": [0.9933781623840332], "location": {"start": 0, "end": 10}, "labels": ["door"]}], "labels": ["door"], "confidences": [0.9933781623840332], "s3_bucket": "pi-zero-audio-data", "audio": "https://pi-zero-audio-data.s3.us-east-2.amazonaws.com/Galaxy_Tab_S7_-_Wagner/2022-12-01/door/f3b7adca-0f58-4c46-968f-e0224825bc91.wav", "object_key": "Galaxy_Tab_S7_-_Wagner/2022-12-01/door/f3b7adca-0f58-4c46-968f-e0224825bc91.wav", "json_key": "Galaxy_Tab_S7_-_Wagner/2022-12-01/door/f3b7adca-0f58-4c46-968f-e0224825bc91.json", "autolabels": {"YAMNet_aggregate": [{"location": {"start": 0.0, "end": 0.0}, "classifications": ["Silence"], "labels": ["Silence"], "confidences": [1.0], "model": "TF-YAMNet-V1", "inf_time": 0.043452}], "YAMNet": [{"location": {"start": 0.0, "end": 0.96}, "classifications": ["Silence"], "labels": ["Silence"], "confidences": [1.0], "model": "TF-YAMNet-V1", "inf_time": 0.043452}]}}