{"filename": "f5f2f1c1-8cf9-4e8d-b5fd-96cd0c9d32ec", "time": "2022-10-27T20:59:27Z", "device_manufacturer": "samsung", "device_model": "SM-T870", "device_callsign": "Galaxy Tab S7 - Wagner", "mac_address": "02:00:00:00:00:00", "extension": "wav", "data_type": "audio", "sample_rate": 44100, "events": [{"classifications": ["door"], "confidences": [0.9993376135826111], "location": {"start": 0, "end": 11}, "labels": ["door"]}], "labels": ["door"], "confidences": [0.9993376135826111], "s3_bucket": "pi-zero-audio-data", "audio": "https://pi-zero-audio-data.s3.us-east-2.amazonaws.com/Galaxy_Tab_S7_-_Wagner/2022-12-01/door/f5f2f1c1-8cf9-4e8d-b5fd-96cd0c9d32ec.wav", "object_key": "Galaxy_Tab_S7_-_Wagner/2022-12-01/door/f5f2f1c1-8cf9-4e8d-b5fd-96cd0c9d32ec.wav", "json_key": "Galaxy_Tab_S7_-_Wagner/2022-12-01/door/f5f2f1c1-8cf9-4e8d-b5fd-96cd0c9d32ec.json", "autolabels": {"YAMNet_aggregate": [{"location": {"start": 0.0, "end": 0.0}, "classifications": ["Silence"], "labels": ["Silence"], "confidences": [1.0], "model": "TF-YAMNet-V1", "inf_time": 0.040035}], "YAMNet": [{"location": {"start": 0.0, "end": 0.96}, "classifications": ["Silence"], "labels": ["Silence"], "confidences": [1.0], "model": "TF-YAMNet-V1", "inf_time": 0.040035}]}}