{"filename": "f8006643-62db-45c9-9479-c4f1de2efaff", "time": "2022-10-27T18:35:02Z", "device_manufacturer": "samsung", "device_model": "SM-T870", "device_callsign": "Galaxy Tab S7 - Wagner", "mac_address": "02:00:00:00:00:00", "extension": "wav", "data_type": "audio", "sample_rate": 44100, "events": [{"classifications": ["door"], "confidences": [0.9671806693077087], "location": {"start": 0, "end": 11}, "labels": ["door"]}, {"classifications": ["door"], "confidences": [0.9874438047409058], "location": {"start": 0, "end": 9}, "labels": ["door"]}], "labels": ["door"], "confidences": [0.9874438047409058], "s3_bucket": "pi-zero-audio-data", "audio": "https://pi-zero-audio-data.s3.us-east-2.amazonaws.com/Galaxy_Tab_S7_-_Wagner/2022-12-01/door/f8006643-62db-45c9-9479-c4f1de2efaff.wav", "object_key": "Galaxy_Tab_S7_-_Wagner/2022-12-01/door/f8006643-62db-45c9-9479-c4f1de2efaff.wav", "json_key": "Galaxy_Tab_S7_-_Wagner/2022-12-01/door/f8006643-62db-45c9-9479-c4f1de2efaff.json", "autolabels": {"YAMNet_aggregate": [{"location": {"start": 0.0, "end": 2.0}, "classifications": ["Inside, small room", "Animal", "Sliding door", "Domestic animals, pets", "Mouse"], "labels": ["Inside, small room", "Animal", "Sliding door", "Domestic animals, pets", "Mouse"], "confidences": [0.18532231450080872, 0.15315885841846466, 0.15204152464866638, 0.11736568063497543, 0.10527250170707703], "model": "TF-YAMNet-V1", "inf_time": 0.058219}], "YAMNet": [{"location": {"start": 0.0, "end": 0.96}, "classifications": ["Mouse", "Rodents, rats, mice", "Animal"], "labels": ["Mouse", "Rodents, rats, mice", "Animal"], "confidences": [0.3364288806915283, 0.2694042921066284, 0.26839008927345276], "model": "TF-YAMNet-V1", "inf_time": 0.014555}, {"location": {"start": 0.48, "end": 1.44}, "classifications": ["Inside, small room", "Sliding door", "Door"], "labels": ["Inside, small room", "Sliding door", "Door"], "confidences": [0.27303409576416016, 0.21669022738933563, 0.07863038778305054], "model": "TF-YAMNet-V1", "inf_time": 0.014555}, {"location": {"start": 0.96, "end": 1.92}, "classifications": ["Domestic animals, pets", "Inside, small room", "Animal"], "labels": ["Domestic animals, pets", "Inside, small room", "Animal"], "confidences": [0.2517647445201874, 0.24747292697429657, 0.19926059246063232], "model": "TF-YAMNet-V1", "inf_time": 0.014555}, {"location": {"start": 1.44, "end": 2.4}, "classifications": ["Sliding door", "Inside, small room", "Animal"], "labels": ["Sliding door", "Inside, small room", "Animal"], "confidences": [0.23006197810173035, 0.14180171489715576, 0.10997243970632553], "model": "TF-YAMNet-V1", "inf_time": 0.014555}]}}