{"filename": "f85d9569-dfea-4b63-bb83-9fa4b963e8e4", "time": "2022-10-27T01:52:38Z", "device_manufacturer": "samsung", "device_model": "SM-T870", "device_callsign": "Galaxy Tab S7 - Wagner", "mac_address": "02:00:00:00:00:00", "extension": "wav", "data_type": "audio", "sample_rate": 44100, "events": [{"classifications": ["door"], "confidences": [0.9889655709266663], "location": {"start": 0, "end": 8}, "labels": ["door"]}, {"classifications": ["door"], "confidences": [0.9991479516029358], "location": {"start": 0, "end": 12}, "labels": ["door"]}, {"classifications": ["door"], "confidences": [0.993095338344574], "location": {"start": 0, "end": 13}, "labels": ["door"]}], "labels": ["door"], "confidences": [0.9991479516029358], "s3_bucket": "pi-zero-audio-data", "audio": "https://pi-zero-audio-data.s3.us-east-2.amazonaws.com/Galaxy_Tab_S7_-_Wagner/2022-12-01/door/f85d9569-dfea-4b63-bb83-9fa4b963e8e4.wav", "object_key": "Galaxy_Tab_S7_-_Wagner/2022-12-01/door/f85d9569-dfea-4b63-bb83-9fa4b963e8e4.wav", "json_key": "Galaxy_Tab_S7_-_Wagner/2022-12-01/door/f85d9569-dfea-4b63-bb83-9fa4b963e8e4.json", "autolabels": {"YAMNet_aggregate": [{"location": {"start": 0.0, "end": 4.0}, "classifications": ["Sliding door", "Inside, small room", "Door", "Drawer open or close", "Cupboard open or close"], "labels": ["Sliding door", "Inside, small room", "Door", "Drawer open or close", "Cupboard open or close"], "confidences": [0.3448777496814728, 0.16793374717235565, 0.14174073934555054, 0.1056499183177948, 0.09544630348682404], "model": "TF-YAMNet-V1", "inf_time": 0.052301}], "YAMNet": [{"location": {"start": 0.0, "end": 0.96}, "classifications": ["Sliding door", "Inside, small room", "Door"], "labels": ["Sliding door", "Inside, small room", "Door"], "confidences": [0.3571421802043915, 0.22462637722492218, 0.18772956728935242], "model": "TF-YAMNet-V1", "inf_time": 0.006538}, {"location": {"start": 0.48, "end": 1.44}, "classifications": ["Sliding door", "Door", "Inside, large room or hall"], "labels": ["Sliding door", "Door", "Inside, large room or hall"], "confidences": [0.47895532846450806, 0.22805099189281464, 0.16643542051315308], "model": "TF-YAMNet-V1", "inf_time": 0.006538}, {"location": {"start": 0.96, "end": 1.92}, "classifications": ["Sliding door", "Inside, small room", "Door"], "labels": ["Sliding door", "Inside, small room", "Door"], "confidences": [0.23866991698741913, 0.15183795988559723, 0.07191763073205948], "model": "TF-YAMNet-V1", "inf_time": 0.006538}, {"location": {"start": 1.44, "end": 2.4}, "classifications": ["Sliding door", "Keys jangling", "Door"], "labels": ["Sliding door", "Keys jangling", "Door"], "confidences": [0.36883658170700073, 0.23651807010173798, 0.1430814117193222], "model": "TF-YAMNet-V1", "inf_time": 0.006538}, {"location": {"start": 1.92, "end": 2.88}, "classifications": ["Sliding door", "Door", "Inside, small room"], "labels": ["Sliding door", "Door", "Inside, small room"], "confidences": [0.402539998292923, 0.14801673591136932, 0.08543030917644501], "model": "TF-YAMNet-V1", "inf_time": 0.006538}, {"location": {"start": 2.4, "end": 3.36}, "classifications": ["Drawer open or close", "Cupboard open or close", "Sliding door"], "labels": ["Drawer open or close", "Cupboard open or close", "Sliding door"], "confidences": [0.6784586906433105, 0.42728665471076965, 0.4032539427280426], "model": "TF-YAMNet-V1", "inf_time": 0.006538}, {"location": {"start": 2.88, "end": 3.84}, "classifications": ["Inside, small room", "Sliding door", "Inside, large room or hall"], "labels": ["Inside, small room", "Sliding door", "Inside, large room or hall"], "confidences": [0.3671703636646271, 0.09224624931812286, 0.060764335095882416], "model": "TF-YAMNet-V1", "inf_time": 0.006538}, {"location": {"start": 3.36, "end": 4.32}, "classifications": ["Sliding door", "Door", "Inside, small room"], "labels": ["Sliding door", "Door", "Inside, small room"], "confidences": [0.41737762093544006, 0.11524971574544907, 0.10791877657175064], "model": "TF-YAMNet-V1", "inf_time": 0.006538}]}}