{"filename": "f8b8d4a5-7670-410b-9053-f6220d7e3e6f", "time": "2022-10-27T17:24:42Z", "device_manufacturer": "samsung", "device_model": "SM-T870", "device_callsign": "Galaxy Tab S7 - Wagner", "mac_address": "02:00:00:00:00:00", "extension": "wav", "data_type": "audio", "sample_rate": 44100, "events": [{"classifications": ["door"], "confidences": [0.9795940518379211], "location": {"start": 0, "end": 13}, "labels": ["door"]}, {"classifications": ["likely_door"], "confidences": [0.8065164089202881], "location": {"start": 0, "end": 16}, "labels": ["door"]}], "labels": ["door", "likely_door"], "confidences": [0.9795940518379211, 0.8065164089202881], "s3_bucket": "pi-zero-audio-data", "audio": "https://pi-zero-audio-data.s3.us-east-2.amazonaws.com/Galaxy_Tab_S7_-_Wagner/2022-12-01/door/f8b8d4a5-7670-410b-9053-f6220d7e3e6f.wav", "object_key": "Galaxy_Tab_S7_-_Wagner/2022-12-01/door/f8b8d4a5-7670-410b-9053-f6220d7e3e6f.wav", "json_key": "Galaxy_Tab_S7_-_Wagner/2022-12-01/door/f8b8d4a5-7670-410b-9053-f6220d7e3e6f.json", "autolabels": {"YAMNet_aggregate": [{"location": {"start": 0.0, "end": 2.0}, "classifications": ["Inside, small room", "Mouse", "Dishes, pots, and pans", "Rodents, rats, mice", "Speech"], "labels": ["Inside, small room", "Mouse", "Dishes, pots, and pans", "Rodents, rats, mice", "Speech"], "confidences": [0.32149428129196167, 0.10423099249601364, 0.07490596175193787, 0.07148934155702591, 0.06912311166524887], "model": "TF-YAMNet-V1", "inf_time": 0.051849}], "YAMNet": [{"location": {"start": 0.0, "end": 0.96}, "classifications": ["Speech", "Inside, small room", "Inside, large room or hall"], "labels": ["Speech", "Inside, small room", "Inside, large room or hall"], "confidences": [0.20860907435417175, 0.13648724555969238, 0.08715169876813889], "model": "TF-YAMNet-V1", "inf_time": 0.012962}, {"location": {"start": 0.48, "end": 1.44}, "classifications": ["Inside, small room", "Typewriter", "Typing"], "labels": ["Inside, small room", "Typewriter", "Typing"], "confidences": [0.6591776609420776, 0.12714627385139465, 0.10041029006242752], "model": "TF-YAMNet-V1", "inf_time": 0.012962}, {"location": {"start": 0.96, "end": 1.92}, "classifications": ["Inside, small room", "Dishes, pots, and pans", "Cutlery, silverware"], "labels": ["Inside, small room", "Dishes, pots, and pans", "Cutlery, silverware"], "confidences": [0.35658499598503113, 0.22670228779315948, 0.06842400133609772], "model": "TF-YAMNet-V1", "inf_time": 0.012962}, {"location": {"start": 1.44, "end": 2.4}, "classifications": ["Mouse", "Rodents, rats, mice", "Sliding door"], "labels": ["Mouse", "Rodents, rats, mice", "Sliding door"], "confidences": [0.41564372181892395, 0.2802638113498688, 0.16815301775932312], "model": "TF-YAMNet-V1", "inf_time": 0.012962}]}}