{"filename": "f927d10e-6b2d-40e1-9bf1-92b3ee470713", "time": "2022-10-26T21:56:29Z", "device_manufacturer": "samsung", "device_model": "SM-T870", "device_callsign": "Galaxy Tab S7 - Wagner", "mac_address": "02:00:00:00:00:00", "extension": "wav", "data_type": "audio", "sample_rate": 44100, "events": [{"classifications": ["door"], "confidences": [0.9932522177696228], "location": {"start": 0, "end": 10}, "labels": ["door"]}, {"classifications": ["door"], "confidences": [0.9975359439849854], "location": {"start": 0, "end": 8}, "labels": ["door"]}, {"classifications": ["voices"], "confidences": [0.9898768067359924], "location": {"start": 0, "end": 9}, "labels": ["voices"]}], "labels": ["door", "voices"], "confidences": [0.9975359439849854, 0.9898768067359924], "s3_bucket": "pi-zero-audio-data", "audio": "https://pi-zero-audio-data.s3.us-east-2.amazonaws.com/Galaxy_Tab_S7_-_Wagner/2022-12-01/door/f927d10e-6b2d-40e1-9bf1-92b3ee470713.wav", "object_key": "Galaxy_Tab_S7_-_Wagner/2022-12-01/door/f927d10e-6b2d-40e1-9bf1-92b3ee470713.wav", "json_key": "Galaxy_Tab_S7_-_Wagner/2022-12-01/door/f927d10e-6b2d-40e1-9bf1-92b3ee470713.json", "autolabels": {"YAMNet_aggregate": [{"location": {"start": 0.0, "end": 2.0}, "classifications": ["Speech", "Music"], "labels": ["Speech", "Music"], "confidences": [0.11921454221010208, 0.08260218799114227], "model": "TF-YAMNet-V1", "inf_time": 0.050478}], "YAMNet": [{"location": {"start": 0.0, "end": 0.96}, "classifications": ["Speech"], "labels": ["Speech"], "confidences": [0.18806619942188263], "model": "TF-YAMNet-V1", "inf_time": 0.01262}, {"location": {"start": 0.48, "end": 1.44}, "classifications": ["Music"], "labels": ["Music"], "confidences": [0.23560526967048645], "model": "TF-YAMNet-V1", "inf_time": 0.01262}, {"location": {"start": 0.96, "end": 1.92}, "classifications": ["Speech"], "labels": ["Speech"], "confidences": [0.2557123005390167], "model": "TF-YAMNet-V1", "inf_time": 0.01262}, {"location": {"start": 1.44, "end": 2.4}, "classifications": ["Music"], "labels": ["Music"], "confidences": [0.06049124896526337], "model": "TF-YAMNet-V1", "inf_time": 0.01262}]}}