{"filename": "fa60604a-ab91-426d-9ebf-88e7ba5b4acc", "time": "2022-10-27T01:38:08Z", "device_manufacturer": "samsung", "device_model": "SM-T870", "device_callsign": "Galaxy Tab S7 - Wagner", "mac_address": "02:00:00:00:00:00", "extension": "wav", "data_type": "audio", "sample_rate": 44100, "events": [{"classifications": ["door"], "confidences": [0.9902688264846802], "location": {"start": 0, "end": 9}, "labels": ["door"]}, {"classifications": ["likely_door"], "confidences": [0.8094763159751892], "location": {"start": 0, "end": 8}, "labels": ["door"]}], "labels": ["door", "likely_door"], "confidences": [0.9902688264846802, 0.8094763159751892], "s3_bucket": "pi-zero-audio-data", "audio": "https://pi-zero-audio-data.s3.us-east-2.amazonaws.com/Galaxy_Tab_S7_-_Wagner/2022-12-01/door/fa60604a-ab91-426d-9ebf-88e7ba5b4acc.wav", "object_key": "Galaxy_Tab_S7_-_Wagner/2022-12-01/door/fa60604a-ab91-426d-9ebf-88e7ba5b4acc.wav", "json_key": "Galaxy_Tab_S7_-_Wagner/2022-12-01/door/fa60604a-ab91-426d-9ebf-88e7ba5b4acc.json", "autolabels": {"YAMNet_aggregate": [{"location": {"start": 0.0, "end": 2.0}, "classifications": ["Inside, small room", "Sliding door", "Door", "Cupboard open or close", "Drawer open or close"], "labels": ["Inside, small room", "Sliding door", "Door", "Cupboard open or close", "Drawer open or close"], "confidences": [0.25290167331695557, 0.2127901315689087, 0.12252303957939148, 0.11477580666542053, 0.09321654587984085], "model": "TF-YAMNet-V1", "inf_time": 0.032171}], "YAMNet": [{"location": {"start": 0.0, "end": 0.96}, "classifications": ["Inside, small room", "Snort", "Domestic animals, pets"], "labels": ["Inside, small room", "Snort", "Domestic animals, pets"], "confidences": [0.2560950517654419, 0.08843425661325455, 0.08250360935926437], "model": "TF-YAMNet-V1", "inf_time": 0.008043}, {"location": {"start": 0.48, "end": 1.44}, "classifications": ["Inside, small room", "Door", "Sliding door"], "labels": ["Inside, small room", "Door", "Sliding door"], "confidences": [0.40637072920799255, 0.1435716152191162, 0.08887958526611328], "model": "TF-YAMNet-V1", "inf_time": 0.008043}, {"location": {"start": 0.96, "end": 1.92}, "classifications": ["Sliding door", "Cupboard open or close", "Drawer open or close"], "labels": ["Sliding door", "Cupboard open or close", "Drawer open or close"], "confidences": [0.6030840873718262, 0.41263893246650696, 0.332250714302063], "model": "TF-YAMNet-V1", "inf_time": 0.008043}, {"location": {"start": 1.44, "end": 2.4}, "classifications": ["Sliding door", "Inside, small room", "Zipper (clothing)"], "labels": ["Sliding door", "Inside, small room", "Zipper (clothing)"], "confidences": [0.12931784987449646, 0.0982331708073616, 0.07870600372552872], "model": "TF-YAMNet-V1", "inf_time": 0.008043}]}}