{"filename": "fa8560ea-e156-4844-9c40-80d38061a636", "time": "2022-10-27T16:35:57Z", "device_manufacturer": "samsung", "device_model": "SM-T870", "device_callsign": "Galaxy Tab S7 - Wagner", "mac_address": "02:00:00:00:00:00", "extension": "wav", "data_type": "audio", "sample_rate": 44100, "events": [{"classifications": ["unknown"], "confidences": [0.49936991930007935], "location": {"start": 0, "end": 11}, "labels": ["door"]}, {"classifications": ["door"], "confidences": [0.8971022963523865], "location": {"start": 0, "end": 11}, "labels": ["door"]}, {"classifications": ["door"], "confidences": [0.9509185552597046], "location": {"start": 0, "end": 12}, "labels": ["door"]}, {"classifications": ["door"], "confidences": [0.9173362255096436], "location": {"start": 0, "end": 12}, "labels": ["door"]}], "labels": ["unknown", "door"], "confidences": [0.49936991930007935, 0.9509185552597046], "s3_bucket": "pi-zero-audio-data", "audio": "https://pi-zero-audio-data.s3.us-east-2.amazonaws.com/Galaxy_Tab_S7_-_Wagner/2022-12-01/door/fa8560ea-e156-4844-9c40-80d38061a636.wav", "object_key": "Galaxy_Tab_S7_-_Wagner/2022-12-01/door/fa8560ea-e156-4844-9c40-80d38061a636.wav", "json_key": "Galaxy_Tab_S7_-_Wagner/2022-12-01/door/fa8560ea-e156-4844-9c40-80d38061a636.json", "autolabels": {"YAMNet_aggregate": [{"location": {"start": 0.0, "end": 6.0}, "classifications": ["Inside, small room", "Animal", "Pant", "Speech", "Writing"], "labels": ["Inside, small room", "Animal", "Pant", "Speech", "Writing"], "confidences": [0.1778842955827713, 0.10244986414909363, 0.09674334526062012, 0.07650057226419449, 0.0762057676911354], "model": "TF-YAMNet-V1", "inf_time": 0.04487}], "YAMNet": [{"location": {"start": 0.0, "end": 0.96}, "classifications": ["Writing", "Animal", "Dog"], "labels": ["Writing", "Animal", "Dog"], "confidences": [0.3608574867248535, 0.2279982566833496, 0.17924447357654572], "model": "TF-YAMNet-V1", "inf_time": 0.003739}, {"location": {"start": 0.48, "end": 1.44}, "classifications": ["Zipper (clothing)", "Pant", "Inside, small room"], "labels": ["Zipper (clothing)", "Pant", "Inside, small room"], "confidences": [0.2943914830684662, 0.24456289410591125, 0.2305891066789627], "model": "TF-YAMNet-V1", "inf_time": 0.003739}, {"location": {"start": 0.96, "end": 1.92}, "classifications": ["Inside, small room"], "labels": ["Inside, small room"], "confidences": [0.48099228739738464], "model": "TF-YAMNet-V1", "inf_time": 0.003739}, {"location": {"start": 1.44, "end": 2.4}, "classifications": ["Pant", "Inside, small room", "Writing"], "labels": ["Pant", "Inside, small room", "Writing"], "confidences": [0.6010669469833374, 0.175887793302536, 0.1413038820028305], "model": "TF-YAMNet-V1", "inf_time": 0.003739}, {"location": {"start": 1.92, "end": 2.88}, "classifications": ["Inside, small room", "Domestic animals, pets", "Writing"], "labels": ["Inside, small room", "Domestic animals, pets", "Writing"], "confidences": [0.3648165464401245, 0.0639410987496376, 0.05704237148165703], "model": "TF-YAMNet-V1", "inf_time": 0.003739}, {"location": {"start": 2.4, "end": 3.36}, "classifications": ["Inside, small room", "Domestic animals, pets", "Dog"], "labels": ["Inside, small room", "Domestic animals, pets", "Dog"], "confidences": [0.27491360902786255, 0.2343694567680359, 0.22346705198287964], "model": "TF-YAMNet-V1", "inf_time": 0.003739}, {"location": {"start": 2.88, "end": 3.84}, "classifications": ["Animal", "Pigeon, dove", "Bird"], "labels": ["Animal", "Pigeon, dove", "Bird"], "confidences": [0.23109406232833862, 0.2246251404285431, 0.2082892656326294], "model": "TF-YAMNet-V1", "inf_time": 0.003739}, {"location": {"start": 3.36, "end": 4.32}, "classifications": ["Rodents, rats, mice", "Animal", "Mouse"], "labels": ["Rodents, rats, mice", "Animal", "Mouse"], "confidences": [0.2920933961868286, 0.2655881941318512, 0.15401434898376465], "model": "TF-YAMNet-V1", "inf_time": 0.003739}, {"location": {"start": 3.84, "end": 4.8}, "classifications": ["Rodents, rats, mice", "Mouse", "Patter"], "labels": ["Rodents, rats, mice", "Mouse", "Patter"], "confidences": [0.3064717948436737, 0.19280588626861572, 0.17857509851455688], "model": "TF-YAMNet-V1", "inf_time": 0.003739}, {"location": {"start": 4.32, "end": 5.28}, "classifications": ["Inside, small room", "Animal", "Speech"], "labels": ["Inside, small room", "Animal", "Speech"], "confidences": [0.19593119621276855, 0.08561399579048157, 0.067560113966465], "model": "TF-YAMNet-V1", "inf_time": 0.003739}, {"location": {"start": 4.8, "end": 5.76}, "classifications": ["Inside, small room", "Domestic animals, pets", "Speech"], "labels": ["Inside, small room", "Domestic animals, pets", "Speech"], "confidences": [0.10946980118751526, 0.06775365024805069, 0.061897870153188705], "model": "TF-YAMNet-V1", "inf_time": 0.003739}, {"location": {"start": 5.28, "end": 6.24}, "classifications": ["Speech"], "labels": ["Speech"], "confidences": [0.6176093816757202], "model": "TF-YAMNet-V1", "inf_time": 0.003739}]}}