{"filename": "fd8d135e-5445-4456-9e09-9c65e09d13fa", "time": "2022-10-26T19:37:38Z", "device_manufacturer": "samsung", "device_model": "SM-T870", "device_callsign": "Galaxy Tab S7 - Wagner", "mac_address": "02:00:00:00:00:00", "extension": "wav", "data_type": "audio", "sample_rate": 44100, "events": [{"classifications": ["door"], "confidences": [0.8598960041999817], "location": {"start": 0, "end": 13}, "labels": ["door"]}], "labels": ["door"], "confidences": [0.8598960041999817], "s3_bucket": "pi-zero-audio-data", "audio": "https://pi-zero-audio-data.s3.us-east-2.amazonaws.com/Galaxy_Tab_S7_-_Wagner/2022-12-01/door/fd8d135e-5445-4456-9e09-9c65e09d13fa.wav", "object_key": "Galaxy_Tab_S7_-_Wagner/2022-12-01/door/fd8d135e-5445-4456-9e09-9c65e09d13fa.wav", "json_key": "Galaxy_Tab_S7_-_Wagner/2022-12-01/door/fd8d135e-5445-4456-9e09-9c65e09d13fa.json", "autolabels": {"YAMNet_aggregate": [{"location": {"start": 0.0, "end": 0.0}, "classifications": ["Silence"], "labels": ["Silence"], "confidences": [1.0], "model": "TF-YAMNet-V1", "inf_time": 0.052591}], "YAMNet": [{"location": {"start": 0.0, "end": 0.96}, "classifications": ["Silence"], "labels": ["Silence"], "confidences": [1.0], "model": "TF-YAMNet-V1", "inf_time": 0.052591}]}}