{"filename": "fe02dd91-7f88-4d00-b519-b8961fcbd50c", "time": "2022-10-27T16:39:38Z", "device_manufacturer": "samsung", "device_model": "SM-T870", "device_callsign": "Galaxy Tab S7 - Wagner", "mac_address": "02:00:00:00:00:00", "extension": "wav", "data_type": "audio", "sample_rate": 44100, "events": [{"classifications": ["door"], "confidences": [0.9624326229095459], "location": {"start": 0, "end": 9}, "labels": ["door"]}, {"classifications": ["unknown"], "confidences": [0.30516690015792847], "location": {"start": 0, "end": 10}, "labels": ["door"]}], "labels": ["door", "unknown"], "confidences": [0.9624326229095459, 0.30516690015792847], "s3_bucket": "pi-zero-audio-data", "audio": "https://pi-zero-audio-data.s3.us-east-2.amazonaws.com/Galaxy_Tab_S7_-_Wagner/2022-12-01/door/fe02dd91-7f88-4d00-b519-b8961fcbd50c.wav", "object_key": "Galaxy_Tab_S7_-_Wagner/2022-12-01/door/fe02dd91-7f88-4d00-b519-b8961fcbd50c.wav", "json_key": "Galaxy_Tab_S7_-_Wagner/2022-12-01/door/fe02dd91-7f88-4d00-b519-b8961fcbd50c.json", "autolabels": {"YAMNet_aggregate": [{"location": {"start": 0.0, "end": 2.0}, "classifications": ["Inside, small room", "Domestic animals, pets", "Cat", "Animal", "Dog"], "labels": ["Inside, small room", "Domestic animals, pets", "Cat", "Animal", "Dog"], "confidences": [0.20780427753925323, 0.0969560295343399, 0.07892052829265594, 0.07181331515312195, 0.054053809493780136], "model": "TF-YAMNet-V1", "inf_time": 0.030491}], "YAMNet": [{"location": {"start": 0.0, "end": 0.96}, "classifications": ["Inside, small room", "Speech"], "labels": ["Inside, small room", "Speech"], "confidences": [0.1969010978937149, 0.13178662955760956], "model": "TF-YAMNet-V1", "inf_time": 0.007623}, {"location": {"start": 0.48, "end": 1.44}, "classifications": ["Inside, small room", "Boiling", "Squish"], "labels": ["Inside, small room", "Boiling", "Squish"], "confidences": [0.3571793735027313, 0.08254116028547287, 0.06275695562362671], "model": "TF-YAMNet-V1", "inf_time": 0.007623}, {"location": {"start": 0.96, "end": 1.92}, "classifications": ["Inside, small room"], "labels": ["Inside, small room"], "confidences": [0.21952925622463226], "model": "TF-YAMNet-V1", "inf_time": 0.007623}, {"location": {"start": 1.44, "end": 2.4}, "classifications": ["Domestic animals, pets", "Cat", "Animal"], "labels": ["Domestic animals, pets", "Cat", "Animal"], "confidences": [0.321641206741333, 0.25911945104599, 0.20979399979114532], "model": "TF-YAMNet-V1", "inf_time": 0.007623}]}}