{"filename": "a797c4f9-bfd9-42cf-9a72-8162bf419c30", "time": "2022-10-20T19:03:42Z", "device_manufacturer": "samsung", "device_model": "SM-T870", "device_callsign": "Galaxy Tab S7 - Wagner", "mac_address": "02:00:00:00:00:00", "extension": "wav", "data_type": "audio", "sample_rate": 44100, "events": [{"classifications": ["unknown"], "confidences": [0.4573206901550293], "location": {"start": 0, "end": 9}, "labels": ["clapping"]}, {"classifications": ["clapping"], "confidences": [0.8938937187194824], "location": {"start": 0, "end": 8}, "labels": ["clapping"]}], "labels": ["unknown", "clapping"], "confidences": [0.4573206901550293, 0.8938937187194824], "s3_bucket": "pi-zero-audio-data", "audio": "https://pi-zero-audio-data.s3.us-east-2.amazonaws.com/Galaxy_Tab_S7_-_Wagner/2022-12-01/clapping/a797c4f9-bfd9-42cf-9a72-8162bf419c30.wav", "object_key": "Galaxy_Tab_S7_-_Wagner/2022-12-01/clapping/a797c4f9-bfd9-42cf-9a72-8162bf419c30.wav", "json_key": "Galaxy_Tab_S7_-_Wagner/2022-12-01/clapping/a797c4f9-bfd9-42cf-9a72-8162bf419c30.json", "autolabels": {"YAMNet_aggregate": [{"location": {"start": 0.0, "end": 2.0}, "classifications": ["Shuffling cards", "Crack", "Inside, small room", "Scissors", "Typing"], "labels": ["Shuffling cards", "Crack", "Inside, small room", "Scissors", "Typing"], "confidences": [0.2751713991165161, 0.18786011636257172, 0.18196353316307068, 0.1801561713218689, 0.1339988261461258], "model": "TF-YAMNet-V1", "inf_time": 0.037658}], "YAMNet": [{"location": {"start": 0.0, "end": 0.96}, "classifications": ["Crack", "Breaking", "Crushing"], "labels": ["Crack", "Breaking", "Crushing"], "confidences": [0.7061473727226257, 0.35532012581825256, 0.3472667932510376], "model": "TF-YAMNet-V1", "inf_time": 0.009414}, {"location": {"start": 0.48, "end": 1.44}, "classifications": ["Typing", "Typewriter", "Scratch"], "labels": ["Typing", "Typewriter", "Scratch"], "confidences": [0.4860716164112091, 0.3984489440917969, 0.2725540101528168], "model": "TF-YAMNet-V1", "inf_time": 0.009414}, {"location": {"start": 0.96, "end": 1.92}, "classifications": ["Scissors", "Shuffling cards", "Inside, small room"], "labels": ["Scissors", "Shuffling cards", "Inside, small room"], "confidences": [0.6511778831481934, 0.5776841044425964, 0.4214363396167755], "model": "TF-YAMNet-V1", "inf_time": 0.009414}, {"location": {"start": 1.44, "end": 2.4}, "classifications": ["Scrape", "Rattle", "Keys jangling"], "labels": ["Scrape", "Rattle", "Keys jangling"], "confidences": [0.1321057379245758, 0.09473531693220139, 0.08572225272655487], "model": "TF-YAMNet-V1", "inf_time": 0.009414}]}}