{"filename": "1b928e43-d332-40f8-86aa-8f5117eecb73", "time": "2022-10-18T21:10:48Z", "device_manufacturer": "samsung", "device_model": "SM-T870", "device_callsign": "Galaxy Tab S7 - Wagner", "mac_address": "02:00:00:00:00:00", "extension": "wav", "data_type": "audio", "sample_rate": 44100, "events": [{"classifications": ["knocking"], "confidences": [0.9996531009674072], "location": {"start": 0, "end": 42}, "labels": ["knocking"]}, {"classifications": ["voices"], "confidences": [0.9849451184272766], "location": {"start": 0, "end": 9}, "labels": ["voices"]}, {"classifications": ["likely_voices"], "confidences": [0.7686727046966553], "location": {"start": 0, "end": 10}, "labels": ["voices"]}, {"classifications": ["voices"], "confidences": [0.9946746826171875], "location": {"start": 0, "end": 18}, "labels": ["voices"]}], "labels": ["knocking", "voices", "likely_voices"], "confidences": [0.9996531009674072, 0.9946746826171875, 0.7686727046966553], "s3_bucket": "pi-zero-audio-data", "audio": "https://pi-zero-audio-data.s3.us-east-2.amazonaws.com/Galaxy_Tab_S7_-_Wagner/2022-12-01/knocking/1b928e43-d332-40f8-86aa-8f5117eecb73.wav", "object_key": "Galaxy_Tab_S7_-_Wagner/2022-12-01/knocking/1b928e43-d332-40f8-86aa-8f5117eecb73.wav", "json_key": "Galaxy_Tab_S7_-_Wagner/2022-12-01/knocking/1b928e43-d332-40f8-86aa-8f5117eecb73.json", "autolabels": {"YAMNet_aggregate": [{"location": {"start": 0.0, "end": 6.0}, "classifications": ["Speech", "Thunk", "Inside, small room"], "labels": ["Speech", "Thunk", "Inside, small room"], "confidences": [0.597103476524353, 0.05972645804286003, 0.05766226723790169], "model": "TF-YAMNet-V1", "inf_time": 0.048951}], "YAMNet": [{"location": {"start": 0.0, "end": 0.96}, "classifications": ["White noise", "Silence", "Inside, small room"], "labels": ["White noise", "Silence", "Inside, small room"], "confidences": [0.12717175483703613, 0.10956665128469467, 0.08409013599157333], "model": "TF-YAMNet-V1", "inf_time": 0.004079}, {"location": {"start": 0.48, "end": 1.44}, "classifications": ["Speech"], "labels": ["Speech"], "confidences": [0.9911468029022217], "model": "TF-YAMNet-V1", "inf_time": 0.004079}, {"location": {"start": 0.96, "end": 1.92}, "classifications": ["Speech"], "labels": ["Speech"], "confidences": [0.9884135127067566], "model": "TF-YAMNet-V1", "inf_time": 0.004079}, {"location": {"start": 1.44, "end": 2.4}, "classifications": ["Inside, small room", "Sliding door", "Printer"], "labels": ["Inside, small room", "Sliding door", "Printer"], "confidences": [0.17225788533687592, 0.0844116136431694, 0.05679506063461304], "model": "TF-YAMNet-V1", "inf_time": 0.004079}, {"location": {"start": 1.92, "end": 2.88}, "classifications": ["Speech", "Inside, small room", "Inside, large room or hall"], "labels": ["Speech", "Inside, small room", "Inside, large room or hall"], "confidences": [0.23271745443344116, 0.08713172376155853, 0.07694357633590698], "model": "TF-YAMNet-V1", "inf_time": 0.004079}, {"location": {"start": 2.4, "end": 3.36}, "classifications": ["Speech"], "labels": ["Speech"], "confidences": [0.6009513139724731], "model": "TF-YAMNet-V1", "inf_time": 0.004079}, {"location": {"start": 2.88, "end": 3.84}, "classifications": ["Speech"], "labels": ["Speech"], "confidences": [0.9850599765777588], "model": "TF-YAMNet-V1", "inf_time": 0.004079}, {"location": {"start": 3.36, "end": 4.32}, "classifications": ["Speech"], "labels": ["Speech"], "confidences": [0.9190336465835571], "model": "TF-YAMNet-V1", "inf_time": 0.004079}, {"location": {"start": 3.84, "end": 4.8}, "classifications": ["Speech"], "labels": ["Speech"], "confidences": [0.9915608167648315], "model": "TF-YAMNet-V1", "inf_time": 0.004079}, {"location": {"start": 4.32, "end": 5.28}, "classifications": ["Speech"], "labels": ["Speech"], "confidences": [0.952913761138916], "model": "TF-YAMNet-V1", "inf_time": 0.004079}, {"location": {"start": 4.8, "end": 5.76}, "classifications": ["Speech", "Dishes, pots, and pans", "Inside, small room"], "labels": ["Speech", "Dishes, pots, and pans", "Inside, small room"], "confidences": [0.4301619529724121, 0.09694094955921173, 0.07780556380748749], "model": "TF-YAMNet-V1", "inf_time": 0.004079}, {"location": {"start": 5.28, "end": 6.24}, "classifications": ["Thunk", "Knock", "Door"], "labels": ["Thunk", "Knock", "Door"], "confidences": [0.716599702835083, 0.5762250423431396, 0.43245527148246765], "model": "TF-YAMNet-V1", "inf_time": 0.004079}]}}