{"filename": "2eb1cd4a-00f6-4576-98fd-10c99e71f950", "time": "2022-10-26T21:57:53Z", "device_manufacturer": "samsung", "device_model": "SM-T870", "device_callsign": "Galaxy Tab S7 - Wagner", "mac_address": "02:00:00:00:00:00", "extension": "wav", "data_type": "audio", "sample_rate": 44100, "events": [{"classifications": ["knocking"], "confidences": [0.9722146987915039], "location": {"start": 0, "end": 9}, "labels": ["knocking"]}], "labels": ["knocking"], "confidences": [0.9722146987915039], "s3_bucket": "pi-zero-audio-data", "audio": "https://pi-zero-audio-data.s3.us-east-2.amazonaws.com/Galaxy_Tab_S7_-_Wagner/2022-12-01/knocking/2eb1cd4a-00f6-4576-98fd-10c99e71f950.wav", "object_key": "Galaxy_Tab_S7_-_Wagner/2022-12-01/knocking/2eb1cd4a-00f6-4576-98fd-10c99e71f950.wav", "json_key": "Galaxy_Tab_S7_-_Wagner/2022-12-01/knocking/2eb1cd4a-00f6-4576-98fd-10c99e71f950.json", "autolabels": {"YAMNet_aggregate": [{"location": {"start": 0.0, "end": 0.0}, "classifications": ["Silence"], "labels": ["Silence"], "confidences": [1.0], "model": "TF-YAMNet-V1", "inf_time": 0.053538}], "YAMNet": [{"location": {"start": 0.0, "end": 0.96}, "classifications": ["Silence"], "labels": ["Silence"], "confidences": [1.0], "model": "TF-YAMNet-V1", "inf_time": 0.053538}]}}