{"filename": "33fe5739-9d78-49b5-80c9-4da551c8d999", "time": "2022-10-18T21:11:17Z", "device_manufacturer": "samsung", "device_model": "SM-T870", "device_callsign": "Galaxy Tab S7 - Wagner", "mac_address": "02:00:00:00:00:00", "extension": "wav", "data_type": "audio", "sample_rate": 44100, "events": [{"classifications": ["knocking"], "confidences": [0.9765851497650146], "location": {"start": 0, "end": 22}, "labels": ["knocking"]}], "labels": ["knocking"], "confidences": [0.9765851497650146], "s3_bucket": "pi-zero-audio-data", "audio": "https://pi-zero-audio-data.s3.us-east-2.amazonaws.com/Galaxy_Tab_S7_-_Wagner/2022-12-01/knocking/33fe5739-9d78-49b5-80c9-4da551c8d999.wav", "object_key": "Galaxy_Tab_S7_-_Wagner/2022-12-01/knocking/33fe5739-9d78-49b5-80c9-4da551c8d999.wav", "json_key": "Galaxy_Tab_S7_-_Wagner/2022-12-01/knocking/33fe5739-9d78-49b5-80c9-4da551c8d999.json", "autolabels": {"YAMNet_aggregate": [{"location": {"start": 0.0, "end": 0.0}, "classifications": ["Silence"], "labels": ["Silence"], "confidences": [1.0], "model": "TF-YAMNet-V1", "inf_time": 0.033983}], "YAMNet": [{"location": {"start": 0.0, "end": 0.96}, "classifications": ["Silence"], "labels": ["Silence"], "confidences": [1.0], "model": "TF-YAMNet-V1", "inf_time": 0.033983}]}}