{"filename": "3c1620bc-fece-4a6f-a6df-0de0d5cf0c65", "time": "2022-10-20T17:43:06Z", "device_manufacturer": "samsung", "device_model": "SM-T870", "device_callsign": "Galaxy Tab S7 - Wagner", "mac_address": "02:00:00:00:00:00", "extension": "wav", "data_type": "audio", "sample_rate": 44100, "events": [{"classifications": ["knocking"], "confidences": [0.9622953534126282], "location": {"start": 0, "end": 8}, "labels": ["knocking"]}, {"classifications": ["likely_knocking"], "confidences": [0.7729288935661316], "location": {"start": 0, "end": 9}, "labels": ["knocking"]}], "labels": ["knocking", "likely_knocking"], "confidences": [0.9622953534126282, 0.7729288935661316], "s3_bucket": "pi-zero-audio-data", "audio": "https://pi-zero-audio-data.s3.us-east-2.amazonaws.com/Galaxy_Tab_S7_-_Wagner/2022-12-01/knocking/3c1620bc-fece-4a6f-a6df-0de0d5cf0c65.wav", "object_key": "Galaxy_Tab_S7_-_Wagner/2022-12-01/knocking/3c1620bc-fece-4a6f-a6df-0de0d5cf0c65.wav", "json_key": "Galaxy_Tab_S7_-_Wagner/2022-12-01/knocking/3c1620bc-fece-4a6f-a6df-0de0d5cf0c65.json", "autolabels": {"YAMNet_aggregate": [{"location": {"start": 0.0, "end": 0.0}, "classifications": ["Silence"], "labels": ["Silence"], "confidences": [1.0], "model": "TF-YAMNet-V1", "inf_time": 0.045621}], "YAMNet": [{"location": {"start": 0.0, "end": 0.96}, "classifications": ["Silence"], "labels": ["Silence"], "confidences": [1.0], "model": "TF-YAMNet-V1", "inf_time": 0.045621}]}}