{"filename": "6b79fd67-54a9-43e2-acab-19a6b09699fc", "time": "2022-10-20T17:43:01Z", "device_manufacturer": "samsung", "device_model": "SM-T870", "device_callsign": "Galaxy Tab S7 - Wagner", "mac_address": "02:00:00:00:00:00", "extension": "wav", "data_type": "audio", "sample_rate": 44100, "events": [{"classifications": ["knocking"], "confidences": [0.9988798499107361], "location": {"start": 0, "end": 10}, "labels": ["knocking"]}, {"classifications": ["knocking"], "confidences": [0.998873233795166], "location": {"start": 0, "end": 13}, "labels": ["knocking"]}, {"classifications": ["likely_knocking"], "confidences": [0.8098952174186707], "location": {"start": 0, "end": 15}, "labels": ["knocking"]}, {"classifications": ["voices"], "confidences": [0.9689003825187683], "location": {"start": 0, "end": 18}, "labels": ["voices"]}, {"classifications": ["voices"], "confidences": [0.91498202085495], "location": {"start": 0, "end": 9}, "labels": ["voices"]}], "labels": ["knocking", "likely_knocking", "voices"], "confidences": [0.9988798499107361, 0.8098952174186707, 0.9689003825187683], "s3_bucket": "pi-zero-audio-data", "audio": "https://pi-zero-audio-data.s3.us-east-2.amazonaws.com/Galaxy_Tab_S7_-_Wagner/2022-12-01/knocking/6b79fd67-54a9-43e2-acab-19a6b09699fc.wav", "object_key": "Galaxy_Tab_S7_-_Wagner/2022-12-01/knocking/6b79fd67-54a9-43e2-acab-19a6b09699fc.wav", "json_key": "Galaxy_Tab_S7_-_Wagner/2022-12-01/knocking/6b79fd67-54a9-43e2-acab-19a6b09699fc.json", "autolabels": {"YAMNet_aggregate": [{"location": {"start": 0.0, "end": 4.0}, "classifications": ["Door", "Sliding door", "Shuffle", "Inside, small room", "Bouncing"], "labels": ["Door", "Sliding door", "Shuffle", "Inside, small room", "Bouncing"], "confidences": [0.21716520190238953, 0.1884053647518158, 0.13461953401565552, 0.11228232085704803, 0.10169783979654312], "model": "TF-YAMNet-V1", "inf_time": 0.04674}], "YAMNet": [{"location": {"start": 0.0, "end": 0.96}, "classifications": ["Door", "Tap", "Sliding door"], "labels": ["Door", "Tap", "Sliding door"], "confidences": [0.3176365792751312, 0.1831996887922287, 0.12289349734783173], "model": "TF-YAMNet-V1", "inf_time": 0.005843}, {"location": {"start": 0.48, "end": 1.44}, "classifications": ["Bouncing", "Door", "Sliding door"], "labels": ["Bouncing", "Door", "Sliding door"], "confidences": [0.3819139301776886, 0.3650111258029938, 0.32925960421562195], "model": "TF-YAMNet-V1", "inf_time": 0.005843}, {"location": {"start": 0.96, "end": 1.92}, "classifications": ["Shuffle", "Door", "Bouncing"], "labels": ["Shuffle", "Door", "Bouncing"], "confidences": [0.42446938157081604, 0.3837021291255951, 0.31736308336257935], "model": "TF-YAMNet-V1", "inf_time": 0.005843}, {"location": {"start": 1.44, "end": 2.4}, "classifications": ["Inside, small room", "Vehicle", "Inside, large room or hall"], "labels": ["Inside, small room", "Vehicle", "Inside, large room or hall"], "confidences": [0.1376231610774994, 0.06483005732297897, 0.06323597580194473], "model": "TF-YAMNet-V1", "inf_time": 0.005843}, {"location": {"start": 1.92, "end": 2.88}, "classifications": ["Sliding door", "Door", "Inside, small room"], "labels": ["Sliding door", "Door", "Inside, small room"], "confidences": [0.15752358734607697, 0.1286444365978241, 0.10593780875205994], "model": "TF-YAMNet-V1", "inf_time": 0.005843}, {"location": {"start": 2.4, "end": 3.36}, "classifications": ["Shuffle", "Door", "Sliding door"], "labels": ["Shuffle", "Door", "Sliding door"], "confidences": [0.32068583369255066, 0.2564829885959625, 0.23646968603134155], "model": "TF-YAMNet-V1", "inf_time": 0.005843}, {"location": {"start": 2.88, "end": 3.84}, "classifications": ["Music"], "labels": ["Music"], "confidences": [0.0967380478978157], "model": "TF-YAMNet-V1", "inf_time": 0.005843}, {"location": {"start": 3.36, "end": 4.32}, "classifications": ["Sliding door", "Door", "Thump, thud"], "labels": ["Sliding door", "Door", "Thump, thud"], "confidences": [0.359765887260437, 0.2552989423274994, 0.16530022025108337], "model": "TF-YAMNet-V1", "inf_time": 0.005843}]}}