{"filename": "74b04247-d58b-49ce-acc8-e5893bc3fb20", "time": "2022-10-20T17:43:16Z", "device_manufacturer": "samsung", "device_model": "SM-T870", "device_callsign": "Galaxy Tab S7 - Wagner", "mac_address": "02:00:00:00:00:00", "extension": "wav", "data_type": "audio", "sample_rate": 44100, "events": [{"classifications": ["knocking"], "confidences": [0.9988346099853516], "location": {"start": 0, "end": 11}, "labels": ["knocking"]}, {"classifications": ["knocking"], "confidences": [0.9962121248245239], "location": {"start": 0, "end": 15}, "labels": ["knocking"]}, {"classifications": ["knocking"], "confidences": [0.9995898604393005], "location": {"start": 0, "end": 9}, "labels": ["knocking"]}], "labels": ["knocking"], "confidences": [0.9995898604393005], "s3_bucket": "pi-zero-audio-data", "audio": "https://pi-zero-audio-data.s3.us-east-2.amazonaws.com/Galaxy_Tab_S7_-_Wagner/2022-12-01/knocking/74b04247-d58b-49ce-acc8-e5893bc3fb20.wav", "object_key": "Galaxy_Tab_S7_-_Wagner/2022-12-01/knocking/74b04247-d58b-49ce-acc8-e5893bc3fb20.wav", "json_key": "Galaxy_Tab_S7_-_Wagner/2022-12-01/knocking/74b04247-d58b-49ce-acc8-e5893bc3fb20.json", "autolabels": {"YAMNet_aggregate": [{"location": {"start": 0.0, "end": 0.0}, "classifications": ["Silence"], "labels": ["Silence"], "confidences": [1.0], "model": "TF-YAMNet-V1", "inf_time": 0.058687}], "YAMNet": [{"location": {"start": 0.0, "end": 0.96}, "classifications": ["Silence"], "labels": ["Silence"], "confidences": [1.0], "model": "TF-YAMNet-V1", "inf_time": 0.058687}]}}