{"filename": "ac1b4d25-4eb1-46d1-883a-316b98203490", "time": "2022-10-27T19:05:15Z", "device_manufacturer": "samsung", "device_model": "SM-T870", "device_callsign": "Galaxy Tab S7 - Wagner", "mac_address": "02:00:00:00:00:00", "extension": "wav", "data_type": "audio", "sample_rate": 44100, "events": [{"classifications": ["knocking"], "confidences": [0.9577035307884216], "location": {"start": 0, "end": 9}, "labels": ["knocking"]}], "labels": ["knocking"], "confidences": [0.9577035307884216], "s3_bucket": "pi-zero-audio-data", "audio": "https://pi-zero-audio-data.s3.us-east-2.amazonaws.com/Galaxy_Tab_S7_-_Wagner/2022-12-01/knocking/ac1b4d25-4eb1-46d1-883a-316b98203490.wav", "object_key": "Galaxy_Tab_S7_-_Wagner/2022-12-01/knocking/ac1b4d25-4eb1-46d1-883a-316b98203490.wav", "json_key": "Galaxy_Tab_S7_-_Wagner/2022-12-01/knocking/ac1b4d25-4eb1-46d1-883a-316b98203490.json", "autolabels": {"YAMNet_aggregate": [{"location": {"start": 0.0, "end": 0.0}, "classifications": ["Silence"], "labels": ["Silence"], "confidences": [1.0], "model": "TF-YAMNet-V1", "inf_time": 0.037502}], "YAMNet": [{"location": {"start": 0.0, "end": 0.96}, "classifications": ["Silence"], "labels": ["Silence"], "confidences": [1.0], "model": "TF-YAMNet-V1", "inf_time": 0.037502}]}}