{"filename": "ae8c4f86-b1da-48d7-9d18-da819afb6669", "time": "2022-10-20T17:43:25Z", "device_manufacturer": "samsung", "device_model": "SM-T870", "device_callsign": "Galaxy Tab S7 - Wagner", "mac_address": "02:00:00:00:00:00", "extension": "wav", "data_type": "audio", "sample_rate": 44100, "events": [{"classifications": ["knocking"], "confidences": [0.9695709943771362], "location": {"start": 0, "end": 15}, "labels": ["knocking"]}, {"classifications": ["voices"], "confidences": [0.8756306767463684], "location": {"start": 0, "end": 7}, "labels": ["voices"]}], "labels": ["knocking", "voices"], "confidences": [0.9695709943771362, 0.8756306767463684], "s3_bucket": "pi-zero-audio-data", "audio": "https://pi-zero-audio-data.s3.us-east-2.amazonaws.com/Galaxy_Tab_S7_-_Wagner/2022-12-01/knocking/ae8c4f86-b1da-48d7-9d18-da819afb6669.wav", "object_key": "Galaxy_Tab_S7_-_Wagner/2022-12-01/knocking/ae8c4f86-b1da-48d7-9d18-da819afb6669.wav", "json_key": "Galaxy_Tab_S7_-_Wagner/2022-12-01/knocking/ae8c4f86-b1da-48d7-9d18-da819afb6669.json", "autolabels": {"YAMNet_aggregate": [{"location": {"start": 0.0, "end": 2.0}, "classifications": ["Thunk", "Sliding door", "Door", "Cupboard open or close", "Bouncing"], "labels": ["Thunk", "Sliding door", "Door", "Cupboard open or close", "Bouncing"], "confidences": [0.21158534288406372, 0.1996411383152008, 0.15393126010894775, 0.13526757061481476, 0.12424400448799133], "model": "TF-YAMNet-V1", "inf_time": 0.048834}], "YAMNet": [{"location": {"start": 0.0, "end": 0.96}, "classifications": ["Music", "Sliding door", "Inside, large room or hall"], "labels": ["Music", "Sliding door", "Inside, large room or hall"], "confidences": [0.09457195550203323, 0.08700069040060043, 0.07936149090528488], "model": "TF-YAMNet-V1", "inf_time": 0.012208}, {"location": {"start": 0.48, "end": 1.44}, "classifications": ["Speech", "Inside, large room or hall", "Inside, small room"], "labels": ["Speech", "Inside, large room or hall", "Inside, small room"], "confidences": [0.21549098193645477, 0.07092557102441788, 0.07027396559715271], "model": "TF-YAMNet-V1", "inf_time": 0.012208}, {"location": {"start": 0.96, "end": 1.92}, "classifications": ["Sliding door", "Cupboard open or close", "Bouncing"], "labels": ["Sliding door", "Cupboard open or close", "Bouncing"], "confidences": [0.6364130973815918, 0.5394404530525208, 0.4947289824485779], "model": "TF-YAMNet-V1", "inf_time": 0.012208}, {"location": {"start": 1.44, "end": 2.4}, "classifications": ["Thunk", "Thump, thud", "Arrow"], "labels": ["Thunk", "Thump, thud", "Arrow"], "confidences": [0.5439743399620056, 0.3113173246383667, 0.12912455201148987], "model": "TF-YAMNet-V1", "inf_time": 0.012208}]}}