{"filename": "b1567883-38f1-4123-a05c-6cadb472d057", "time": "2022-10-20T17:43:09Z", "device_manufacturer": "samsung", "device_model": "SM-T870", "device_callsign": "Galaxy Tab S7 - Wagner", "mac_address": "02:00:00:00:00:00", "extension": "wav", "data_type": "audio", "sample_rate": 44100, "events": [{"classifications": ["knocking"], "confidences": [0.952085018157959], "location": {"start": 0, "end": 16}, "labels": ["knocking"]}, {"classifications": ["knocking"], "confidences": [0.9817169904708862], "location": {"start": 0, "end": 16}, "labels": ["knocking"]}, {"classifications": ["likely_knocking"], "confidences": [0.5823467373847961], "location": {"start": 0, "end": 7}, "labels": ["knocking"]}, {"classifications": ["likely_knocking"], "confidences": [0.5398683547973633], "location": {"start": 0, "end": 5}, "labels": ["knocking"]}, {"classifications": ["knocking"], "confidences": [0.9989334344863892], "location": {"start": 0, "end": 12}, "labels": ["knocking"]}, {"classifications": ["knocking"], "confidences": [0.9783675670623779], "location": {"start": 0, "end": 15}, "labels": ["knocking"]}, {"classifications": ["likely_knocking"], "confidences": [0.6125010848045349], "location": {"start": 0, "end": 9}, "labels": ["knocking"]}], "labels": ["knocking", "likely_knocking"], "confidences": [0.9989334344863892, 0.6125010848045349], "s3_bucket": "pi-zero-audio-data", "audio": "https://pi-zero-audio-data.s3.us-east-2.amazonaws.com/Galaxy_Tab_S7_-_Wagner/2022-12-01/knocking/b1567883-38f1-4123-a05c-6cadb472d057.wav", "object_key": "Galaxy_Tab_S7_-_Wagner/2022-12-01/knocking/b1567883-38f1-4123-a05c-6cadb472d057.wav", "json_key": "Galaxy_Tab_S7_-_Wagner/2022-12-01/knocking/b1567883-38f1-4123-a05c-6cadb472d057.json", "autolabels": {"YAMNet_aggregate": [{"location": {"start": 0.0, "end": 0.0}, "classifications": ["Silence"], "labels": ["Silence"], "confidences": [1.0], "model": "TF-YAMNet-V1", "inf_time": 0.056954}], "YAMNet": [{"location": {"start": 0.0, "end": 0.96}, "classifications": ["Silence"], "labels": ["Silence"], "confidences": [1.0], "model": "TF-YAMNet-V1", "inf_time": 0.056954}]}}