{"filename": "d48c30d7-229b-43f4-912e-00887249c575", "time": "2022-10-27T21:03:37Z", "device_manufacturer": "samsung", "device_model": "SM-T870", "device_callsign": "Galaxy Tab S7 - Wagner", "mac_address": "02:00:00:00:00:00", "extension": "wav", "data_type": "audio", "sample_rate": 44100, "events": [{"classifications": ["knocking"], "confidences": [0.8503932952880859], "location": {"start": 0, "end": 9}, "labels": ["knocking"]}], "labels": ["knocking"], "confidences": [0.8503932952880859], "s3_bucket": "pi-zero-audio-data", "audio": "https://pi-zero-audio-data.s3.us-east-2.amazonaws.com/Galaxy_Tab_S7_-_Wagner/2022-12-01/knocking/d48c30d7-229b-43f4-912e-00887249c575.wav", "object_key": "Galaxy_Tab_S7_-_Wagner/2022-12-01/knocking/d48c30d7-229b-43f4-912e-00887249c575.wav", "json_key": "Galaxy_Tab_S7_-_Wagner/2022-12-01/knocking/d48c30d7-229b-43f4-912e-00887249c575.json", "autolabels": {"YAMNet_aggregate": [{"location": {"start": 0.0, "end": 0.0}, "classifications": ["Silence"], "labels": ["Silence"], "confidences": [1.0], "model": "TF-YAMNet-V1", "inf_time": 0.037943}], "YAMNet": [{"location": {"start": 0.0, "end": 0.96}, "classifications": ["Silence"], "labels": ["Silence"], "confidences": [1.0], "model": "TF-YAMNet-V1", "inf_time": 0.037943}]}}