{"filename": "d722137d-58d2-42e0-83a3-773881f09684", "time": "2022-10-26T20:10:57Z", "device_manufacturer": "samsung", "device_model": "SM-T870", "device_callsign": "Galaxy Tab S7 - Wagner", "mac_address": "02:00:00:00:00:00", "extension": "wav", "data_type": "audio", "sample_rate": 44100, "events": [{"classifications": ["knocking"], "confidences": [0.9675078392028809], "location": {"start": 0, "end": 12}, "labels": ["knocking"]}], "labels": ["knocking"], "confidences": [0.9675078392028809], "s3_bucket": "pi-zero-audio-data", "audio": "https://pi-zero-audio-data.s3.us-east-2.amazonaws.com/Galaxy_Tab_S7_-_Wagner/2022-12-01/knocking/d722137d-58d2-42e0-83a3-773881f09684.wav", "object_key": "Galaxy_Tab_S7_-_Wagner/2022-12-01/knocking/d722137d-58d2-42e0-83a3-773881f09684.wav", "json_key": "Galaxy_Tab_S7_-_Wagner/2022-12-01/knocking/d722137d-58d2-42e0-83a3-773881f09684.json", "autolabels": {"YAMNet_aggregate": [{"location": {"start": 0.0, "end": 0.0}, "classifications": ["Silence"], "labels": ["Silence"], "confidences": [1.0], "model": "TF-YAMNet-V1", "inf_time": 0.053061}], "YAMNet": [{"location": {"start": 0.0, "end": 0.96}, "classifications": ["Silence"], "labels": ["Silence"], "confidences": [1.0], "model": "TF-YAMNet-V1", "inf_time": 0.053061}]}}