{"filename": "de422db6-476a-463b-8f14-64957449633a", "time": "2022-10-27T17:37:52Z", "device_manufacturer": "samsung", "device_model": "SM-T870", "device_callsign": "Galaxy Tab S7 - Wagner", "mac_address": "02:00:00:00:00:00", "extension": "wav", "data_type": "audio", "sample_rate": 44100, "events": [{"classifications": ["knocking"], "confidences": [0.8706169128417969], "location": {"start": 0, "end": 19}, "labels": ["knocking"]}], "labels": ["knocking"], "confidences": [0.8706169128417969], "s3_bucket": "pi-zero-audio-data", "audio": "https://pi-zero-audio-data.s3.us-east-2.amazonaws.com/Galaxy_Tab_S7_-_Wagner/2022-12-01/knocking/de422db6-476a-463b-8f14-64957449633a.wav", "object_key": "Galaxy_Tab_S7_-_Wagner/2022-12-01/knocking/de422db6-476a-463b-8f14-64957449633a.wav", "json_key": "Galaxy_Tab_S7_-_Wagner/2022-12-01/knocking/de422db6-476a-463b-8f14-64957449633a.json", "autolabels": {"YAMNet_aggregate": [{"location": {"start": 0.0, "end": 0.0}, "classifications": ["Silence"], "labels": ["Silence"], "confidences": [1.0], "model": "TF-YAMNet-V1", "inf_time": 0.037402}], "YAMNet": [{"location": {"start": 0.0, "end": 0.96}, "classifications": ["Silence"], "labels": ["Silence"], "confidences": [1.0], "model": "TF-YAMNet-V1", "inf_time": 0.037402}]}}