{"filename": "df5a7d15-19c2-4559-bb2a-8a4b521b479b", "time": "2022-10-20T17:44:09Z", "device_manufacturer": "samsung", "device_model": "SM-T870", "device_callsign": "Galaxy Tab S7 - Wagner", "mac_address": "02:00:00:00:00:00", "extension": "wav", "data_type": "audio", "sample_rate": 44100, "events": [{"classifications": ["knocking"], "confidences": [0.9226859211921692], "location": {"start": 0, "end": 15}, "labels": ["knocking"]}], "labels": ["knocking"], "confidences": [0.9226859211921692], "s3_bucket": "pi-zero-audio-data", "audio": "https://pi-zero-audio-data.s3.us-east-2.amazonaws.com/Galaxy_Tab_S7_-_Wagner/2022-12-01/knocking/df5a7d15-19c2-4559-bb2a-8a4b521b479b.wav", "object_key": "Galaxy_Tab_S7_-_Wagner/2022-12-01/knocking/df5a7d15-19c2-4559-bb2a-8a4b521b479b.wav", "json_key": "Galaxy_Tab_S7_-_Wagner/2022-12-01/knocking/df5a7d15-19c2-4559-bb2a-8a4b521b479b.json", "autolabels": {"YAMNet_aggregate": [{"location": {"start": 0.0, "end": 0.0}, "classifications": ["Silence"], "labels": ["Silence"], "confidences": [1.0], "model": "TF-YAMNet-V1", "inf_time": 0.03819}], "YAMNet": [{"location": {"start": 0.0, "end": 0.96}, "classifications": ["Silence"], "labels": ["Silence"], "confidences": [1.0], "model": "TF-YAMNet-V1", "inf_time": 0.03819}]}}