{"filename": "e3a786b0-a723-4669-99bb-17bdf3bc729b", "time": "2022-10-27T20:59:45Z", "device_manufacturer": "samsung", "device_model": "SM-T870", "device_callsign": "Galaxy Tab S7 - Wagner", "mac_address": "02:00:00:00:00:00", "extension": "wav", "data_type": "audio", "sample_rate": 44100, "events": [{"classifications": ["knocking"], "confidences": [0.9870954751968384], "location": {"start": 0, "end": 12}, "labels": ["knocking"]}], "labels": ["knocking"], "confidences": [0.9870954751968384], "s3_bucket": "pi-zero-audio-data", "audio": "https://pi-zero-audio-data.s3.us-east-2.amazonaws.com/Galaxy_Tab_S7_-_Wagner/2022-12-01/knocking/e3a786b0-a723-4669-99bb-17bdf3bc729b.wav", "object_key": "Galaxy_Tab_S7_-_Wagner/2022-12-01/knocking/e3a786b0-a723-4669-99bb-17bdf3bc729b.wav", "json_key": "Galaxy_Tab_S7_-_Wagner/2022-12-01/knocking/e3a786b0-a723-4669-99bb-17bdf3bc729b.json", "autolabels": {"YAMNet_aggregate": [{"location": {"start": 0.0, "end": 0.0}, "classifications": ["Silence"], "labels": ["Silence"], "confidences": [1.0], "model": "TF-YAMNet-V1", "inf_time": 0.039919}], "YAMNet": [{"location": {"start": 0.0, "end": 0.96}, "classifications": ["Silence"], "labels": ["Silence"], "confidences": [1.0], "model": "TF-YAMNet-V1", "inf_time": 0.039919}]}}