{"filename": "eddf8991-850d-461f-a991-f2c7ff8495dd", "time": "2022-10-20T17:42:48Z", "device_manufacturer": "samsung", "device_model": "SM-T870", "device_callsign": "Galaxy Tab S7 - Wagner", "mac_address": "02:00:00:00:00:00", "extension": "wav", "data_type": "audio", "sample_rate": 44100, "events": [{"classifications": ["knocking"], "confidences": [0.9634352326393127], "location": {"start": 0, "end": 8}, "labels": ["knocking"]}, {"classifications": ["likely_knocking"], "confidences": [0.6196506023406982], "location": {"start": 0, "end": 14}, "labels": ["knocking"]}, {"classifications": ["knocking"], "confidences": [0.9981812238693237], "location": {"start": 0, "end": 19}, "labels": ["knocking"]}, {"classifications": ["knocking"], "confidences": [0.984852135181427], "location": {"start": 0, "end": 9}, "labels": ["knocking"]}, {"classifications": ["knocking"], "confidences": [0.9607658982276917], "location": {"start": 0, "end": 17}, "labels": ["knocking"]}, {"classifications": ["knocking"], "confidences": [0.989704966545105], "location": {"start": 0, "end": 8}, "labels": ["knocking"]}, {"classifications": ["knocking"], "confidences": [0.999209463596344], "location": {"start": 0, "end": 9}, "labels": ["knocking"]}, {"classifications": ["knocking"], "confidences": [0.9995321035385132], "location": {"start": 0, "end": 11}, "labels": ["knocking"]}, {"classifications": ["knocking"], "confidences": [0.9997239112854004], "location": {"start": 0, "end": 9}, "labels": ["knocking"]}, {"classifications": ["knocking"], "confidences": [0.9872960448265076], "location": {"start": 0, "end": 8}, "labels": ["knocking"]}, {"classifications": ["voices"], "confidences": [0.9953882098197937], "location": {"start": 0, "end": 11}, "labels": ["voices"]}, {"classifications": ["voices"], "confidences": [0.9512236714363098], "location": {"start": 0, "end": 8}, "labels": ["voices"]}, {"classifications": ["likely_voices"], "confidences": [0.7742504477500916], "location": {"start": 0, "end": 15}, "labels": ["voices"]}], "labels": ["knocking", "likely_knocking", "voices", "likely_voices"], "confidences": [0.9997239112854004, 0.6196506023406982, 0.9953882098197937, 0.7742504477500916], "s3_bucket": "pi-zero-audio-data", "audio": "https://pi-zero-audio-data.s3.us-east-2.amazonaws.com/Galaxy_Tab_S7_-_Wagner/2022-12-01/knocking/eddf8991-850d-461f-a991-f2c7ff8495dd.wav", "object_key": "Galaxy_Tab_S7_-_Wagner/2022-12-01/knocking/eddf8991-850d-461f-a991-f2c7ff8495dd.wav", "json_key": "Galaxy_Tab_S7_-_Wagner/2022-12-01/knocking/eddf8991-850d-461f-a991-f2c7ff8495dd.json", "autolabels": {"YAMNet_aggregate": [{"location": {"start": 0.0, "end": 6.0}, "classifications": ["Inside, small room", "Animal", "Bird", "Pigeon, dove", "Wild animals"], "labels": ["Inside, small room", "Animal", "Bird", "Pigeon, dove", "Wild animals"], "confidences": [0.12552176415920258, 0.10969250649213791, 0.10443783551454544, 0.10377021878957748, 0.10028498619794846], "model": "TF-YAMNet-V1", "inf_time": 0.058572}], "YAMNet": [{"location": {"start": 0.0, "end": 0.96}, "classifications": ["Inside, small room", "Door", "Sliding door"], "labels": ["Inside, small room", "Door", "Sliding door"], "confidences": [0.2050299495458603, 0.0995192900300026, 0.07081277668476105], "model": "TF-YAMNet-V1", "inf_time": 0.004881}, {"location": {"start": 0.48, "end": 1.44}, "classifications": ["Inside, small room", "Pigeon, dove", "Animal"], "labels": ["Inside, small room", "Pigeon, dove", "Animal"], "confidences": [0.23856495320796967, 0.10019411891698837, 0.09569333493709564], "model": "TF-YAMNet-V1", "inf_time": 0.004881}, {"location": {"start": 0.96, "end": 1.92}, "classifications": ["Inside, small room", "Inside, large room or hall", "Mechanisms"], "labels": ["Inside, small room", "Inside, large room or hall", "Mechanisms"], "confidences": [0.181892991065979, 0.07288630306720734, 0.06253386288881302], "model": "TF-YAMNet-V1", "inf_time": 0.004881}, {"location": {"start": 1.44, "end": 2.4}, "classifications": ["Pigeon, dove", "Wild animals", "Bird"], "labels": ["Pigeon, dove", "Wild animals", "Bird"], "confidences": [0.1704198569059372, 0.14461944997310638, 0.1425575166940689], "model": "TF-YAMNet-V1", "inf_time": 0.004881}, {"location": {"start": 1.92, "end": 2.88}, "classifications": ["Music", "Percussion", "Musical instrument"], "labels": ["Music", "Percussion", "Musical instrument"], "confidences": [0.3886639475822449, 0.09141574054956436, 0.072335384786129], "model": "TF-YAMNet-V1", "inf_time": 0.004881}, {"location": {"start": 2.4, "end": 3.36}, "classifications": ["Vehicle", "Rail transport", "Train"], "labels": ["Vehicle", "Rail transport", "Train"], "confidences": [0.14145375788211823, 0.13286305963993073, 0.13152995705604553], "model": "TF-YAMNet-V1", "inf_time": 0.004881}, {"location": {"start": 2.88, "end": 3.84}, "classifications": ["Inside, small room", "Pigeon, dove", "Animal"], "labels": ["Inside, small room", "Pigeon, dove", "Animal"], "confidences": [0.18054893612861633, 0.1054963544011116, 0.08206412196159363], "model": "TF-YAMNet-V1", "inf_time": 0.004881}, {"location": {"start": 3.36, "end": 4.32}, "classifications": ["Rail transport", "Train", "Vehicle"], "labels": ["Rail transport", "Train", "Vehicle"], "confidences": [0.2961590588092804, 0.28925150632858276, 0.19499704241752625], "model": "TF-YAMNet-V1", "inf_time": 0.004881}, {"location": {"start": 3.84, "end": 4.8}, "classifications": ["Bird", "Wild animals", "Animal"], "labels": ["Bird", "Wild animals", "Animal"], "confidences": [0.8628523349761963, 0.8272276520729065, 0.8028490543365479], "model": "TF-YAMNet-V1", "inf_time": 0.004881}, {"location": {"start": 4.32, "end": 5.28}, "classifications": ["Inside, small room", "Inside, large room or hall", "Door"], "labels": ["Inside, small room", "Inside, large room or hall", "Door"], "confidences": [0.13680818676948547, 0.06097741797566414, 0.05058126151561737], "model": "TF-YAMNet-V1", "inf_time": 0.004881}, {"location": {"start": 4.8, "end": 5.76}, "classifications": ["Inside, small room", "Door", "Inside, large room or hall"], "labels": ["Inside, small room", "Door", "Inside, large room or hall"], "confidences": [0.1908072531223297, 0.13818375766277313, 0.13557037711143494], "model": "TF-YAMNet-V1", "inf_time": 0.004881}, {"location": {"start": 5.28, "end": 6.24}, "classifications": ["Sliding door", "Thunk", "Thump, thud"], "labels": ["Sliding door", "Thunk", "Thump, thud"], "confidences": [0.5775353908538818, 0.39828598499298096, 0.3217358887195587], "model": "TF-YAMNet-V1", "inf_time": 0.004881}]}}