{"filename": "ee765028-17da-4ca4-9d1a-12b012c9dca2", "time": "2022-10-20T17:49:43Z", "device_manufacturer": "samsung", "device_model": "SM-T870", "device_callsign": "Galaxy Tab S7 - Wagner", "mac_address": "02:00:00:00:00:00", "extension": "wav", "data_type": "audio", "sample_rate": 44100, "events": [{"classifications": ["likely_knocking"], "confidences": [0.7818225622177124], "location": {"start": 0, "end": 15}, "labels": ["knocking"]}, {"classifications": ["knocking"], "confidences": [0.9774306416511536], "location": {"start": 0, "end": 8}, "labels": ["knocking"]}, {"classifications": ["knocking"], "confidences": [0.9448842406272888], "location": {"start": 0, "end": 16}, "labels": ["knocking"]}, {"classifications": ["knocking"], "confidences": [0.9948588013648987], "location": {"start": 0, "end": 17}, "labels": ["knocking"]}], "labels": ["likely_knocking", "knocking"], "confidences": [0.7818225622177124, 0.9948588013648987], "s3_bucket": "pi-zero-audio-data", "audio": "https://pi-zero-audio-data.s3.us-east-2.amazonaws.com/Galaxy_Tab_S7_-_Wagner/2022-12-01/knocking/ee765028-17da-4ca4-9d1a-12b012c9dca2.wav", "object_key": "Galaxy_Tab_S7_-_Wagner/2022-12-01/knocking/ee765028-17da-4ca4-9d1a-12b012c9dca2.wav", "json_key": "Galaxy_Tab_S7_-_Wagner/2022-12-01/knocking/ee765028-17da-4ca4-9d1a-12b012c9dca2.json", "autolabels": {"YAMNet_aggregate": [{"location": {"start": 0.0, "end": 6.0}, "classifications": ["Inside, small room", "Printer", "Mechanisms"], "labels": ["Inside, small room", "Printer", "Mechanisms"], "confidences": [0.24173112213611603, 0.20199383795261383, 0.13419829308986664], "model": "TF-YAMNet-V1", "inf_time": 0.057505}], "YAMNet": [{"location": {"start": 0.0, "end": 0.96}, "classifications": ["Printer", "Inside, small room", "Mechanisms"], "labels": ["Printer", "Inside, small room", "Mechanisms"], "confidences": [0.26473453640937805, 0.14511798322200775, 0.09976394474506378], "model": "TF-YAMNet-V1", "inf_time": 0.004792}, {"location": {"start": 0.48, "end": 1.44}, "classifications": ["Printer", "Rail transport", "Inside, small room"], "labels": ["Printer", "Rail transport", "Inside, small room"], "confidences": [0.21542806923389435, 0.14591315388679504, 0.13651034235954285], "model": "TF-YAMNet-V1", "inf_time": 0.004792}, {"location": {"start": 0.96, "end": 1.92}, "classifications": ["Inside, small room", "Printer", "Wood"], "labels": ["Inside, small room", "Printer", "Wood"], "confidences": [0.37928175926208496, 0.13877278566360474, 0.07300234586000443], "model": "TF-YAMNet-V1", "inf_time": 0.004792}, {"location": {"start": 1.44, "end": 2.4}, "classifications": ["Inside, small room"], "labels": ["Inside, small room"], "confidences": [0.38866177201271057], "model": "TF-YAMNet-V1", "inf_time": 0.004792}, {"location": {"start": 1.92, "end": 2.88}, "classifications": ["Inside, small room", "Inside, large room or hall"], "labels": ["Inside, small room", "Inside, large room or hall"], "confidences": [0.304677814245224, 0.08449108898639679], "model": "TF-YAMNet-V1", "inf_time": 0.004792}, {"location": {"start": 2.4, "end": 3.36}, "classifications": ["Printer", "Mechanisms", "Inside, small room"], "labels": ["Printer", "Mechanisms", "Inside, small room"], "confidences": [0.6688777208328247, 0.4013059735298157, 0.345975786447525], "model": "TF-YAMNet-V1", "inf_time": 0.004792}, {"location": {"start": 2.88, "end": 3.84}, "classifications": ["Inside, small room", "Mechanisms", "Printer"], "labels": ["Inside, small room", "Mechanisms", "Printer"], "confidences": [0.19398553669452667, 0.15585468709468842, 0.15229462087154388], "model": "TF-YAMNet-V1", "inf_time": 0.004792}, {"location": {"start": 3.36, "end": 4.32}, "classifications": ["Inside, small room", "Speech", "Tools"], "labels": ["Inside, small room", "Speech", "Tools"], "confidences": [0.18869757652282715, 0.058929044753313065, 0.0552353709936142], "model": "TF-YAMNet-V1", "inf_time": 0.004792}, {"location": {"start": 3.84, "end": 4.8}, "classifications": ["Printer", "Mechanisms", "Inside, small room"], "labels": ["Printer", "Mechanisms", "Inside, small room"], "confidences": [0.857577383518219, 0.622370719909668, 0.2332037389278412], "model": "TF-YAMNet-V1", "inf_time": 0.004792}, {"location": {"start": 4.32, "end": 5.28}, "classifications": ["Inside, small room", "Squish", "Mechanisms"], "labels": ["Inside, small room", "Squish", "Mechanisms"], "confidences": [0.19476406276226044, 0.1072201281785965, 0.09208390861749649], "model": "TF-YAMNet-V1", "inf_time": 0.004792}, {"location": {"start": 4.8, "end": 5.76}, "classifications": ["Inside, small room", "White noise", "Silence"], "labels": ["Inside, small room", "White noise", "Silence"], "confidences": [0.30637863278388977, 0.06783127784729004, 0.05579545348882675], "model": "TF-YAMNet-V1", "inf_time": 0.004792}, {"location": {"start": 5.28, "end": 6.24}, "classifications": ["Sliding door", "Rustle", "Whoosh, swoosh, swish"], "labels": ["Sliding door", "Rustle", "Whoosh, swoosh, swish"], "confidences": [0.301792711019516, 0.206889808177948, 0.16488409042358398], "model": "TF-YAMNet-V1", "inf_time": 0.004792}]}}