{"filename": "efd5930f-b8c2-43fc-b016-5c182fc188ac", "time": "2022-10-18T21:11:04Z", "device_manufacturer": "samsung", "device_model": "SM-T870", "device_callsign": "Galaxy Tab S7 - Wagner", "mac_address": "02:00:00:00:00:00", "extension": "wav", "data_type": "audio", "sample_rate": 44100, "events": [{"classifications": ["knocking"], "confidences": [0.9999942779541016], "location": {"start": 0, "end": 35}, "labels": ["knocking"]}, {"classifications": ["knocking"], "confidences": [0.9999935030937195], "location": {"start": 0, "end": 11}, "labels": ["knocking"]}, {"classifications": ["knocking"], "confidences": [0.999945342540741], "location": {"start": 0, "end": 11}, "labels": ["knocking"]}, {"classifications": ["knocking"], "confidences": [0.9999943971633911], "location": {"start": 0, "end": 12}, "labels": ["knocking"]}, {"classifications": ["knocking"], "confidences": [0.9978609681129456], "location": {"start": 0, "end": 12}, "labels": ["knocking"]}, {"classifications": ["knocking"], "confidences": [0.9998272657394409], "location": {"start": 0, "end": 12}, "labels": ["knocking"]}, {"classifications": ["knocking"], "confidences": [0.9994520545005798], "location": {"start": 0, "end": 21}, "labels": ["knocking"]}, {"classifications": ["likely_knocking"], "confidences": [0.7276404500007629], "location": {"start": 0, "end": 13}, "labels": ["knocking"]}], "labels": ["knocking", "likely_knocking"], "confidences": [0.9999943971633911, 0.7276404500007629], "s3_bucket": "pi-zero-audio-data", "audio": "https://pi-zero-audio-data.s3.us-east-2.amazonaws.com/Galaxy_Tab_S7_-_Wagner/2022-12-01/knocking/efd5930f-b8c2-43fc-b016-5c182fc188ac.wav", "object_key": "Galaxy_Tab_S7_-_Wagner/2022-12-01/knocking/efd5930f-b8c2-43fc-b016-5c182fc188ac.wav", "json_key": "Galaxy_Tab_S7_-_Wagner/2022-12-01/knocking/efd5930f-b8c2-43fc-b016-5c182fc188ac.json", "autolabels": {"YAMNet_aggregate": [{"location": {"start": 0.0, "end": 0.0}, "classifications": ["Silence"], "labels": ["Silence"], "confidences": [1.0], "model": "TF-YAMNet-V1", "inf_time": 0.042289}], "YAMNet": [{"location": {"start": 0.0, "end": 0.96}, "classifications": ["Silence"], "labels": ["Silence"], "confidences": [1.0], "model": "TF-YAMNet-V1", "inf_time": 0.042289}]}}